Order_ID,Order_Date,Retailer,Region,State,Product,Sales_Method,Price_per_Unit,Units_Sold,Total_Sales
105432,19-11-2023,West Gear,Southeast,Georgia,Women's Apparel,Outlet,19.46,25.0,
104772,22/06/2022,Sports Direct,West,Arizona,Women's Athletic Footwear,Outlet,37.69,37.0,1394.53
101386,04/09/2023,West Gear,South,Texas,Women's Street Footwear,In-store,42.2,30.0,1266.0
108092,12/09/2022,Kohl's,Midwest,Michigan,Kids' Footwear,Online,26.17,26.0,680.42
109203,15-10-2024,FOOT LOCKER,West,Arizona,Men's Apparel,Outlet,15.51,73.0,
100903,18 Apr 2022,Amazon,WEST,Washington,Kids' Footwear,Online,49.28,25.0,1232.0
102153,2023-06-09,Amazon,South,Oklahoma,Men's Athletic Footwear,IN-STORE,50.67,25.0,1266.75
109460,25/11/2023,Walmart,Midwest,Illinois,Women's Athletic Footwear,outlet,88.42,34.0,3006.28
101329,2022-11-01,J.D. Sports,MIDWEST,Illinois,Accessories,Online,54.71,1.0,54.71
108978,31 Oct 2023,West Gear,Southeast,North Carolina,Men's Athletic Footwear,In-store,49.38,48.0,
109513,2022-11-24,  Foot Locker ,Midwest,Ohio,Mens Apparel,In-store,44.36,19.0,842.84
108576,02-02-2023,Walmart,Northeast,New Jersey,Kids' Footwear,Outlet,48.78,57.0,2780.46
102584,2023-11-04,Adidas Online Store,Southeast,Virginia,Women's Athletic Footwear,Online,60.43,70.0,4230.1
109016,17-04-2022,J.D. Sports,Southeast,Georgia,Accessories,Online,63.79,11.0,701.69
107382,2022-07-16,amazon,WEST,California,Men's Street Footwear,Online,100.56,21.0,2111.76
106359,29/11/2024,Walmart,Midwest,Ohio,Women's Apparel,Outlet,56.01,19.0,1064.19
107148,2022-04-11,West Gear,Northeast,Massachusetts,Accessories,In-store,63.27,20.0,1898.1000000000001
104068,16/05/2023,j.d. sports,Northeast,Massachusetts,Men's Athletic Footwear,In-store,71.42,38.0,2713.96
104746,01/25/2023,Sports Direct,Northeast,Massachusetts,Kids' Footwear, Online,13.58,42.0,570.36
106493,21-08-2022,Amazon,West,Arizona,Outdoor Footwear,Outlet,42.12,20.0,842.4
107290,23/08/2023,Walmart,NORTHEAST,New York,Women's Athletic Footwear,Online,62.11,36.0,2235.96
107366,25 Nov 2023,J.D. Sports,South,Louisiana,Women's Athletic Footwear,Online,54.34,72.0,3912.48
105880,25/11/2024,West Gear,South,Louisiana,Kids' Apparel, Online,72.97,42.0,3064.74
104038,11/06/2024,Foot Locker,West,Oregon,Women's Street Footwear,in-store,87.88,57.0,5009.16
101961,06/02/2024,Kohl's,South,Tennessee,Accessories,In-store,30.13,28.0,843.64
108858,22/09/2022,Walmart,Southeast,Georgia,Women's Apparel,outlet,40.35,52.0,2098.2
103887,30-06-2024,Walmart,Southeast,North Carolina,Women's Street Footwear,Outlet,41.25,54.0,2227.5
100113,01-03-2022,kohl's,South,Louisiana,Women's Apparel,Outlet,34.2,35.0,1197.0
101310,01/07/2024,Sports Direct,MIDWEST,Ohio,Kids' Apparel,In-store,78.02,9.0,702.18
108734,2023-07-13,Sports Direct,Northeast,Pennsylvania,Kids' Apparel,ONLINE,44.13,69.0,
102778,13/02/2022,Kohl's,Northeast,Massachusetts,Women's Street Footwear,Online,82.55,58.0,4787.9
101075,12 Sep 2023,Walmart,West,Washington,Kids' Footwear,In-store,51.12,13.0,664.56
106668,22-02-2022,Adidas Online Store,South,Tennessee,Women's Apparel,Online,36.67,34.0,1246.78
108151,05/19/2023,J.D. Sports,Northeast,New York,Men's Street Footwear,Online,39.27,,2120.58
102931,12/02/2024,Amazon,South,Louisiana,Men's Street Footwear,In-store,53.61,9.0,482.49
104014,2023-09-18,J.D. Sports,Midwest,Michigan,Kids' Footwear,In-store,45.65,6.0,273.9
103212,03-06-2024,J.D. Sports,Midwest,Illinois,Women's Street Footwear,In-store,89.13,48.0,4278.24
103606,2022-04-27,Sports Direct,NORTHEAST,New York,Men's Street Footwear,In-store,33.16,20.0,663.2
100656,11/11/2022,Kohl's,West,Washington,Men's Athletic Footwear,In-store,48.14,47.0,2262.58
105013,06/23/2022,J.D. Sports,Northeast,Pennsylvania,Mens Athletic Footwear,Online,46.94,67.0,
106116,2023-10-30,Adidas Online Store,West,California,Kids' Apparel,Online,46.25,13.0,601.25
100775,10/19/2022,West Gear,Northeast,New York,Women's Apparel,in-store,66.84,57.0,3809.88
103285,24 Sep 2023,Walmart,West,California,Men's Apparel,,50.64,23.0,1747.08
106610,02 May 2023,Amazon,WEST,  Arizona  ,Kids' Footwear,Online,90.51,20.0,1810.2
104486,11/10/2024,ADIDAS ONLINE STORE,West,California,Men's Street Footwear,Outlet,55.58,62.0,3445.96
104701,08/25/2024,West Gear,West,California,Outdoor Footwear,In-store,77.39,1.0,77.39
104679,26 Nov 2022,Foot Locker,South,Louisiana,Outdoor Footwear,IN-STORE,49.93,33.0,1647.69
100900,2023-11-28,Foot Locker,South,Tennessee,Men's Athletic Footwear,In-store,37.77,,1548.57
105452,12-09-2023,Kohl's,Midwest,Illinois,Kids' Apparel,Online,52.99,26.0,1377.74
105235,2024-09-24,Foot Locker,Midwest,Ohio,Accessories,Outlet,52.06,59.0,3071.54
107026,22/07/2022,J.D. Sports,Midwest,Illinois,Women's Athletic Footwear,Outlet,70.13,20.0,1402.6
109028,18/12/2022,Kohl's,Northeast,Pennsylvania,Women's Athletic Footwear,In-store,56.11,35.0,1963.85
107344,06/07/2024,Adidas Online Store,Midwest,Michigan,Accessories,Outlet,83.25,57.0,4745.25
104322,18/01/2023,Amazon,Northeast,New York,Kids' Footwear,Online,64.9,27.0,1752.3
106261,05/21/2023,West Gear,West,Washington,Kids' Apparel,In-store,63.69,1.0,63.69
103914,04/11/2022,  Adidas Online Store ,WEST,California,Women's Street Footwear,Outlet,63.16,47.0,2968.52
109058,06-01-2022,Amazon,West,Arizona,Men's Athletic Footwear,OUTLET,81.57,58.0,4731.06
101690,01/02/2024,J.D. Sports,South,Tennessee,Men's Athletic Footwear,In-store,40.56,19.0,770.64
109079,08 Mar 2024,Sports Direct,SOUTHEAST,Florida,Outdoor Footwear,Online,,30.0,
103575,2023-11-29,West Gear,Northeast,Massachusetts,Women's Apparel,In-store,70.0,18.0,1260.0
108067,09/08/2022,Kohl's,Midwest,Ohio,Women's Athletic Footwear,In-store,64.37,11.0,708.07
103069,11 Jan 2022,Foot Locker,West,Washington,Men's Athletic Footwear,Online,36.94,18.0,664.92
108074,02-12-2022,Amazon,Southeast,Georgia,Women's Athletic Footwear,,71.81,66.0,4739.46
107462,25/04/2024,Walmart,South,Louisiana,Women's Apparel,In-store,58.7,15.0,
103981,05/22/2022,KOHL'S,South,Oklahoma,Men's Street Footwear,In-store,57.4,53.0,3042.2
108905,03/04/2024,Foot Locker,Northeast,Massachusetts,Women's Street Footwear,In-store,55.9,39.0,2180.1
108682,2024-02-29,J.D. Sports,Midwest,Illinois,Outdoor Footwear,Outlet,17.83,16.0,285.28
103447,23/09/2024,West Gear,West,Oregon,Kids' Footwear,In-store,49.11,30.0,1473.3
107083,23 Mar 2024,Kohl's,West,Oregon,Men's Apparel,OUTLET,70.99,39.0,2768.61
101764,06/22/2023,Foot Locker,Southeast,Florida,Women's Apparel,Online,9.96,59.0,587.64
106279,2024-12-07,Sports Direct,Midwest,Michigan,Women's Athletic Footwear,In-store,34.24,36.0,1232.64
103339,31/05/2023,Adidas Online Store,SOUTH,Louisiana,Women's Street Footwear,In-store,93.05,44.0,
103171,04/19/2023,Sports Direct,South,Louisiana,Women's Apparel,Outlet,60.97,31.0,1890.07
100739,03/08/2024,West Gear,NORTHEAST,New Jersey,Women's Apparel,Outlet,52.41,46.0,2410.86
106454,16-12-2024,J.D. Sports,Southeast,Virginia,Kids' Footwear,Outlet,24.4,44.0,1073.6
103381,12 May 2022,  J.D. Sports ,Northeast,Massachusetts,Outdoor Footwear,Online,35.54,26.0,924.04
100248,2023-04-20,Sports Direct,SOUTH,Louisiana,Men's Apparel,In-store,26.46,49.0,1296.54
104054,2024-09-21,J.D. Sports,Midwest,Michigan,Men's Apparel,Online,41.99,,41.99
104907,16-12-2022,Amazon,Midwest,Illinois,Outdoor Footwear,Online,17.65,87.0,1535.55
108881,15-09-2024,West Gear,West,Washington,Outdoor Footwear,Online,61.49,35.0,2152.15
107841,23/10/2022,Kohl's,Northeast,Pennsylvania,Outdoor Footwear, In-store,35.15,30.0,1054.5
107957,2024-08-21,J.D. Sports,West,Arizona,Men's Athletic Footwear,In-store,99.41,33.0,3280.53
102139,01/02/2023,Sports Direct,South,Texas,Women's Athletic Footwear,Outlet,23.64,31.0,732.84
102314,04/13/2023,Adidas Online Store,Southeast,Virginia,Accessories,Outlet,68.77,28.0,1925.56
107936,12/21/2024,  Adidas Online Store ,Southeast,Georgia,Women's Athletic Footwear,In-store,86.67,42.0,3640.14
109250,12/06/2023,FOOT LOCKER,West,Arizona,Kids' Apparel,In-store,35.88,35.0,1255.8
107599,29-01-2023,Adidas Online Store,Southeast,Georgia,Outdoor Footwear,In-store,43.85,59.0,2587.15
102878,2024-11-26,West Gear,West,Arizona,Women's Athletic Footwear,Online,12.9,45.0,580.5
103885,04/05/2023,Walmart,Northeast,Massachusetts,Men's Apparel,online,39.12,44.0,
103202,12/12/2022,West Gear,Southeast,Virginia,Men's Apparel,Online,77.96,58.0,4521.68
105625,05 Aug 2024,Foot Locker,MIDWEST,Illinois,Women's Street Footwear,Outlet,84.15,31.0,2608.65
100713,08-11-2024,  West Gear ,South,Louisiana,Outdoor Footwear,Online,43.42,,2518.36
105803,01 Sep 2022,Amazon,Northeast,Massachusetts,Kids' Apparel,in-store,49.08,2.0,98.16
103100,2022-11-19,Walmart,South,Louisiana,Accessories, Online,49.96,17.0,849.32
107924,20-10-2022,  J.D. Sports ,West,Arizona,Outdoor Footwear, Outlet,39.76,42.0,1669.92
102146,12/06/2023,West Gear,Southeast,Virginia,Women's Athletic Footwear,Online,85.92,27.0,2319.84
108597,07-06-2023,J.D. Sports,Midwest,Ohio,Kids' Apparel,Outlet,68.64,,3226.08
101963,2022-11-01,Adidas Online Store,Midwest,Ohio,Men's Street Footwear,Outlet,19.66,58.0,1140.28
101466,11/05/2024,Foot Locker,South,Tennessee,Women's Street Footwear,In-store,44.84,20.0,
105831,11-11-2024,West Gear,West,Arizona,Women's Street Footwear, Outlet,34.1,17.0,579.7
108354,12/03/2022,Sports Direct,Midwest,Wisconsin,Women's Apparel,In-store,21.62,24.0,518.88
107414,08/04/2022,Foot Locker,South,Oklahoma,Outdoor Footwear,Online,12.18,57.0,694.26
100663,2022-10-15,SPORTS DIRECT,Southeast,Georgia,Women's Street Footwear,Outlet,50.78,1.0,50.78
109725,20 Sep 2024,J.D. Sports,South,Texas,Kids' Apparel,Online,50.71,49.0,2484.79
106491,07/24/2023,WALMART,WEST,Oregon,Kids' Footwear,Outlet,66.44,10.0,664.4
100276,03/12/2022,Adidas Online Store,West,Washington,Kids' Apparel,in-store,70.99,17.0,1206.83
105752,06/04/2022,J.D. Sports,West,Arizona,Accessories,Online,77.68,25.0,1942.0
108578,04-07-2023,Adidas Online Store,Midwest,Ohio,Men's Street Footwear,Online,60.12,39.0,2344.68
104914,12/01/2022,Amazon,Northeast,New Jersey,Kids' Footwear,In-store,66.32,12.0,795.84
104660,09 Nov 2024,Walmart,Southeast,Virginia,Men's Athletic Footwear,Online,72.49,17.0,1232.33
104859,31-05-2024,Amazon,Midwest,Illinois,Accessories,Outlet,72.36,11.0,795.96
100364,29/06/2022,Kohl's,Southeast,,Outdoor Footwear,in-store,46.81,61.0,2855.41
102841,06/09/2024,Kohl's,MIDWEST,Michigan,Kids' Footwear,Outlet,63.17,47.0,2968.99
101516,22 Jul 2023,j.d. sports,South,Oklahoma,Accessories,Outlet,33.3,22.0,
102178,2024-11-20,J.D. Sports,Midwest,Wisconsin,Accessories,Outlet,55.55,19.0,1055.45
109639,04/18/2023,J.D. Sports,South,Texas,Women's Street Footwear,Online,54.63,35.0,1912.05
103784,19/12/2022,J.D. Sports,West,Arizona,Outdoor Footwear, Outlet,61.57,39.0,2401.23
105415,2022-06-17,Sports Direct,West,Oregon,Women's Street Footwear,Online,49.27,26.0,1281.02
104718,2022-10-24,West Gear,South,Oklahoma,Women's Street Footwear,,35.54,11.0,390.94
108117,15/04/2023,Sports Direct,SOUTHEAST,Florida,Men's Athletic Footwear,Outlet,49.84,44.0,2192.96
109134,04/24/2023,Amazon,Southeast,Florida,Outdoor Footwear,outlet,57.36,35.0,2007.6
108288,08/23/2023,Sports Direct,Midwest,Ohio,Men's Athletic Footwear,OUTLET,44.83,51.0,2286.33
108584,09/07/2024,Adidas Online Store,South,Texas,Accessories,Online,26.31,29.0,762.99
102195,03 Mar 2022,Sports Direct,West,Oregon,Accessories,In-store,13.78,21.0,289.38
104488,2024-01-27,Walmart,Midwest,,Women's Street Footwear,IN-STORE,50.93,21.0,
102066,27-09-2022,adidas online store,Midwest,Wisconsin,Kids' Apparel,In-store,8.0,21.0,168.0
107256,05 Feb 2024,Foot Locker,Midwest,Illinois,Men's Apparel,In-store,39.44,20.0,788.8
105958,24/05/2023,Foot Locker,South,,Kids' Apparel,OUTLET,,25.0,2028.0
106924,06 Jul 2023,J.D. Sports,Northeast,New York,Men's Athletic Footwear,Outlet,64.31,43.0,2765.33
108793,03/11/2022,Adidas Online Store,West,Washington,Women's Street Footwear,In-store,46.04,35.0,1611.4
107746,05/04/2024,Amazon,Southeast,Georgia,Outdoor Footwear,Outlet,40.06,1.0,40.06
103647,2022-02-09,Kohl's,Midwest,Illinois,Accessories,ONLINE,66.52,1.0,
107309,06/11/2022,  Kohl's ,SOUTH,Louisiana,Kids' Footwear,OUTLET,62.11,34.0,2111.74
109743,30-08-2022,J.D. Sports,SOUTH,Oklahoma,Men's Apparel,Online,116.86,47.0,
105711,09/10/2024,Walmart,Midwest,Ohio,Women's Street Footwear,Online,56.7,21.0,1190.7
105587,2024-04-01,J.D. Sports,West,  Oregon  ,Men's Athletic Footwear,Online,93.57,29.0,2713.53
103424,18-06-2022,SPORTS DIRECT,Midwest,Ohio,Women's Athletic Footwear, Outlet,31.19,41.0,1278.79
104385,08/05/2024,West Gear,Midwest,Ohio,Accessories,Online,40.9,101.0,4130.9
107653,06/05/2022,Sports Direct,West,Oregon,Men's Athletic Footwear,Outlet,68.1,24.0,1634.4
101058,03/09/2022,West Gear,Northeast,,Outdoor Footwear,Online,40.08,36.0,1442.88
108941,10/05/2024,J.D. SPORTS,Northeast,New Jersey,Outdoor Footwear,In-store,34.06,30.0,1021.8
108868,04/06/2022,Foot Locker,Northeast,New Jersey,Accessories,online,64.78,18.0,1166.04
108762,2024-09-11,Sports Direct,NORTHEAST,Massachusetts,Men's Athletic Footwear,In-store,8.0,1.0,8.0
106711,2024-03-04,Amazon,South,Tennessee,Accessories,,94.88,38.0,3605.44
106934,17 Sep 2024,Adidas Online Store,West,Washington,Women's Athletic Footwear,In-store,51.14,33.0,1687.62
101893,12 Oct 2024,  West Gear ,Northeast,,Women's Apparel,Outlet,,35.0,1723.05
101928,30/06/2022,Kohl's,Northeast,New Jersey,Women's Apparel,Outlet,67.56,22.0,1486.32
104971,03/29/2024,Sports Direct,Midwest,Illinois,Women's Apparel,Online,44.22,57.0,2520.54
107348,29/04/2024,J.D. Sports,Southeast,Florida,Women's Street Footwear,In-store,60.93,12.0,731.16
107010,30-03-2022,J.D. Sports,Midwest,Wisconsin,Accessories,Outlet,54.65,64.0,3497.6
104731,07-07-2022,  Kohl's ,West,California,Kids' Apparel,In-store,43.21,64.0,2765.44
109704,13 May 2024,KOHL'S,South,Tennessee,Men's Athletic Footwear,In-store,60.41,29.0,1751.89
108449,28 Oct 2023,Walmart,West,Washington,Men's Apparel,Outlet,56.39,40.0,2255.6
104174,02/11/2024,Amazon,West,Washington,Men's Apparel,IN-STORE,30.25,,393.25
101568,20/09/2023,Walmart,Northeast,Massachusetts,Women's Street Footwear,Online,50.94,22.0,1120.68
101394,11/05/2024,Kohl's,Northeast,New Jersey,Outdoor Footwear,Online,54.15,41.0,2220.15
102422,09/21/2023,Amazon,West,Arizona,Women's Street Footwear,In-store,74.48,18.0,1340.64
106728,2024-06-01,Adidas Online Store,Northeast,New York,Women's Street Footwear,In-store,63.85,38.0,2426.3
108393,27-10-2022,Kohl's,Southeast,Virginia,Men's Street Footwear,In-store,48.8,29.0,1415.2
106936,08 May 2022,Foot Locker,Southeast,North Carolina,Kids' Footwear,In-store,39.79,31.0,1233.49
107903,15 Sep 2024,Amazon,Northeast,New York,Men's Street Footwear,ONLINE,68.94,51.0,5273.91
105226,12 Jun 2022,West Gear,West,Oregon,Kids' Footwear,Online,52.87,42.0,2220.54
104874,05/06/2023,Walmart,West,California,Women's Athletic Footwear,Outlet,38.76,64.0,2480.64
103050,2022-12-03,Sports Direct,South,Louisiana,Men's Street Footwear,Online,27.39,39.0,1068.21
102570,31/12/2022,Sports Direct,Midwest,Wisconsin,Men's Apparel,Online,56.14,40.0,2245.6
105996,03/01/2023,Foot Locker,Midwest,Illinois,Outdoor Footwear,Outlet,46.67,54.0,2520.18
105348,24/12/2022,Foot Locker,South,Oklahoma,Women's Street Footwear,Outlet,58.91,62.0,3652.42
104441,2023-10-22,Adidas Online Store,West,California,Men's Street Footwear,Online,80.94,47.0,
100673,08-09-2023,Adidas Online Store,Southeast,North Carolina,Men's Apparel,In-store,75.43,65.0,4902.95
108107,16-02-2023,Foot Locker,Midwest,Illinois,Men's Apparel, In-store,71.31,46.0,3280.26
104840,01/02/2022,walmart,West,Arizona,Outdoor Footwear,online,86.02,49.0,4214.98
101523,10/13/2023,  Amazon ,Midwest,Ohio,Kids' Footwear,In-store,58.37,1.0,58.37
102688,02/07/2022,  West Gear ,Midwest,Michigan,Kids' Apparel, Outlet,70.67,51.0,3604.17
105108,2023-02-08,Amazon,Southeast,Virginia,Kids' Apparel,Online,81.17,44.0,3571.48
100985,2022-03-27,Adidas Online Store,West,Arizona,Women's Apparel,Outlet,58.97,50.0,2948.5
100247,2023-12-13,sports direct,Northeast,Pennsylvania,Kids' Apparel,online,75.42,25.0,1885.5
109070,05-10-2022,Sports Direct,Northeast,New York,Men's Street Footwear,Outlet,72.29,14.0,1012.06
104802,11/30/2022,Adidas Online Store,South,Louisiana,Men's Apparel,Outlet,,11.0,649.11
103425,25/05/2022,Amazon,Northeast,Massachusetts,Accessories, Online,35.14,53.0,1862.42
109138,14-01-2022,Sports Direct,South,Tennessee,Women's Apparel,In-store,29.08,76.0,2210.08
108103,2023-06-11,Amazon,Northeast,New Jersey,Men's Apparel,Online,82.82,23.0,1904.86
109212,07/06/2023,West Gear,WEST,Arizona,Men's Apparel,In-store,32.79,10.0,327.9
103568,11/22/2024,West Gear,West,Washington,Women's Apparel,In-store,62.22,20.0,1244.4
106158,30 Jul 2024,AMAZON,Northeast,Massachusetts,Men's Athletic Footwear,Outlet,93.82,50.0,4691.0
105426,08/25/2022,J.D. Sports,Southeast,North Carolina,Women's Street Footwear,In-store,55.01,1.0,55.01
103755,08/12/2024,Walmart,West,Arizona,Men's Apparel,Outlet,78.8,12.0,945.6
107961,2024-05-04,Sports Direct,MIDWEST,Michigan,Women's Street Footwear,Outlet,69.83,,6145.04
106869,11 Mar 2024,Walmart,South,Louisiana,Women's Athletic Footwear,In-store,44.42,14.0,621.88
101875,26-06-2024,Kohl's,Midwest,,Outdoor Footwear,Online,53.99,29.0,1565.71
105281,29/10/2024,Amazon,South,Tennessee,Men's Athletic Footwear,online,94.36,71.0,6699.56
108238,03/21/2024,Sports Direct,South,Texas,Kids' Footwear, Outlet,58.69,19.0,1115.11
108108,14/10/2022,WEST GEAR,Northeast,Pennsylvania,Accessories,Online,67.63,15.0,1014.45
102010,01 May 2024,Amazon,South,Louisiana,Women's Street Footwear,Online,9.99,46.0,459.54
100112,12 Jun 2024,Sports Direct,Northeast,Massachusetts,Women's Athletic Footwear,Outlet,50.61,30.0,1518.3
100718,08/15/2022,Foot Locker,South,Texas,Accessories,Outlet,52.16,69.0,3599.04
107452,13/12/2024,J.D. Sports,South,Louisiana,Accessories,Outlet,47.42,64.0,3034.88
105615,11/15/2023,WEST GEAR,Southeast,Georgia,Women's Street Footwear,Outlet,81.72,35.0,2860.2
108090,02-02-2023,Adidas Online Store,South,,Kids' Footwear,IN-STORE,88.09,17.0,1497.53
104905,2023-04-20,Adidas Online Store,Southeast,Florida,Accessories,In-store,46.82,53.0,2481.46
108687,05 Jul 2022,Foot Locker,South,Texas,Men's Athletic Footwear,Online,65.62,18.0,1181.16
100167,05/22/2023,Amazon,Midwest,Michigan,Women's Athletic Footwear,Outlet,41.26,8.0,330.08
102970,2022-10-01,J.D. Sports,Northeast,New York,Outdoor Footwear,IN-STORE,92.7,46.0,4264.2
105938,2023-09-26,WEST GEAR,Midwest,Illinois,Outdoor Footwear,In-store,41.4,15.0,621.0
102297,2023-02-17,Walmart,West,Oregon,Men's Street Footwear, In-store,49.61,1.0,49.61
107591,12/27/2023,West Gear,Midwest,Wisconsin,Kids' Footwear,In-store,29.43,23.0,676.89
106299,09 Dec 2022,Foot Locker,South,Texas,Women's Street Footwear,In-store,56.59,28.0,1584.52
103733,2022-05-16,Amazon,SOUTHEAST,Florida,Men's Street Footwear,Online,59.78,48.0,
100071,05/05/2024,J.D. Sports,Midwest,Illinois,Men's Street Footwear,Outlet,40.78,44.0,1794.32
108356,12 Feb 2022,J.D. Sports,Midwest,Ohio,Women's Street Footwear,Online,67.43,8.0,539.44
108652,02/05/2022,J.D. Sports,Northeast,New Jersey,Women's Apparel,Online,34.97,38.0,1328.86
107814,06/07/2024,Walmart,Northeast,New Jersey,Kids' Footwear,Outlet,36.86,54.0,1990.44
105368,12-09-2023,Walmart,South,Tennessee,Men's Street Footwear,Online,49.14,1.0,49.14
106231,20/02/2022,West Gear,MIDWEST,Michigan,Accessories,Online,30.82,67.0,2064.94
100493,2022-12-28,J.D. Sports,Midwest,Illinois,Men's Street Footwear,Online,66.85,82.0,5481.7
104876,2022-07-13,J.D. Sports,Midwest,Ohio,Women's Apparel,In-store,14.3,38.0,543.4
107834,08 May 2024,West Gear,West,Arizona,Men's Street Footwear,Outlet,32.39,27.0,874.53
101366,08 Oct 2022,J.D. Sports,South,Tennessee,Kids' Apparel,Outlet,67.36,54.0,3637.44
104575,02/04/2022,Adidas Online Store,Midwest,Ohio,Women's Street Footwear,Online,34.57,34.0,1175.38
101791,2022-08-25,  West Gear ,Southeast,Florida,Accessories,Online,47.44,34.0,1612.96
106792,03 Jul 2023,Amazon,Northeast,Pennsylvania,Men's Athletic Footwear,In-store,39.69,58.0,2302.02
106750,02 Dec 2023,J.D. Sports,Southeast,Georgia,Men's Athletic Footwear,In-store,42.2,,2110.0
109527,12/06/2022,West Gear,South,Tennessee,Women's Street Footwear,outlet,36.94,-18.0,664.92
103632,15-07-2022,Foot Locker,West,Washington,Women's Apparel,online,49.74,16.0,795.84
106948,28/12/2024,Sports Direct,South,Oklahoma,Women's Athletic Footwear,In-store,55.11,50.0,
100083,09/26/2023,WALMART,Midwest,Michigan,Women's Athletic Footwear,In-store,64.53,57.0,
108196,22-10-2024,Kohl's,SOUTHEAST,Florida,Accessories, In-store,36.77,24.0,882.48
104324,20 Jan 2022,West Gear,West,,Accessories, Outlet,53.18,42.0,
101107,29/11/2024,Walmart,South,Louisiana,Women's Street Footwear,Online,87.26,53.0,4624.78
103237,2022-04-09,West Gear,Southeast,North Carolina,Kids' Footwear,Online,,47.0,2648.92
107997,08/01/2022,Amazon,MIDWEST,Ohio,Outdoor Footwear,Outlet,14.83,28.0,622.86
101938,28-03-2024,  Amazon ,Midwest,Michigan,Kids' Footwear,Outlet,58.6,71.0,4160.6
106165,18-05-2022,Kohl's,Southeast,Georgia,Kids' Footwear,Outlet,71.3,6.0,427.8
107987,07/07/2024,Kohl's,Northeast,New York,Kids' Apparel,,56.82,30.0,1704.6
103111,03-09-2024,J.D. Sports,West,Arizona,Women's Athletic Footwear,In-store,60.87,46.0,2800.02
106915,12/27/2024,Amazon,Southeast,Virginia,Men's Athletic Footwear,In-store,76.2,36.0,2743.2
101112,01 Apr 2023,Foot Locker,Northeast,New York,Women's Street Footwear,Online,8.0,27.0,216.0
107644,2022-12-30,Kohl's,West,California,Kids' Footwear,Outlet,46.54,44.0,2047.76
105247,11 Jul 2024,J.D. Sports,Northeast,Massachusetts,Men's Athletic Footwear,Outlet,65.57,35.0,2294.95
107588,03 Aug 2022,Kohl's,Northeast,Pennsylvania,Men's Athletic Footwear,Online,76.84,62.0,4764.08
103279,12/21/2024,Walmart,Midwest,Illinois,Men's Apparel,In-store,79.34,38.0,3014.92
106200,20 Jul 2024,Adidas Online Store,West,Arizona,Women's Street Footwear,Online,69.62,3.0,208.86
104428,12 Sep 2024,J.D. Sports,SOUTH,Louisiana,Accessories,Online,61.35,84.0,5153.4
106014,10/06/2024,Amazon,Northeast,New Jersey,Kids' Footwear,Online,50.51,39.0,1969.89
104422,23 Jan 2024,  Foot Locker ,South,Tennessee,Men's Street Footwear,Outlet,52.48,40.0,2099.2
105695,23 Jun 2024,West Gear,Northeast,,Kids' Footwear,Outlet,45.81,4.0,183.24
107486,12/02/2022,Walmart,Northeast,New Jersey,Kids' Footwear,In-store,42.11,19.0,800.09
100695,2024-02-24,Foot Locker,Southeast,  North Carolina  ,Outdoor Footwear,Outlet,68.01,41.0,2788.41
102309,15-12-2024,Sports Direct,South,Oklahoma,Women's Apparel,Online,70.12,1.0,70.12
107923,07-07-2022,  J.D. Sports ,Southeast,Virginia,Women's Street Footwear,In-store,60.04,37.0,2221.48
106022,03/23/2023,Sports Direct,South,Texas,Women's Apparel,Online,45.43,1.0,45.43
100577,17 Dec 2023,Walmart,South,Texas,Kids' Apparel,In-store,50.63,38.0,1923.94
107794,2022-09-19,West Gear,West,Washington,Kids' Footwear,Online,59.51,28.0,1666.28
104793,04/08/2023,Amazon,Midwest,Wisconsin,Accessories,Online,62.72,30.0,1881.6
102410,2023-10-25,J.D. Sports,SOUTHEAST,North Carolina,Kids' Footwear,In-store,64.62,42.0,2714.04
106294,05/19/2022,J.D. Sports,Midwest,Wisconsin,Kids' Footwear,In-store,45.02,53.0,2386.06
106708,31-07-2022,Kohl's,South,Louisiana,Accessories,In-store,58.15,33.0,1918.95
106850,13-07-2023,Walmart,Northeast,Pennsylvania,Men's Athletic Footwear,Outlet,87.13,3.0,261.39
109001,03 Dec 2023,West Gear,West,Oregon,Men's Athletic Footwear,Outlet,41.57,58.0,2411.06
104372,03/23/2024,J.D. Sports,West,Washington,Women's Apparel,online,56.41,77.0,4343.57
107734,28 Jun 2024,Kohl's,West,California,Accessories,Outlet,67.28,42.0,
107945,11-11-2023,Sports Direct,South,Tennessee,Men's Street Footwear,In-store,70.34,10.0,703.4
102469,08/18/2023,J.D. Sports,Northeast,Massachusetts,Women's Athletic Footwear,Online,76.23,51.0,3887.73
104133,15/05/2023,J.D. Sports,Midwest,Ohio,Women's Street Footwear,Outlet,84.38,7.0,590.66
106830,14 Mar 2023,Kohl's,South,Tennessee,Men's Athletic Footwear,In-store,66.27,50.0,3313.5
106072,29-04-2023,kohl's,West,Arizona,Accessories,Online,106.21,65.0,6903.65
103258,13-06-2023,Walmart,Northeast,Massachusetts,Kids' Apparel,Outlet,40.34,38.0,1532.92
105976,01 Aug 2023,Kohl's,West,Washington,Women's Apparel,Outlet,28.32,9.0,254.88
107559,16-12-2022,Adidas Online Store,Midwest,Illinois,Accessories,Online,26.51,37.0,980.87
100626,20/07/2024,  Kohl's ,Midwest,Ohio,Outdoor Footwear, Online,72.56,27.0,1959.12
107719,22/04/2022,FOOT LOCKER,South,Texas,Kids' Apparel,In-store,46.71,58.0,2709.18
103580,13 Apr 2023,Sports Direct,Northeast,Massachusetts,Men's Athletic Footwear,online,35.56,26.0,924.56
100845,28 Aug 2023,Sports Direct,Southeast,Florida,Kids' Footwear,Outlet,41.28,34.0,1403.52
103674,20 Apr 2024,Walmart,Midwest,Ohio,Accessories,Outlet,35.73,27.0,964.71
105244,19-12-2024,West Gear,South,Texas,Women's Street Footwear,Outlet,45.48,,1409.88
105464,12/03/2023,Foot Locker,South,Louisiana,Men's Athletic Footwear,Online,64.67,24.0,1552.08
103963,10 Mar 2024,Adidas Online Store,Midwest,Illinois,Accessories,Outlet,60.47,67.0,4051.49
101154,10/24/2023,Foot Locker,West,Arizona,Accessories,In-store,73.83,37.0,2731.71
102390,03/08/2024,Sports Direct,South,Oklahoma,Women's Athletic Footwear,In-store,70.78,64.0,4529.92
106538,07-01-2022,Amazon,South,Tennessee,Women's Athletic Footwear,In-store,68.45,-44.0,3011.8
101330,26-02-2022,J.D. Sports,Northeast,Massachusetts,Kids' Footwear,Outlet,26.05,23.0,599.15
107218,02/02/2023,KOHL'S,South,Texas,Womens Apparel,ONLINE,48.66,45.0,2189.7
102520,29-07-2022,amazon,SOUTHEAST,Georgia,Accessories,Outlet,68.99,12.0,827.88
105315,16/04/2024,West Gear,Southeast,Georgia,Men's Apparel,Outlet,78.09,44.0,
108282,07 Jan 2024,walmart,South,Oklahoma,Outdoor Footwear,Outlet,61.77,60.0,3706.2
100710,15 Jul 2023,Adidas Online Store,South,Tennessee,Women's Athletic Footwear, Online,60.12,62.0,3727.44
103601,02-07-2024,Sports Direct,South,Louisiana,Kids' Apparel,in-store,51.76,46.0,2380.96
107231,29 Jul 2023,Kohl's,Midwest,Michigan,Women's Athletic Footwear,OUTLET,39.94,3.0,119.82
106843,2022-10-20,Foot Locker,NORTHEAST,Pennsylvania,Men's Athletic Footwear,Outlet,76.63,47.0,
101396,13-08-2024,J.D. Sports,West,Washington,Men's Apparel,Online,88.07,35.0,3082.45
104116,19/07/2024,Kohl's,South,Oklahoma,Accessories,In-store,80.55,73.0,5880.15
100411,05/12/2023,West Gear,South,Oklahoma,Women's Apparel,Outlet,51.12,11.0,562.32
106930,26-09-2024,Amazon,Midwest,Michigan,Women's Apparel,Outlet,25.53,20.0,510.6
109122,01/27/2022,  Adidas Online Store ,NORTHEAST,Massachusetts,Women's Athletic Footwear,Outlet,56.93,24.0,1366.32
103706,01 Sep 2022,Walmart,Southeast,Virginia,Women's Athletic Footwear,Outlet,45.19,14.0,632.66
100059,13/09/2023,Adidas Online Store,Northeast,New Jersey,Mens Athletic Footwear,In-store,55.44,26.0,1441.44
107325,20 Apr 2023,West Gear,Midwest,Wisconsin,Women's Athletic Footwear,Online,28.73,39.0,1120.47
109371,25 Jun 2024,Amazon,NORTHEAST,Pennsylvania,Outdoor Footwear,Online,61.78,15.0,926.7
101755,2023-11-01,Kohl's,Southeast,Georgia,Men's Street Footwear,Outlet,63.63,67.0,4263.21
102768,02/25/2023,Amazon,South,Texas,Kids' Footwear,outlet,57.07,,
104337,02/05/2022,Sports Direct,Southeast,North Carolina,Kids' Apparel,In-store,62.05,48.0,2978.4
107659,07/05/2022,Kohl's,Midwest,Ohio,Kids' Footwear,Outlet,67.45,52.0,3507.4
103847,01/17/2022,west gear,South,Oklahoma,Men's Street Footwear,Online,79.77,22.0,1754.94
102961,06/15/2024,Amazon,West,,Men's Athletic Footwear,In-store,70.86,55.0,3897.3
108235,29-07-2022,Sports Direct,South,Tennessee,Women's Apparel,Online,48.87,61.0,2981.07
108765,02/15/2023,Amazon,Northeast,Pennsylvania,Women's Apparel,Online,49.48,58.0,2869.84
109131,2023-02-10,KOHL'S,South,Texas,Men's Athletic Footwear,Outlet,66.83,8.0,534.64
105700,16-03-2023,Adidas Online Store,West,Arizona,Women's Apparel,In-store,57.81,64.0,3699.84
107965,2024-05-01,Sports Direct,Southeast,North Carolina,Women's Apparel,,73.7,77.0,5674.9
101348,05/02/2024,Amazon,Northeast,Pennsylvania,Men's Street Footwear,Outlet,16.51,57.0,
105632,18 Aug 2022,kohl's,South,Louisiana,Kids' Apparel,Outlet,76.38,41.0,3131.58
106776,29/05/2023,J.D. Sports,Northeast,  Pennsylvania  ,Women's Street Footwear,OUTLET,,22.0,631.84
102963,22/03/2024,Kohl's,Northeast,New Jersey,Kids' Apparel,Online,66.03,59.0,3895.77
101816,28 Aug 2022,West Gear,West,California,Outdoor Footwear,In-store,50.45,27.0,1362.15
108293,08 Jan 2022,Walmart,South,Oklahoma,Kids' Footwear,Online,60.32,21.0,1266.72
108510,30 Nov 2024,Adidas Online Store,West,California,Women's Apparel,In-store,54.13,18.0,974.34
107509,08/07/2024,amazon,West,Arizona,Women's Street Footwear,outlet,84.78,26.0,2204.28
108898,2022-05-04,Sports Direct,West,Oregon,Kids' Apparel,Outlet,55.96,38.0,2126.48
103164,06/06/2024,Adidas Online Store,Southeast,Georgia,Women's Athletic Footwear,Online,49.75,18.0,895.5
107099,01/03/2024,WEST GEAR,Northeast,New Jersey,Men's Athletic Footwear,Outlet,73.95,20.0,1479.0
107716,03/03/2024,West Gear,Northeast,New York,Outdoor Footwear,Online,78.59,55.0,4322.45
100022,20-09-2024,KOHL'S,Southeast,Georgia,Women's Athletic Footwear,,66.36,19.0,1260.84
104339,15-04-2023,J.D. Sports,MIDWEST,Illinois,Outdoor Footwear,In-store,54.99,38.0,2089.62
104044,10/01/2023,Adidas Online Store,SOUTHEAST,Florida,Kids' Apparel,Online,71.96,55.0,3957.8
106052,11/03/2024,Amazon,Northeast,New York,Outdoor Footwear,Outlet,49.52,9.0,445.68
104784,2024-07-13,Walmart,South,Oklahoma,Accessories,in-store,,46.0,3483.12
103360,30/06/2024,Kohl's,Northeast,New York,Kids' Footwear,Online,68.56,18.0,1234.08
105826,05 Jan 2024,  Sports Direct ,West,California,Men's Athletic Footwear,Outlet,35.18,17.0,598.06
105418,04 Dec 2024,Walmart,West,Arizona,Women's Athletic Footwear,In-store,64.77,3.0,194.31
105829,27/01/2024,Kohl's,West,Arizona,Kids' Apparel,Outlet,40.23,38.0,1528.74
102525,24/08/2023,Foot Locker,Northeast,New York,Women's Athletic Footwear,Outlet,41.0,57.0,2337.0
107007,20/02/2022,Sports Direct,Midwest,  Illinois  ,Women's Apparel,In-store,77.82,49.0,3813.18
108873,02/05/2022,WALMART,Midwest,Illinois,Women's Athletic Footwear,Online,88.6,15.0,1329.0
102306,07 May 2024,SPORTS DIRECT,South,Louisiana,Women's Athletic Footwear,,31.35,37.0,1159.95
105535,13-03-2023,ADIDAS ONLINE STORE,Northeast,Massachusetts,Women's Apparel,ONLINE,55.85,40.0,2234.0
103858,11-05-2022,West Gear,Northeast,New Jersey,Women's Street Footwear,In-store,80.28,45.0,3612.6
103051,07/01/2024,Amazon,SOUTHEAST,Virginia,Women's Apparel,Online,46.89,31.0,1453.59
108020,2023-10-19,Amazon,Northeast,New York,Men's Apparel,In-store,77.18,48.0,3704.64
108409,07-01-2023,Sports Direct,South,Tennessee,Women's Apparel,Outlet,32.51,33.0,
102449,09 Aug 2024,West Gear,West,California,Outdoor Footwear,Outlet,54.54,20.0,1090.8
102699,11/10/2024,Walmart,MIDWEST,Ohio,Women's Apparel,Outlet,77.25,29.0,2240.25
100897,14 Mar 2023,J.D. Sports,Northeast,New Jersey,Women's Street Footwear,Online,51.36,38.0,1951.68
102812,19/04/2022,Walmart,Midwest,Illinois,Kids' Footwear,In-store,66.48,,2127.36
107918,2022-07-31,Walmart,West,Oregon,Outdoor Footwear,Online,50.89,33.0,1679.37
107243,08/11/2024,  Kohl's ,NORTHEAST,New Jersey,Men's Apparel,Online,47.25,52.0,2457.0
105094,2022-09-11,Amazon,Southeast,Florida,Accessories,In-store,72.75,9.0,654.75
104931,25/08/2023,West Gear,Southeast,Georgia,Womens Street Footwear,Online,53.16,66.0,3508.56
102417,17 Feb 2023,WALMART,Midwest,Wisconsin,Kids' Footwear,outlet,27.93,53.0,1480.29
104569,2024-07-20,Sports Direct,South,Oklahoma,Men's Street Footwear, Outlet,45.55,24.0,1093.2
101939,17 Jul 2023,Sports Direct,South,Oklahoma,Men's Athletic Footwear,Outlet,33.52,54.0,1810.08
102809,25-07-2023,Adidas Online Store,Northeast,New Jersey,Kids' Apparel,outlet,43.55,1.0,43.55
105435,25 Dec 2023,Kohl's,South,Tennessee,Kids' Footwear,Outlet,37.25,48.0,1788.0
100441,11-06-2024,Amazon,Southeast,Virginia,Women's Apparel,In-store,43.32,58.0,2512.56
100122,18 Feb 2023,Walmart,Midwest,Ohio,Men's Apparel,Online,80.51,35.0,2817.85
102793,16/01/2023,J.D. Sports,Midwest,Illinois,Men's Street Footwear,Online,55.06,39.0,2147.34
102877,24 Nov 2024,Sports Direct,Northeast,Massachusetts,Outdoor Footwear,In-store,20.54,48.0,985.92
103282,12/08/2023,Sports Direct,Midwest,Ohio,Women's Street Footwear,ONLINE,,17.0,
100432,19-06-2024,Adidas Online Store,Northeast,New Jersey,Outdoor Footwear,In-store,47.65,44.0,2096.6
105018,10 Apr 2023,Adidas Online Store,West,Arizona,Men's Apparel,In-store,10.34,14.0,144.76
100312,2022-01-20,FOOT LOCKER,Southeast,Georgia,Kids' Footwear,In-store,71.06,7.0,497.42
104588,09/06/2024,Amazon,West,California,Women's Athletic Footwear,Online,66.43,27.0,1793.61
104258,05/25/2023,Kohl's,Midwest,Michigan,Kids' Footwear,In-store,8.0,23.0,184.0
107276,09/14/2022,  Adidas Online Store ,Southeast,North Carolina,Accessories,,56.31,23.0,1295.13
106637,09/24/2022,Kohl's,South,Louisiana,Outdoor Footwear,In-store,63.86,1.0,63.86
106177,30 Sep 2023,Foot Locker,South,Texas,Women's Athletic Footwear,Online,38.17,21.0,801.57
100782,18-07-2022,  Foot Locker ,Midwest,Ohio,Women's Street Footwear,Outlet,27.68,77.0,2131.36
108563,24-05-2024,West Gear,West,Washington,Women's Athletic Footwear,Online,29.5,32.0,944.0
100021,19 Jun 2022,Adidas Online Store,WEST,Oregon,Women's Athletic Footwear,In-store,71.81,31.0,2226.11
104033,23/07/2023,West Gear,South,,Men's Street Footwear,online,42.65,10.0,426.5
104859,31-05-2024,Amazon,Midwest,Illinois,Accessories,Outlet,72.36,11.0,795.96
102925,2024-08-04,Foot Locker,South,Tennessee,Women's Street Footwear,Outlet,90.4,40.0,3616.0
108746,28/10/2023,West Gear,Northeast,New Jersey,Kids' Footwear,Online,69.6,30.0,2088.0
106479,16-07-2023,Walmart,West,Washington,Men's Street Footwear,Outlet,36.45,19.0,692.55
102772,20 Apr 2024,Amazon,Southeast,North Carolina,Outdoor Footwear,In-store,18.22,43.0,783.46
105954,2024-08-08,Foot Locker,WEST,Arizona,Kids' Footwear,Outlet,60.56,22.0,1332.32
106612,09/05/2022,Foot Locker,Midwest,Wisconsin,Women's Street Footwear,Online,45.47,36.0,1636.92
107242,03/06/2024,Sports Direct,South,Oklahoma,Men's Athletic Footwear,Online,45.76,57.0,2608.32
101599,11/07/2024,Adidas Online Store,Southeast,North Carolina,Women's Apparel,Online,34.47,1.0,34.47
106371,12/11/2024,West Gear,Southeast,Georgia,Men's Apparel,In-store,80.84,80.0,6467.2
100622,28-09-2024,Walmart,Northeast,New Jersey,Kids' Apparel,Online,61.92,30.0,1857.6
103205,22 Jan 2022,J.D. Sports,Southeast,Virginia,Accessories,Outlet,52.65,40.0,2106.0
109167,27-08-2022,Sports Direct,SOUTH,Texas,Kids' Footwear,,57.99,1.0,57.99
102318,09/03/2022,Walmart,South,Oklahoma,Kids' Footwear,In-store,56.83,41.0,2330.03
100944,08/26/2023,West Gear,Southeast,Virginia,Outdoor Footwear,Outlet,49.59,1.0,49.59
107122,2024-09-02,sports direct,SOUTHEAST,North Carolina,Men's Apparel,OUTLET,47.65,19.0,
109697,05 Jun 2023,Kohl's,West,Washington,Men's Athletic Footwear,Outlet,83.03,55.0,4566.65
106560,20-02-2023,J.D. Sports,West,Oregon,Men's Street Footwear,IN-STORE,50.56,45.0,2275.2
100130,22/03/2022,J.D. Sports,Southeast,Florida,Men's Athletic Footwear,online,54.62,47.0,2567.14
103703,04/12/2022,Foot Locker,South,Louisiana,Kids' Apparel,In-store,36.98,5.0,184.9
102764,18/02/2022,J.D. Sports,Southeast,Georgia,Men's Street Footwear,OUTLET,62.68,55.0,3447.4
105792,2024-10-09,J.D. Sports,West,Washington,Women's Athletic Footwear,Online,61.41,56.0,3438.96
101333,12/22/2024,j.d. sports,Northeast,Pennsylvania,Outdoor Footwear,Outlet,75.09,31.0,2327.79
102089,12-06-2022,J.D. Sports,Midwest,Ohio,Men's Apparel,Online,40.82,63.0,2571.66
103305,04/27/2024,J.D. Sports,Southeast,Virginia,Kids' Apparel,Outlet,70.26,32.0,2248.32
106886,2024-03-12,Foot Locker,Midwest,Wisconsin,Accessories,OUTLET,68.15,,1226.7
106281,02/10/2024,West Gear,Northeast,New Jersey,Women's Apparel,In-store,73.48,45.0,3306.6
104506,09-11-2022,Kohl's,Midwest,Ohio,Kids' Apparel,Online,43.45,28.0,1216.6
107177,07/27/2024,Walmart,Northeast,New York,Accessories,In-store,69.51,69.0,
103748,06-02-2022,Sports Direct,South,Oklahoma,Women's Street Footwear,In-store,66.94,51.0,3413.94
105323,30-06-2022,Sports Direct,Midwest,Illinois,Women's Apparel,OUTLET,49.46,28.0,1384.88
102799,31-08-2023,Sports Direct,West,Washington,Kids' Apparel,In-store,50.49,24.0,1211.76
100662,06/30/2022,Adidas Online Store,Northeast,Massachusetts,Kids' Footwear,in-store,69.89,2.0,139.78
102373,21-07-2022,Adidas Online Store,NORTHEAST,New Jersey,Men's Apparel,Online,57.24,1.0,57.24
102941,12-01-2022,  Adidas Online Store ,West,Oregon,Kids' Footwear,Outlet,,1.0,35.94
106889,02/11/2023,Walmart,Southeast,Florida,Accessories, Online,66.55,13.0,865.15
107149,18-11-2024,Amazon,Northeast,New Jersey,Men's Apparel,Online,51.19,41.0,3148.185
102595,18 May 2024,West Gear,Midwest,Ohio,Men's Apparel,Outlet,73.73,30.0,2211.9
101783,05-02-2023,West Gear,West,Arizona,Kids' Footwear,Online,57.34,1.0,57.34
102106,27 Mar 2022,Foot Locker,West,Washington,Men's Athletic Footwear,Online,43.42,54.0,2344.68
102101,09/17/2023,Sports Direct,Midwest,Illinois,Women's Street Footwear,Outlet,55.48,47.0,2607.56
103114,07/10/2023,West Gear,Southeast,Florida,Men's Street Footwear,Online,81.38,,569.66
109254,30-10-2024,J.D. Sports,West,,Kids' Apparel,In-store,94.15,76.0,7155.4
104110,2023-07-28,West Gear,Northeast,Massachusetts,Women's Athletic Footwear,Outlet,32.22,-1.0,32.22
102141,07 Sep 2023,Adidas Online Store,Southeast,Georgia,Accessories,In-store,81.65,76.0,6205.4
103510,2024-10-23,Walmart,South,Texas,Kids' Apparel,Online,29.55,55.0,1625.25
103426,11-06-2022,J.D. Sports,South,Tennessee,Men's Apparel,Outlet,60.02,48.0,2880.96
107395,2022-11-22,Adidas Online Store,Midwest,Michigan,Kids' Apparel,Outlet,52.06,63.0,3279.78
102171,18 Feb 2022,Walmart,West,California,Men's Athletic Footwear,In-store,69.38,36.0,2497.68
106397,27/09/2022,Adidas Online Store,South,Texas,Kids' Footwear,In-store,,37.0,1511.45
100500,02/05/2024,Walmart,Northeast,New Jersey,Accessories,Online,42.43,21.0,891.03
102897,30-04-2023,Foot Locker,South,Texas,Men's Athletic Footwear,Online,81.87,26.0,2128.62
108202,2023-05-06,Foot Locker,Northeast,Massachusetts,Outdoor Footwear,Online,60.83,8.0,486.64
101349,04/12/2022,Amazon,NORTHEAST,Massachusetts,Men's Street Footwear,Outlet,38.1,72.0,2743.2
103727,06/13/2024,Walmart,West,Arizona,Women's Apparel,Online,62.59,31.0,1940.29
104553,21/09/2023,J.D. Sports,Northeast,New York,Women's Street Footwear,In-store,31.73,44.0,1396.12
102979,11/09/2022,foot locker,Southeast,North Carolina,Women's Street Footwear,Online,60.36,,1509.0
106764,05/28/2023,Foot Locker,Southeast,Florida,Women's Athletic Footwear,Outlet,40.48,27.0,1092.96
108415,26 Jul 2023,Adidas Online Store,West,Washington,Outdoor Footwear,OUTLET,20.15,25.0,503.75
100307,03/12/2022,Amazon,Midwest,Michigan,Women's Street Footwear,Outlet,50.49,54.0,2726.46
105481,18-04-2022,Amazon,Northeast,Pennsylvania,Women's Apparel,Online,64.35,49.0,3153.15
105566,27/07/2023,Sports Direct,West,California,Accessories, Outlet,37.23,8.0,297.84
107121,2023-07-15,West Gear,West,California,Men's Street Footwear,Outlet,53.91,43.0,2318.13
104706,04/28/2022,Amazon,Midwest,Michigan,Kids' Apparel,Online,59.12,22.0,1300.64
106517,09/25/2024,Walmart,Midwest,Illinois,Women's Apparel,Online,52.4,34.0,1781.6
103763,07/21/2023,Adidas Online Store,SOUTHEAST,Georgia,Men's Apparel,Outlet,29.34,43.0,1261.62
102958,16 Mar 2023,Amazon,Southeast,Georgia,Kids' Footwear,Outlet,55.82,4.0,223.28
106883,22/06/2022,Adidas Online Store,West,Oregon,Women's Street Footwear,Outlet,47.15,36.0,1697.4
108692,25-11-2022,West Gear,West,Washington,Men's Street Footwear,Online,67.05,10.0,670.5
102858,12 Sep 2023,SPORTS DIRECT,Northeast,Massachusetts,Accessories,Outlet,77.64,56.0,4347.84
107516,28 Jul 2022,SPORTS DIRECT,South,Tennessee,Kids' Apparel,Online,35.68,10.0,356.8
105161,01/26/2024,J.D. SPORTS,South,Louisiana,Accessories,online,64.82,48.0,3111.36
100825,30/06/2024,Kohl's,South,Tennessee,Women's Apparel,In-store,40.46,46.0,1861.16
108750,08/08/2022,Walmart,NORTHEAST,Massachusetts,Men's Athletic Footwear,In-store,61.69,47.0,2899.43
101874,03/11/2024,  Walmart ,South,Louisiana,Accessories, Outlet,55.15,31.0,1709.65
103761,03/06/2024,Sports Direct,West,Arizona,Men's Street Footwear,In-store,8.0,23.0,184.0
101251,11 May 2022,Adidas Online Store,Southeast,North Carolina,Women's Athletic Footwear,Online,48.36,20.0,967.2
102936,2022-08-23,J.D. Sports,South,Tennessee,Mens Street Footwear,IN-STORE,86.74,21.0,1821.54
106537,20-02-2023,Sports Direct,West,Oregon,Accessories,Online,44.87,42.0,1884.54
107808,14-03-2023,Adidas Online Store,Midwest,Wisconsin,Women's Street Footwear,Outlet,33.87,25.0,846.75
103565,12/30/2023,West Gear,West,California,Womens Apparel,Online,70.21,47.0,3299.87
109551,08/12/2022,AMAZON,West,California,Women's Street Footwear,Outlet,,39.0,2160.99
103152,22/06/2023,Adidas Online Store,Northeast,Massachusetts,Men's Apparel,Online,39.71,1.0,39.71
102203,27-04-2024,West Gear,West,Oregon,Kids' Footwear,In-store,72.22,36.0,2599.92
108665,01/22/2024,West Gear,South,Tennessee,Mens Apparel,Online,65.36,59.0,3856.24
101966,21/08/2024,Amazon,Midwest,Michigan,Kids' Apparel,Outlet,50.56,,50.56
106469,11/20/2023,J.D. Sports,West,California,Kids' Footwear,Outlet,,25.0,1882.25
105067,14 May 2023,foot locker,South,Tennessee,Women's Apparel,In-store,81.52,55.0,4483.6
107125,05/12/2022,West Gear,Northeast,Pennsylvania,Outdoor Footwear,OUTLET,53.7,6.0,322.2
108601,2022-06-08,Amazon,Northeast,Pennsylvania,Women's Street Footwear,Outlet,75.03,49.0,3676.47
106077,26/11/2024,J.D. Sports,South,Oklahoma,Mens Street Footwear,In-store,27.8,51.0,1417.8
103976,16/02/2023,Walmart,Midwest,Wisconsin,Outdoor Footwear,In-store,84.87,43.0,3649.41
104589,28/03/2022,Adidas Online Store,West,,Kids' Apparel,online,61.02,40.0,2440.8
104238,11/18/2022,Adidas Online Store,Southeast,Georgia,Women's Apparel,ONLINE,58.55,22.0,1288.1
104476,30 Jul 2023,Amazon,WEST,California,Men's Apparel,Outlet,63.13,20.0,1262.6
105090,07/27/2023,J.D. Sports,South,Oklahoma,Women's Athletic Footwear,In-store,,14.0,461.16
103041,03/21/2023,Kohl's,Northeast,New Jersey,Kids' Apparel,,35.58,27.0,960.66
102723,29/04/2022,  Sports Direct ,West,Arizona,Men's Apparel,In-store,54.68,42.0,2296.56
108826,2022-08-09,adidas online store,Midwest,Ohio,Women's Apparel,In-store,68.45,25.0,1711.25
105565,06/16/2023,Sports Direct,Midwest,Michigan,Women's Athletic Footwear,Online,,19.0,1360.21
101718,31-01-2022,Adidas Online Store,MIDWEST,Michigan,Men's Apparel,Online,36.59,39.0,1427.01
100891,2022-04-29,West Gear,Midwest,Michigan,Women's Athletic Footwear,Online,60.4,34.0,2053.6
105050,30 Apr 2023,West Gear,SOUTHEAST,North Carolina,Women's Athletic Footwear,In-store,70.12,51.0,3576.12
102062,18 Nov 2024,West Gear,Midwest,Ohio,Accessories,Online,85.69,51.0,4370.19
105893,11/14/2024,Walmart,West,Washington,Men's Apparel,Outlet,36.17,23.0,831.91
102833,2022-09-14,J.D. Sports,Southeast,Georgia,Women's Street Footwear,,17.87,36.0,643.32
100329,09/05/2022,West Gear,West,Arizona,Accessories,Outlet,69.13,22.0,1520.86
101741,25 May 2024,  Kohl's ,West,Oregon,Women's Athletic Footwear,Online,,44.0,2131.8
101560,2022-07-09,Walmart,Northeast,Pennsylvania,Women's Apparel,In-store,82.77,12.0,993.24
102626,2024-02-09,Amazon,West,California,Women's Apparel,Outlet,52.94,32.0,1694.08
105661,2024-02-28,Kohl's,Northeast,New York,Accessories,Outlet,51.38,31.0,1592.78
108779,2023-03-23,Adidas Online Store,Southeast,Georgia,Women's Apparel,In-store,51.61,35.0,1806.35
100619,19/03/2024,Amazon,Midwest,Wisconsin,Men's Apparel,Online,62.14,11.0,683.54
106925,09/28/2023,Amazon,Northeast,Pennsylvania,Outdoor Footwear,In-store,90.35,,90.35
107274,2024-10-10,Sports Direct,Northeast,New York,Accessories,Outlet,23.66,16.0,378.56
101485,03-11-2023,West Gear,South,Tennessee,Outdoor Footwear,online,81.76,82.0,6704.32
105092,2023-05-04,J.D. Sports,West,Arizona,Men's Athletic Footwear,,80.4,25.0,2010.0
107537,01/20/2022,Amazon,NORTHEAST,,Kids' Footwear,Outlet,8.0,38.0,304.0
104277,27-02-2024,Walmart,West,Oregon,Women's Athletic Footwear,Online,51.96,45.0,2338.2
108972,23 May 2023,West Gear,West,Arizona,Accessories,Online,71.67,30.0,2150.1
107403,03/06/2024,Walmart,Southeast,Virginia,Women's Athletic Footwear,ONLINE,52.71,52.0,2740.92
103276,12/16/2024,Adidas Online Store,Southeast,North Carolina,Women's Athletic Footwear,In-store,26.36,55.0,1449.8
109261,2023-05-24,Amazon,South,Oklahoma,Women's Apparel,In-store,73.39,17.0,1247.63
108985,06/24/2024,J.D. Sports,West,Arizona,Outdoor Footwear,In-store,57.99,1.0,57.99
102242,05-04-2024,West Gear,Midwest,Ohio,Kids' Footwear,Online,47.14,12.0,565.68
103028,11/07/2022,Foot Locker,West,Oregon,Women's Apparel,Online,61.09,28.0,1710.52
108118,03-12-2024,Adidas Online Store,Northeast,,Men's Apparel, In-store,29.89,33.0,986.37
107506,30/07/2022,Walmart,Midwest,Michigan,Women's Apparel,Outlet,58.97,41.0,
103609,24 May 2024,J.D. Sports,Southeast,,Women's Apparel, Outlet,67.86,33.0,2239.38
101660,28/09/2022,Foot Locker,Northeast,Pennsylvania,Men's Street Footwear,In-store,,4.0,258.84
101987,13 Feb 2024,  Walmart ,South,Louisiana,Accessories,Online,46.12,20.0,922.4
105009,06/10/2023,Foot Locker,Midwest,Illinois,Women's Street Footwear,Online,32.58,43.0,1400.94
102420,09/27/2024,Sports Direct,West,Washington,Kids' Footwear,Online,49.9,32.0,1596.8
103194,2023-01-25,West Gear,South,Texas,Kids' Footwear,Online,39.16,1.0,39.16
108719,26-11-2022,Foot Locker,South,Texas,Men's Apparel,Online,73.55,24.0,1765.2
101248,30/03/2022,Adidas Online Store,Midwest,Illinois,Men's Athletic Footwear,Online,62.8,34.0,2135.2
103541,28/05/2022,Sports Direct,Northeast,Pennsylvania,Kids' Footwear,Outlet,53.81,19.0,1022.39
106983,21/05/2022,Walmart,SOUTHEAST,Florida,Men's Athletic Footwear,IN-STORE,,24.0,1043.04
103898,02 Jun 2022,J.D. Sports,West,California,Women's Street Footwear,OUTLET,52.14,36.0,1877.04
103420,2022-05-14,West Gear,West,Washington,Men's Street Footwear,Online,69.48,60.0,
107821,11/13/2023,walmart,West,Arizona,Women's Athletic Footwear,Outlet,59.32,30.0,1779.6
109180,2022-06-30,J.D. Sports,South,Louisiana,Women's Athletic Footwear,Online,49.45,44.0,2175.8
107913,2024-02-04,Adidas Online Store,Northeast,New York,Men's Apparel,In-store,75.28,33.0,2484.24
106601,08/18/2022,Amazon,Northeast,New Jersey,Men's Street Footwear,In-store,26.04,13.0,338.52
104413,02/06/2022,ADIDAS ONLINE STORE,Midwest,Ohio,Women's Apparel,Online,19.58,,1057.32
106803,01-08-2022,Walmart,South,Tennessee,Women's Street Footwear,Outlet,,61.0,
105631,19-08-2022,West Gear,Northeast,Pennsylvania,Men's Athletic Footwear,Outlet,80.55,29.0,2335.95
104825,2022-09-22,Walmart,Midwest,Michigan,Outdoor Footwear,In-store,12.46,77.0,959.42
103428,2024-08-04,Sports Direct,MIDWEST,Wisconsin,Men's Athletic Footwear,In-store,70.79,36.0,2548.44
100633,2023-04-22,Sports Direct,Southeast,Florida,Kids' Apparel,Outlet,38.72,44.0,1703.68
101530,02/04/2024,West Gear,West,  Arizona  ,Women's Apparel,Outlet,64.87,34.0,2205.58
101128,29/03/2024,Amazon,SOUTHEAST,North Carolina,Kids' Footwear,Online,52.68,37.0,1949.16
107878,30 May 2022,Walmart,Northeast,New York,Women's Street Footwear,Outlet,45.82,43.0,1970.26
104450,28 Sep 2022,J.D. Sports,Southeast,,Men's Street Footwear,Online,34.13,26.0,887.38
107681,15/02/2023,J.D. Sports,South,,Kids' Footwear,In-store,53.35,,1760.55
101430,29/11/2024,Sports Direct,Midwest,Wisconsin,Outdoor Footwear,Outlet,49.72,60.0,4474.799999999999
106004,2022-06-08,Adidas Online Store,South,Tennessee,Women's Athletic Footwear,Online,48.7,3.0,146.1
100770,17-06-2023,Amazon,Southeast,,Men's Street Footwear,Online,40.55,9.0,364.95
107944,13 Apr 2023,West Gear,Midwest,Wisconsin,Men's Apparel,In-store,35.95,30.0,1078.5
106926,05 Aug 2023,Walmart,Northeast,Massachusetts,Outdoor Footwear,Online,65.39,44.0,
108060,03 Aug 2022,ADIDAS ONLINE STORE,Southeast,North Carolina,Men's Street Footwear,Online,52.72,49.0,2583.28
100491,21 May 2024,Foot Locker,Midwest,Illinois,Outdoor Footwear,Online,75.21,,2331.51
101031,23 Aug 2024,Kohl's,MIDWEST,,Women's Athletic Footwear,IN-STORE,43.0,16.0,688.0
108240,06 Oct 2023,Foot Locker,Northeast,Pennsylvania,Men's Athletic Footwear,in-store,30.79,30.0,923.7
100953,02/22/2022,Foot Locker,Southeast,North Carolina,Kids' Apparel,Outlet,37.73,1.0,37.73
106546,2023-08-03,Walmart,Midwest,Illinois,Men's Athletic Footwear,In-store,54.58,23.0,1255.34
102172,03/15/2023,Walmart,Northeast,New Jersey,Women's Apparel,In-store,71.74,62.0,4447.88
108524,10-08-2024,Walmart,Southeast,Georgia,Women's Street Footwear,In-store,85.63,38.0,3253.94
103964,26/10/2024,Sports Direct,South,Tennessee,Kids' Apparel,In-store,58.2,31.0,1804.2
109570,2022-10-14,Kohl's,SOUTH,Texas,Women's Apparel,Outlet,43.74,3.0,131.22
104578,2023-06-29,Kohl's,South,Oklahoma,Kids' Apparel,In-store,39.09,55.0,2149.95
108923,11 Apr 2022,Adidas Online Store,Northeast,New York,Men's Street Footwear,In-store,47.03,46.0,2163.38
109429,27 Jun 2024,Walmart,Midwest,Illinois,Accessories,In-store,64.6,62.0,4005.2
109054,26/07/2024,West Gear,Southeast,Georgia,Men's Apparel,Outlet,84.2,52.0,4378.4
109440,13/05/2023,Kohl's,Southeast,Virginia,Men's Street Footwear,In-store,52.8,,2534.4
100939,23/01/2023,Walmart,SOUTH,Texas,Kids' Footwear,Online,64.29,1.0,64.29
105879,22-08-2024,Kohl's,West,Washington,Men's Apparel, In-store,32.07,6.0,192.42
101345,2022-01-05,Kohl's,West,Oregon,Accessories,IN-STORE,27.15,43.0,
104348,10/23/2024,West Gear,Southeast,Florida,Outdoor Footwear,Online,41.79,50.0,2089.5
103475,16 Dec 2023,WEST GEAR,Midwest,Michigan,Men's Athletic Footwear,Online,57.42,66.0,3789.72
105437,30 Nov 2023,Foot Locker,NORTHEAST,Massachusetts,Kids' Apparel,In-store,41.78,83.0,3467.74
100126,02 Jul 2024,Kohl's,Northeast,Massachusetts,Kids' Footwear,Outlet,51.66,30.0,1549.8
108410,17/02/2023,J.D. SPORTS,Northeast,Massachusetts,Kids' Footwear,Outlet,43.34,15.0,650.1
101573,02/08/2024,AMAZON,South,Texas,Men's Athletic Footwear,Online,44.39,30.0,1331.7
107076,2023-05-07,J.D. Sports,Midwest,Ohio,Women's Street Footwear, Online,48.83,40.0,1953.2
109620,08/16/2022,Walmart,South,Oklahoma,Women's Apparel,Outlet,54.7,14.0,765.8
107787,2024-06-27,Foot Locker,Southeast,Virginia,Men's Street Footwear,Outlet,46.55,59.0,2746.45
102248,2023-10-22,Amazon,Northeast,New Jersey,Outdoor Footwear,Outlet,81.19,1.0,81.19
103467,06/15/2023,Walmart,South,Oklahoma,Outdoor Footwear,Online,55.86,-68.0,3798.48
100738,08/07/2024,Foot Locker,Southeast,Virginia,Men's Street Footwear,In-store,74.56,35.0,
101336,2023-11-30,Kohl's,Southeast,Georgia,Women's Athletic Footwear,In-store,45.0,1.0,45.0
104135,16-10-2024,Walmart,Northeast,Massachusetts,Accessories,Outlet,94.4,54.0,5097.6
101605,10/02/2022,Foot Locker,Northeast,New York,Men's Athletic Footwear,Outlet,55.51,17.0,943.67
107345,04/12/2023,Foot Locker,West,California,Women's Street Footwear,Online,35.11,55.0,1931.05
103725,12/05/2024,  Foot Locker ,Northeast,Pennsylvania,Kids' Apparel,Outlet,48.63,1.0,48.63
104829,08/13/2022,Sports Direct,West,Oregon,Kids' Apparel,Outlet,87.66,67.0,5873.22
104917,24 Jun 2023,West Gear,Midwest,Michigan,Accessories,In-store,46.85,1.0,46.85
106908,20-01-2022,Adidas Online Store,South,Louisiana,Kids' Footwear,Outlet,,58.0,
106444,24/10/2023,J.D. Sports,Southeast,Florida,Accessories,Online,74.19,13.0,964.47
108253,01 May 2023,amazon,Midwest,Ohio,Accessories,Outlet,47.23,23.0,1086.29
101510,2023-03-02,Foot Locker,SOUTH,Tennessee,Women's Athletic Footwear,Online,54.48,54.0,2941.92
103769,2024-02-28,Adidas Online Store,West,California,Men's Apparel,Outlet,37.45,34.0,1273.3
105499,28-09-2023,West Gear,Southeast,Georgia,Kids' Footwear,In-store,44.3,1.0,44.3
101265,06 Dec 2023,j.d. sports,Southeast,Virginia,Women's Street Footwear,In-store,73.13,1.0,73.13
100389,08/12/2023,Adidas Online Store,Northeast,New York,Women's Athletic Footwear,In-store,59.69,33.0,1969.77
103291,04 Apr 2022,West Gear,West,Oregon,Men's Street Footwear,,66.19,25.0,1654.75
103906,11 Feb 2024,West Gear,MIDWEST,Illinois,Men's Street Footwear,Online,50.28,40.0,2011.2
100179,10-07-2023,West Gear,South,Oklahoma,Women's Street Footwear,Outlet,9.02,36.0,324.72
102572,17 May 2022,j.d. sports,Northeast,Massachusetts,Women's Apparel,Outlet,50.04,36.0,1801.44
102698,2022-04-17,West Gear,West,Oregon,Men's Street Footwear,Online,54.65,40.0,2186.0
108389,08/16/2022,WEST GEAR,Northeast,Pennsylvania,Kids' Footwear,Online,71.22,9.0,640.98
100973,19/01/2022,Walmart,Northeast,Massachusetts,Outdoor Footwear,online,37.9,26.0,985.4
101115,16/04/2024,west gear,Midwest,Illinois,Accessories,Online,57.97,29.0,1681.13
103532,2022-03-20,Foot Locker,West,Washington,Accessories,Online,33.99,22.0,747.78
106786,28-11-2024,J.D. Sports,SOUTHEAST,North Carolina,Women's Apparel,IN-STORE,64.55,6.0,387.3
106950,2024-04-28,Foot Locker,Southeast,North Carolina,Men's Street Footwear,Online,61.01,15.0,915.15
108547,07/12/2024,Foot Locker,Midwest,Wisconsin,Men's Apparel, Online,22.68,55.0,1247.4
101315,13-05-2024,West Gear,West,California,Men's Athletic Footwear,In-store,68.89,49.0,3375.61
104671,30/04/2023,J.D. Sports,West,Oregon,Accessories,Outlet,28.62,54.0,1545.48
101235,2023-06-21,Walmart,South,Texas,Kids' Footwear,Online,63.82,10.0,638.2
109745,12/30/2024,Foot Locker,SOUTHEAST,Virginia,Kids' Apparel,Outlet,48.87,41.0,2003.67
109427,2022-01-05,  Adidas Online Store ,Northeast,New Jersey,Women's Street Footwear,In-store,48.33,42.0,
109483,16/12/2022,J.D. SPORTS,Midwest,Wisconsin,Men's Apparel,Outlet,52.66,48.0,2527.68
107630,18 Jun 2023,Adidas Online Store,West,Washington,Men's Street Footwear,Outlet,92.67,37.0,3428.79
100797,2023-03-11,  Sports Direct ,Northeast,New Jersey,Accessories,Outlet,,51.0,2780.52
102450,06 Apr 2024,Kohl's,South,Oklahoma,Men's Street Footwear,Online,78.92,1.0,78.92
101625,15-06-2023,Foot Locker,Northeast,New York,Kids' Footwear,In-store,29.66,35.0,1038.1
102538,2022-03-08,J.D. Sports,West,Washington,Womens Street Footwear,Outlet,63.49,39.0,2476.11
101066,08/08/2024,Sports Direct,Northeast,Pennsylvania,Kids' Footwear,Online,70.66,28.0,1978.48
105448,11/07/2023,foot locker,South,Louisiana,Women's Athletic Footwear,In-store,68.52,45.0,3083.4
108377,23/05/2024,Sports Direct,South,Louisiana,Women's Apparel,In-store,59.74,57.0,3405.18
106600,2022-02-09,Walmart,Midwest,Ohio,Kids' Apparel,In-store,55.3,12.0,663.6
107208,10-02-2022,West Gear,Midwest,Michigan,Kids' Footwear,online,55.21,,2374.03
105846,09 Jun 2023,FOOT LOCKER,South,Oklahoma,Kids' Apparel,Online,49.56,21.0,1040.76
107011,01/10/2022,Sports Direct,SOUTHEAST,Georgia,Women's Apparel,Online,56.74,2.0,113.48
101390,03/05/2024,Amazon,West,Washington,Men's Street Footwear,Outlet,63.1,16.0,1009.6
101435,2024-04-28,Kohl's,South,Texas,Kids' Apparel,in-store,35.99,52.0,1871.48
108924,08 Jul 2023,Amazon,Northeast,Massachusetts,Men's Athletic Footwear,Online,55.1,42.0,2314.2
107433,04-08-2022,  J.D. Sports ,WEST,California,Kids' Footwear,Online,79.33,38.0,3014.54
106256,01/06/2023,Adidas Online Store,Northeast,New Jersey,Men's Athletic Footwear,in-store,49.0,18.0,882.0
105249,08 Nov 2022,West Gear,Northeast,New York,Kids' Footwear,Online,11.88,27.0,320.76
103047,2023-02-16,Sports Direct,South,Louisiana,Men's Street Footwear,In-store,55.01,55.0,3025.55
103472,25-02-2022,KOHL'S,Northeast,New Jersey,Women's Athletic Footwear,Outlet,50.75,43.0,2182.25
107387,01/04/2022,Walmart,Midwest,Illinois,Men's Street Footwear,In-store,18.22,33.0,601.26
101182,11/28/2022,Walmart,NORTHEAST,New York,Kids' Footwear,In-store,53.55,,2034.9
100326,19-09-2024,Walmart,Midwest,Wisconsin,Accessories,In-store,54.57,61.0,3328.77
106955,18 Jul 2022,J.D. Sports,Southeast,Georgia,Men's Athletic Footwear,,38.94,1.0,38.94
102122,2022-09-04,Sports Direct,Midwest,Wisconsin,Women's Apparel,Outlet,82.25,25.0,2056.25
102741,07-10-2022,Amazon,NORTHEAST,Massachusetts,Kids' Footwear,Outlet,73.53,6.0,441.18
101658,2023-12-20,Adidas Online Store,Southeast,Georgia,Women's Street Footwear,Online,48.15,55.0,2648.25
105865,13/05/2024,Amazon,Midwest,Michigan,Outdoor Footwear,In-store,80.68,33.0,2662.44
106731,08 Dec 2023,Walmart,WEST,California,Men's Street Footwear,Outlet,47.42,27.0,1280.34
105384,17-10-2024,Kohl's,South,Oklahoma,Women's Street Footwear,Outlet,63.45,23.0,1459.35
108195,29/11/2024,Kohl's,Northeast,New Jersey,Accessories, Outlet,55.44,2.0,110.88
109251,04/06/2022,Foot Locker,West,Washington,Kids' Footwear,Online,55.24,7.0,386.68
101782,17/02/2023,Adidas Online Store,Midwest,Michigan,Kids' Apparel,Online,68.79,59.0,4058.61
102540,2022-07-24,Kohl's,South,Texas,Kids' Footwear,In-store,63.11,53.0,3344.83
102669,06 Nov 2022,Kohl's,South,Oklahoma,Men's Apparel,Outlet,,45.0,1298.25
102319,20-06-2023,Sports Direct,Southeast,North Carolina,Kids' Footwear,In-store,70.24,36.0,2528.64
100868,28/08/2022,  Kohl's ,Midwest,Illinois,Kids' Apparel,Online,60.16,,3609.6
108726,2024-09-13,Walmart,West,  Washington  ,Men's Street Footwear,In-store,26.29,37.0,972.73
103571,07-12-2022,Amazon,West,Arizona,Kids' Apparel,Online,103.13,35.0,3609.55
105517,18/04/2024,Amazon,Midwest,Michigan,Men's Apparel,Online,64.56,58.0,5616.72
100811,17-02-2022,Walmart,WEST,Washington,Kids' Footwear,ONLINE,35.43,30.0,1062.9
104442,29-01-2022,Amazon,South,Louisiana,Outdoor Footwear,Online,47.9,75.0,3592.5
100098,05-05-2022,Sports Direct,Midwest,Michigan,Men's Street Footwear,Outlet,13.95,76.0,1060.2
108751,02-09-2024,Walmart,West,Arizona,Women's Apparel,,33.76,32.0,1080.32
106743,05/16/2024,J.D. Sports,South,Tennessee,Women's Apparel,Outlet,51.55,7.0,360.85
105198,19/01/2023,adidas online store,Midwest,Michigan,Men's Street Footwear,In-store,80.81,6.0,484.86
102801,2023-02-25,Walmart,West,California,Accessories,Online,56.6,44.0,2490.4
103805,06/05/2023,sports direct,Northeast,,Men's Street Footwear,ONLINE,75.19,64.0,4812.16
100463,12/09/2023,Foot Locker,Southeast,Florida,Women's Apparel,In-store,40.38,21.0,
106502,10/01/2024,West Gear,West,Washington,Women's Apparel,In-store,51.26,30.0,1537.8
108444,05/06/2024,Adidas Online Store,Northeast,New Jersey,Women's Street Footwear,Outlet,44.19,44.0,1944.36
101979,29 Jan 2023,West Gear,Midwest,Ohio,Men's Apparel,Online,15.08,3.0,45.24
109187,15 Nov 2022,Foot Locker,West,California,Women's Athletic Footwear,Outlet,86.26,18.0,1552.68
104192,2023-11-21,Kohl's,West,California,Men's Street Footwear,online,80.98,58.0,4696.84
102358,11/14/2022,Kohl's,Southeast,Georgia,Kids' Apparel,Online,92.46,42.0,3883.32
104345,2022-07-31,Sports Direct,Northeast,New Jersey,Kids' Footwear,IN-STORE,77.88,45.0,3504.6
108892,2024-07-19,West Gear,South,Tennessee,Accessories,Online,27.69,48.0,1329.12
100164,2024-07-04,Adidas Online Store,Southeast,Florida,Kids' Apparel,Online,,58.0,1285.86
105705,2022-10-02,J.D. Sports,SOUTHEAST,Virginia,Kids' Footwear,Online,37.38,61.0,2280.18
108025,2023-02-12,Kohl's,West,Oregon,Outdoor Footwear,In-store,55.62,1.0,55.62
102213,2022-10-08,West Gear,South,Tennessee,Kids' Apparel,In-store,77.36,54.0,4177.44
109738,12/24/2022,Sports Direct,South,Louisiana,Women's Apparel, Outlet,74.56,48.0,3578.88
107249,10/29/2023,Sports Direct,SOUTHEAST,North Carolina,Kids' Footwear,IN-STORE,13.13,50.0,
108618,27-12-2024,Amazon,West,Arizona,Men's Apparel,Online,58.72,1.0,58.72
105390,2024-10-29,Walmart,West,California,Kids' Apparel,Outlet,65.53,30.0,
102916,2024-10-21,Amazon,Southeast,Virginia,Outdoor Footwear,online,39.26,14.0,549.64
100735,31/05/2023,Adidas Online Store,South,Louisiana,Women's Athletic Footwear,Outlet,59.4,43.0,2554.2
105527,08/06/2023,Kohl's,West,Washington,Outdoor Footwear,Outlet,48.6,41.0,1992.6
105803,01 Sep 2022,Amazon,Northeast,Massachusetts,Kids' Apparel,in-store,49.08,2.0,98.16
104397,27-10-2024,Amazon,West,,Men's Athletic Footwear,In-store,70.52,1.0,70.52
102478,04/13/2023,Amazon,South,Texas,Women's Street Footwear, Online,61.12,1.0,61.12
106135,26 May 2022,West Gear,Southeast,,Accessories,In-store,27.4,63.0,1726.2
102957,2023-01-06,Sports Direct,West,Oregon,Men's Street Footwear,Online,74.93,44.0,3296.92
109379,08/19/2022,Foot Locker,South,Oklahoma,Women's Apparel,Outlet,41.55,56.0,2326.8
103131,10-02-2023,Walmart,West,,Women's Street Footwear,In-store,49.39,33.0,1629.87
108823,29/09/2022,J.D. Sports,Southeast,Georgia,Men's Street Footwear,Online,52.59,39.0,2051.01
101073,07/13/2022,Kohl's,Southeast,Georgia,Women's Apparel,Online,41.75,46.0,1920.5
105135,22-08-2023,  Amazon ,Northeast,Massachusetts,Women's Apparel,Outlet,37.19,60.0,2231.4
100808,2024-11-13,West Gear,West,Washington,Kids' Apparel,Outlet,,1.0,36.7
101391,07 Jun 2022,Adidas Online Store,South,Oklahoma,Outdoor Footwear,Outlet,57.91,19.0,1100.29
107686,2024-02-28,Foot Locker,Northeast,Massachusetts,Kids' Apparel,Online,47.27,18.0,850.86
100674,21-04-2024,West Gear,West,California,Kids' Apparel,Outlet,54.86,28.0,1536.08
109141,20/06/2023,  Sports Direct ,Southeast,North Carolina,Outdoor Footwear,Online,24.0,1.0,24.0
100933,22-04-2023,Adidas Online Store,Midwest,Wisconsin,Men's Apparel,,81.77,30.0,2453.1
102621,09/18/2024,WEST GEAR,West,Washington,Outdoor Footwear,Online,64.15,30.0,1924.5
103240,03-07-2023,Sports Direct,Southeast,Florida,Women's Street Footwear,Outlet,,31.0,2021.2
104155,25-06-2022,Sports Direct,West,Arizona,Outdoor Footwear,Outlet,35.1,45.0,1579.5
104201,30-11-2022,Amazon,Northeast,New Jersey,Outdoor Footwear,Online,63.72,13.0,828.36
100009,11-01-2024,J.D. Sports,West,Oregon,Outdoor Footwear,Outlet,66.09,37.0,2445.33
103699,25-02-2022,Walmart,West,Washington,Men's Apparel,Online,52.07,43.0,2239.01
100132,25 May 2022,Adidas Online Store,Southeast,North Carolina,Men's Athletic Footwear,In-store,19.69,42.0,826.98
101170,2024-01-30,Sports Direct,Southeast,Virginia,Accessories,Outlet,59.78,51.0,3048.78
106226,19-11-2022,Adidas Online Store,SOUTH,Louisiana,Men's Apparel,In-store,33.63,60.0,2017.8
103187,06/25/2022,j.d. sports,Northeast,Pennsylvania,Men's Athletic Footwear,,25.58,32.0,818.56
109202,12 Oct 2022,WALMART,West,Oregon,Men's Street Footwear,In-store,54.6,20.0,1092.0
102826,06-05-2024,Walmart,West,Arizona,Accessories,In-store,58.0,20.0,
101229,27 Jan 2022,Walmart,West,Oregon,Men's Apparel,Online,57.75,41.0,2367.75
109281,31 Mar 2023,West Gear,Southeast,North Carolina,Men's Athletic Footwear,Outlet,56.86,23.0,1307.78
102221,30-08-2024,Foot Locker,Southeast,North Carolina,Women's Apparel, In-store,59.33,63.0,3737.79
106355,08/01/2023,Kohl's,Northeast,Massachusetts,Women's Street Footwear,ONLINE,29.97,44.0,1318.68
107902,05 Aug 2023,Amazon,Northeast,New York,Outdoor Footwear,Outlet,66.36,23.0,1526.28
108534,10/09/2024,West Gear,WEST,Arizona,Outdoor Footwear,Outlet,74.56,53.0,3951.68
101332,05/07/2024,Walmart,South,Tennessee,Women's Athletic Footwear,Outlet,67.66,49.0,3315.34
104844,25 Dec 2024,J.D. Sports,Southeast,Florida,Accessories,IN-STORE,53.89,33.0,1778.37
104097,29 Oct 2023,Walmart,NORTHEAST,New Jersey,Men's Street Footwear,Online,74.71,58.0,4333.18
109545,12-02-2024,Walmart,West,California,Outdoor Footwear,Outlet,58.73,29.0,1703.17
101593,2022-12-10,J.D. Sports,NORTHEAST,New Jersey,Kids' Footwear,Outlet,44.39,36.0,1598.04
100062,26-11-2023,Adidas Online Store,Southeast,Georgia,Accessories,outlet,67.74,37.0,
105620,16/02/2022,Amazon,Midwest,Ohio,Men's Athletic Footwear,outlet,,38.0,2258.34
106808,14 Mar 2022,Adidas Online Store,NORTHEAST,Pennsylvania,Men's Athletic Footwear,Online,69.75,34.0,2371.5
100774,11 May 2022,Adidas Online Store,Northeast,New York,Men's Apparel,In-store,44.19,25.0,1104.75
101878,29-06-2022,Adidas Online Store,Midwest,Ohio,Women's Apparel,In-store,55.27,12.0,663.24
106171,07/11/2023,J.D. Sports,Northeast,New Jersey,Men's Street Footwear,Online,34.8,34.0,1183.2
104609,12/28/2022,Kohl's,Midwest,Wisconsin,Women's Athletic Footwear,Online,43.78,38.0,1663.64
100723,17 Apr 2024,Adidas Online Store,Northeast,New York,Kids' Footwear,Online,28.99,37.0,
101165,09/05/2024,Sports Direct,West,Arizona,Outdoor Footwear, Online,51.67,26.0,1343.42
106707,2023-06-07,AMAZON,Southeast,North Carolina,Women's Street Footwear,Outlet,58.73,60.0,3523.8
101796,2024-11-19,J.D. Sports,West,Washington,Women's Street Footwear,In-store,47.83,19.0,908.77
100151,2023-01-31,WALMART,West,Washington,Accessories,Outlet,61.59,31.0,1909.29
104804,04 Apr 2022,SPORTS DIRECT,Northeast,New Jersey,Accessories,In-store,93.9,22.0,2065.8
106150,03-03-2023,Sports Direct,NORTHEAST,New Jersey,Men's Apparel,,29.08,43.0,1250.44
101490,05/10/2024,J.D. Sports,Midwest,Ohio,Outdoor Footwear,Outlet,42.41,9.0,381.69
103535,02/28/2022,J.D. Sports,South,Oklahoma,Outdoor Footwear,Online,76.89,65.0,4997.85
107165,01/21/2023,Walmart,West,Washington,Men's Street Footwear,In-store,93.6,30.0,2808.0
101418,02-04-2022,Sports Direct,South,Tennessee,Accessories,Online,53.85,37.0,1992.45
107822,07/20/2022,J.D. Sports,Midwest,Michigan,Kids' Apparel,Online,38.84,21.0,815.64
105718,31/05/2023,SPORTS DIRECT,Southeast,Georgia,Accessories, In-store,57.69,52.0,
104062,09/28/2024,  Adidas Online Store ,SOUTH,Texas,Men's Apparel,In-store,49.26,42.0,2068.92
100729,05/05/2024,  West Gear ,Northeast,New York,Women's Apparel,In-store,81.77,52.0,4252.04
100184,10/19/2022,Sports Direct,West,Washington,Men's Street Footwear,In-store,56.59,45.0,2546.55
103850,2023-10-10,Amazon,South,Oklahoma,Women's Athletic Footwear,Outlet,85.04,1.0,85.04
107547,09-12-2024,Adidas Online Store,MIDWEST,Illinois,Kids' Footwear,Online,53.05,39.0,2068.95
100081,2024-07-29,Kohl's,West,Oregon,Men's Apparel,In-store,36.41,43.0,1565.63
106298,30-06-2022,Foot Locker,Northeast,Massachusetts,Men's Apparel,Outlet,43.62,1.0,43.62
104484,28-04-2023,Adidas Online Store,Midwest,Ohio,Kids' Footwear,In-store,29.84,7.0,208.88
101264,02/27/2023,Kohl's,West,Arizona,Kids' Footwear,Outlet,32.65,9.0,293.85
104509,06 Feb 2024,Foot Locker,West,Oregon,Women's Street Footwear,Outlet,58.61,40.0,2344.4
107832,28/08/2024,Sports Direct,West,,Outdoor Footwear,In-store,87.76,45.0,3949.2
103267,2023-11-14,Kohl's,Midwest,Illinois,Kids' Apparel,In-store,45.14,33.0,1489.62
103440,16 Jun 2023,Kohl's,NORTHEAST,Pennsylvania,Accessories,Outlet,70.62,15.0,1059.3
104409,10/24/2022,Kohl's,West,California,Women's Apparel,Online,44.77,16.0,716.32
101942,2022-12-16,Sports Direct,West,California,Women's Street Footwear,,51.98,35.0,1819.3
109387,19/11/2024,Walmart,Northeast,New Jersey,Accessories,Outlet,62.09,35.0,2173.15
106873,10/31/2024,Adidas Online Store,West,California,Men's Street Footwear,In-store,50.97,53.0,
105548,28-07-2022,J.D. Sports,Midwest,Michigan,Women's Athletic Footwear,outlet,53.1,8.0,424.8
103979,05 Dec 2023,Walmart,Northeast,New Jersey,Women's Apparel,In-store,68.97,25.0,2586.375
105767,23 Jul 2024,Foot Locker,Southeast,Florida,Outdoor Footwear,Outlet,71.19,7.0,498.33
105497,01 Feb 2024,Foot Locker,Midwest,Michigan,Men's Apparel,In-store,44.16,33.0,1457.28
103715,2022-10-22,Walmart,Southeast,Florida,Accessories,Outlet,44.08,61.0,2688.88
108594,11/23/2024,J.D. Sports,Midwest,Illinois,Women's Street Footwear,Outlet,87.19,1.0,87.19
100585,26-08-2022,Kohl's,Midwest,Wisconsin,Women's Athletic Footwear, Online,67.99,5.0,339.95
107777,18 Jul 2022,J.D. Sports,Northeast,New York,Outdoor Footwear, Online,43.06,14.0,602.84
100994,2024-08-14,J.D. Sports,West,Oregon,Men's Athletic Footwear,in-store,51.66,54.0,2789.64
105344,09-06-2023,foot locker,Southeast,Georgia,Kids' Apparel,,51.46,30.0,1543.8
100693,2023-12-13,J.D. Sports,Midwest,Ohio,Men's Street Footwear,Online,42.9,1.0,42.9
105913,15/09/2023,J.D. SPORTS,Midwest,Ohio,Women's Street Footwear,Outlet,29.36,5.0,146.8
100786,17 Aug 2022,Sports Direct,Midwest,Michigan,Accessories,Online,13.57,68.0,922.76
106857,17 Jul 2024,Adidas Online Store,South,Tennessee,Outdoor Footwear,In-store,,43.0,3377.22
105650,18/02/2024,West Gear,Northeast,New York,Kids' Footwear,Online,56.04,23.0,1288.92
105105,2022-05-09,Amazon,Northeast,Pennsylvania,Women's Athletic Footwear,Online,70.28,17.0,1194.76
107816,2024-05-05,Walmart,Southeast,Georgia,Kids' Apparel,Outlet,81.05,1.0,81.05
109610,2023-01-10,Kohl's,Midwest,Ohio,Outdoor Footwear,Online,36.04,49.0,1765.96
106358,13 Jul 2023,Walmart,Southeast,Georgia,Kids' Apparel,OUTLET,61.87,1.0,61.87
104833,14-10-2023,J.D. Sports,Northeast,Pennsylvania,Men's Street Footwear,Outlet,84.66,9.0,761.94
107139,2024-04-23,KOHL'S,Midwest,Ohio,Accessories,Outlet,,43.0,3391.41
109262,07/07/2022,Sports Direct,West,Oregon,Men's Athletic Footwear,Online,58.29,1.0,58.29
104124,08/27/2023,J.D. Sports,Northeast,Pennsylvania,Kids' Footwear, Outlet,58.98,23.0,1356.54
104027,04 Jul 2024,J.D. Sports,West,Washington,Kids' Apparel,in-store,84.47,15.0,1267.05
100692,23 Jul 2023,j.d. sports,Northeast,Pennsylvania,Women's Apparel,Online,48.25,29.0,1399.25
105087,17-10-2022,J.D. Sports,Northeast,Pennsylvania,Women's Apparel,Outlet,70.92,80.0,5673.6
100843,2023-06-23,West Gear,Midwest,Illinois,Outdoor Footwear, In-store,95.05,50.0,4752.5
108147,16-02-2022,Kohl's,South,Louisiana,Outdoor Footwear,In-store,49.0,10.0,490.0
105266,17/04/2024,Sports Direct,Southeast,Georgia,Kids' Footwear,Outlet,50.89,,3155.18
106661,29 Oct 2023,J.D. Sports,South,Oklahoma,Outdoor Footwear,IN-STORE,42.11,16.0,673.76
101745,15-11-2022,Amazon,Northeast,Massachusetts,Women's Apparel,In-store,56.99,22.0,1253.78
105694,13 Feb 2022,West Gear,Southeast,Florida,Kids' Footwear,Outlet,65.88,26.0,1712.88
107876,2024-02-25,Walmart,Northeast,New Jersey,Men's Apparel,Online,77.96,1.0,77.96
108906,2022-12-13,Adidas Online Store,Midwest,Ohio,Accessories,Outlet,81.84,21.0,1718.64
103970,19/05/2024,Foot Locker,MIDWEST,Wisconsin,Women's Apparel,In-store,50.63,28.0,1417.64
109194,24 May 2024,Adidas Online Store,Northeast,New Jersey,Kids' Footwear,Outlet,43.12,74.0,3190.88
101988,2024-01-07,Walmart,SOUTHEAST,Virginia,Women's Apparel,Online,44.47,15.0,667.05
107481,24/08/2024,Sports Direct,South,Texas,Women's Apparel,Online,101.09,39.0,3942.51
102596,07/29/2023,Walmart,West,California,Outdoor Footwear,Online,59.07,32.0,1890.24
102116,18-05-2022,Amazon,Southeast,Virginia,Outdoor Footwear,Outlet,51.58,34.0,1753.72
106152,08-04-2023,Walmart,Midwest,Illinois,Men's Apparel,In-store,88.28,45.0,3972.6
107847,21 Mar 2024,Walmart,West,Arizona,Outdoor Footwear,Outlet,49.1,8.0,392.8
103485,01/19/2022,Kohl's,South,Texas,Women's Athletic Footwear,In-store,,13.0,661.44
108358,2022-06-22,West Gear,Northeast,Massachusetts,Men's Athletic Footwear,In-store,27.44,68.0,1865.92
105346,2022-06-16,Kohl's,West,Washington,Outdoor Footwear,Online,43.25,51.0,2205.75
100914,14-01-2022,Adidas Online Store,Midwest,Michigan,Women's Street Footwear,Outlet,12.24,9.0,110.16
103402,19-01-2024,Sports Direct,Southeast,North Carolina,Men's Street Footwear,Online,29.95,23.0,688.85
107085,25/09/2024,J.D. Sports,Southeast,Florida,Kids' Apparel,Online,87.79,57.0,5004.03
105381,2023-04-10,J.D. Sports,Southeast,Georgia,Kids' Apparel,Outlet,45.45,49.0,2227.05
104521,2023-09-25,foot locker,Northeast,New Jersey,Accessories,Online,85.73,8.0,685.84
105385,09-04-2023,Kohl's,Northeast,New York,Men's Street Footwear,Online,76.25,42.0,
100448,2024-11-16,Sports Direct,South,Oklahoma,Men's Athletic Footwear,Online,52.16,24.0,1251.84
104448,19/08/2024,Adidas Online Store,West,Washington,Women's Apparel,Online,62.38,10.0,623.8
105607,03/13/2022,Walmart,Midwest,Illinois,Accessories,Outlet,90.74,40.0,3629.6
101850,03 May 2024,J.D. Sports,Southeast,North Carolina,Kids' Footwear,In-store,56.52,15.0,847.8
108791,2022-08-19,amazon,Northeast,Pennsylvania,Women's Street Footwear,Outlet,91.73,16.0,1467.68
102613,16-10-2022,J.D. Sports,SOUTH,Tennessee,Kids' Footwear,Online,,27.0,1195.02
103102,2023-06-25,Foot Locker,Midwest,Illinois,Kids' Footwear,Outlet,46.77,30.0,1403.1
100431,2022-02-10,J.D. Sports,Midwest,Ohio,Outdoor Footwear,Outlet,96.87,48.0,4649.76
106130,2024-05-30,Kohl's,West,Washington,Kids' Apparel,Outlet,8.0,33.0,264.0
104789,2024-11-20,West Gear,Northeast,New Jersey,Kids' Apparel,Outlet,76.75,8.0,614.0
102577,10/13/2024,Foot Locker,Midwest,Illinois,Women's Street Footwear,Outlet,25.13,25.0,
100218,2023-07-07,West Gear,WEST,California,Women's Street Footwear,Online,,18.0,1162.8
101982,2024-08-25,Walmart,Southeast,Virginia,Outdoor Footwear,In-store,0.0,37.0,2179.67
109604,06/20/2023,J.D. Sports,West,Oregon,Kids' Footwear,Online,79.62,,1194.3000000000002
100744,21/02/2024,West Gear,West,Washington,Kids' Apparel, Online,65.22,38.0,2478.36
108617,2024-06-25,Amazon,SOUTH,Oklahoma,Accessories,Online,82.71,67.0,5541.57
106898,25 Feb 2022,J.D. Sports,South,Louisiana,Women's Apparel,In-store,32.01,35.0,1120.35
101209,16 Dec 2024,West Gear,Southeast,Georgia,Kids' Footwear,In-store,68.68,31.0,2129.08
100236,2022-05-19,Sports Direct,Northeast,New York,Men's Street Footwear,Online,65.91,37.0,2438.67
101831,05-05-2024,Walmart,Northeast,New York,Men's Athletic Footwear,Outlet,42.66,55.0,2346.3
109714,25 Apr 2024,West Gear,South,Tennessee,Kids' Apparel,Online,37.99,11.0,417.89
106335,01/09/2022,Foot Locker,Midwest,Michigan,Women's Street Footwear, Outlet,60.21,44.0,2649.24
104252,13 Dec 2024,Amazon,West,California,Women's Street Footwear,In-store,40.1,43.0,1724.3
103103,27/12/2024,Adidas Online Store,Southeast,Virginia,Men's Athletic Footwear,Outlet,61.96,51.0,3159.96
101493,22 Sep 2024,West Gear,Midwest,Michigan,Men's Athletic Footwear,In-store,81.1,40.0,3244.0
104770,2024-05-16,Walmart,South,Louisiana,Women's Athletic Footwear,Outlet,71.32,39.0,2781.48
103876,11/19/2022,ADIDAS ONLINE STORE,South,Tennessee,Kids' Footwear, In-store,79.05,26.0,2055.3
104652,24-08-2024,Adidas Online Store,Northeast,New Jersey,Women's Street Footwear,Online,18.71,53.0,991.63
104615,2024-12-12,  Foot Locker ,West,Arizona,Outdoor Footwear,In-store,47.47,26.0,1234.22
100741,02/14/2023,West Gear,West,California,Outdoor Footwear, In-store,26.68,23.0,61364.0
106274,23/07/2024,Adidas Online Store,West,Oregon,Outdoor Footwear,Outlet,37.43,37.0,1384.91
102440,10-02-2022,Amazon,Southeast,Georgia,Kids' Apparel,In-store,47.85,11.0,789.5250000000001
101258,25 Oct 2022,J.D. Sports,West,Washington,Kids' Apparel,In-store,84.75,53.0,4491.75
106195,2023-02-10,J.D. Sports,NORTHEAST,New Jersey,Outdoor Footwear,In-store,33.66,77.0,2591.82
108026,12/27/2023,Sports Direct,South,Tennessee,Kids' Footwear,Online,73.38,48.0,3522.24
103333,02 Dec 2023,Sports Direct,SOUTHEAST,Virginia,Outdoor Footwear,In-store,98.56,21.0,2069.76
100125,2023-03-19,Sports Direct,Midwest,Michigan,Accessories,Online,52.85,6.0,317.1
102610,2022-09-15,Foot Locker,Midwest,Michigan,Women's Apparel,Online,39.01,6.0,234.06
101666,13-06-2024,J.D. Sports,Midwest,Illinois,Men's Apparel,Online,73.66,,4714.24
107668,02 Jun 2023,Adidas Online Store,NORTHEAST,New Jersey,Women's Athletic Footwear,Outlet,30.86,27.0,833.22
108218,28/01/2024,Foot Locker,Northeast,Pennsylvania,Women's Apparel,Outlet,68.63,43.0,2951.09
102169,02/09/2023,kohl's,Midwest,Michigan,Outdoor Footwear,In-store,65.55,11.0,721.05
101160,20-02-2022,  Adidas Online Store ,Northeast,Pennsylvania,Accessories,Online,83.37,31.0,2584.47
105750,21-08-2022,Sports Direct,Southeast,Georgia,Men's Street Footwear,Online,77.65,,4426.05
107820,12/21/2024,  Sports Direct ,Southeast,Virginia,Kids' Apparel,In-store,38.45,17.0,653.65
107401,24 Jul 2022,Walmart,Northeast,Pennsylvania,Men's Athletic Footwear,Online,64.48,27.0,1740.96
100803,2023-10-22,Walmart,West,Washington,Women's Street Footwear,Outlet,46.87,34.0,1593.58
107303,24/10/2023,Adidas Online Store,Midwest,Wisconsin,Men's Athletic Footwear,In-store,58.47,17.0,99399.0
106520,25 Oct 2022,Foot Locker,West,California,Women's Apparel,Outlet,61.15,31.0,1895.65
104733,29 Jul 2022,Kohl's,Midwest,Wisconsin,Men's Apparel,Online,27.17,21.0,570.57
105164,02/12/2024,Walmart,South,Oklahoma,Men's Apparel,Online,31.23,21.0,655.83
106888,26 Dec 2022,Walmart,Northeast,New York,Accessories,Online,46.83,8.0,374.64
102254,24 Dec 2023,Sports Direct,NORTHEAST,Massachusetts,Men's Athletic Footwear,Online,91.3,47.0,4291.1
103054,2023-10-26,Sports Direct,Southeast,Georgia,Kids' Footwear,Online,82.99,44.0,
103073,2022-02-12,sports direct,West,Washington,Women's Apparel,Outlet,67.03,3.0,201.09
106982,14/04/2024,J.D. Sports,Midwest,Wisconsin,Men's Street Footwear,In-store,55.02,26.0,1430.52
104113,12/05/2022,J.D. Sports,Southeast,North Carolina,Women's Apparel,In-store,63.77,36.0,2295.72
106837,14 Jan 2024,west gear,Northeast,Pennsylvania,Accessories,Outlet,48.23,26.0,1253.98
107968,18/05/2024,Amazon,South,Texas,Mens Apparel,In-store,87.09,61.0,5312.49
109484,07/09/2024,West Gear,South,Louisiana,Women's Apparel,Outlet,60.49,,2238.13
109679,02-04-2024,  Kohl's ,West,Washington,Men's Athletic Footwear,Online,52.65,53.0,2790.45
100789,02/12/2024,Foot Locker,Midwest,Illinois,Men's Athletic Footwear,Online,61.36,,
102679,2024-08-02,West Gear,South,,Women's Apparel,Outlet,66.64,30.0,1999.2
103652,2022-07-17,Foot Locker,South,Oklahoma,Outdoor Footwear,Outlet,,29.0,615.67
108686,05/27/2022,Amazon,South,Texas,Men's Street Footwear,Online,81.48,30.0,2444.4
100084,02/21/2024,Sports Direct,Southeast,North Carolina,Men's Street Footwear,Outlet,41.07,46.0,1889.22
105386,14-03-2024,Foot Locker,West,Washington,Outdoor Footwear,Outlet,17.16,34.0,583.44
108825,17/01/2022,J.D. Sports,Southeast,Virginia,Kids' Footwear,In-store,55.41,44.0,2438.04
106827,2022-01-23,Foot Locker,South,Louisiana,Women's Athletic Footwear,Outlet,94.93,14.0,1329.02
105789,05/10/2023,West Gear,Midwest,Michigan,Accessories,Outlet,70.5,13.0,916.5
104130,23-12-2022,Sports Direct,MIDWEST,Wisconsin,Kids' Apparel,In-store,46.75,27.0,1262.25
109515,26 Dec 2022,West Gear,West,,Kids' Footwear,Outlet,50.97,35.0,1783.95
100026,31-03-2024,West Gear,WEST,Arizona,Kids' Apparel,Online,93.24,39.0,
100027,11/29/2022,West Gear,Northeast,New Jersey,Women's Athletic Footwear,Outlet,57.03,40.0,2281.2
104972,2022-08-13,Sports Direct,West,Oregon,Men's Apparel,Online,83.62,12.0,1003.44
107478,2024-05-13,West Gear,South,Louisiana,Men's Athletic Footwear,ONLINE,,21.0,852.39
104821,05 Mar 2024,Sports Direct,MIDWEST,Illinois,Women's Apparel, Outlet,35.88,16.0,
101682,26 Sep 2022,Foot Locker,South,Louisiana,Accessories,In-store,57.58,1.0,57.58
106206,24/03/2023,J.D. Sports,Northeast,New York,Kids' Apparel,In-store,59.12,9.0,532.08
109293,29/09/2022,  Adidas Online Store ,West,Washington,Men's Street Footwear,Outlet,17.26,39.0,673.14
106509,06/19/2023,  Sports Direct ,Midwest,Wisconsin,Outdoor Footwear,In-store,36.15,64.0,2313.6
103271,09/23/2023,Kohl's,Northeast,,Women's Apparel,Online,54.24,21.0,1139.04
108991,16/06/2023,Foot Locker,South,Louisiana,Men's Street Footwear,Outlet,61.33,63.0,3863.79
103479,29-12-2022,West Gear,West,Oregon,Kids' Apparel,Online,91.34,40.0,3653.6
106348,12/15/2023,Adidas Online Store,Northeast,New York,Men's Athletic Footwear,Outlet,42.81,47.0,2012.07
103824,2024-04-05,Foot Locker,Northeast,Massachusetts,Accessories,Online,31.71,-29.0,919.59
106250,01-10-2024,Sports Direct,WEST,Washington,Men's Street Footwear,In-store,59.79,28.0,1674.12
105757,01 Feb 2024,Adidas Online Store,West,Arizona,Kids' Footwear,Outlet,59.88,23.0,1377.24
103924,2024-03-26,Walmart,West,Oregon,Kids' Footwear,Outlet,10.44,1.0,10.44
103466,2022-08-20,J.D. Sports,Northeast,Pennsylvania,Women's Street Footwear,Online,63.85,49.0,3128.65
100006,06/01/2023,West Gear,West,Washington,Outdoor Footwear,Outlet,42.49,31.0,1317.19
101656,2022-06-19,West Gear,Northeast,Massachusetts,Men's Apparel,Outlet,59.65,61.0,3638.65
102571,04/07/2022,Sports Direct,Midwest,Ohio,Men's Athletic Footwear,,52.77,4.0,211.08
104090,2024-05-23,J.D. Sports,Southeast,Georgia,Men's Apparel,In-store,45.94,28.0,1286.32
105282,01/12/2024,Adidas Online Store,Northeast,Massachusetts,Women's Street Footwear,In-store,64.8,40.0,2592.0
109116,2024-06-17,West Gear,Midwest,Ohio,Women's Apparel,Outlet,73.36,29.0,2127.44
103098,23 Jun 2022,J.D. Sports,West,Washington,Kids' Apparel,Outlet,34.6,60.0,2076.0
104846,06 May 2024,j.d. sports,South,Tennessee,Kids' Apparel,In-store,60.21,63.0,
105857,2024-09-13,J.D. Sports,West,Washington,Women's Apparel, Online,36.7,53.0,1945.1
104554,18 May 2023,Walmart,South,Texas,Women's Athletic Footwear, Outlet,71.69,34.0,2437.46
101069,2024-08-03,Kohl's,Southeast,Florida,Kids' Apparel,Outlet,57.93,55.0,3186.15
107922,2023-10-18,J.D. Sports,Midwest,Wisconsin,Accessories,In-store,53.91,6.0,323.46
101062,16/05/2022,Sports Direct,SOUTH,Texas,Women's Apparel,Outlet,57.4,31.0,1779.4
102604,24/02/2024,West Gear,SOUTHEAST,North Carolina,Women's Street Footwear, Outlet,74.61,22.0,1641.42
102848,12-11-2023,Walmart,West,Arizona,Men's Apparel,Online,58.0,37.0,
104202,01/07/2024,Kohl's,Midwest,Michigan,Kids' Footwear,,45.86,18.0,825.48
105091,01 Jan 2022,West Gear,West,California,Women's Athletic Footwear,Outlet,59.56,35.0,2084.6
107420,25/01/2024,Foot Locker,Midwest,Illinois,Kids' Apparel,Outlet,34.66,32.0,1109.12
106453,28 Apr 2024,West Gear,West,,Kids' Footwear,Online,37.7,,1508.0
108066,02-07-2023,Amazon,Southeast,North Carolina,Men's Street Footwear,online,58.91,43.0,2533.13
103746,10/10/2024,Amazon,SOUTHEAST,Virginia,Women's Athletic Footwear,In-store,85.47,22.0,1880.34
104490,05/20/2023,Kohl's,NORTHEAST,New Jersey,Women's Athletic Footwear,Outlet,53.77,63.0,
104916,2024-12-11,Amazon,South,Louisiana,Men's Athletic Footwear,Outlet,77.08,68.0,5241.44
103378,29-06-2024,Amazon,Midwest,Ohio,Women's Apparel,Online,52.03,30.0,1560.9
101007,19-02-2024,Amazon,Southeast,Georgia,Men's Athletic Footwear, In-store,,1.0,25.52
100042,01 Jan 2023,Adidas Online Store,Northeast,New York,Women's Athletic Footwear,Outlet,63.31,16.0,1519.44
104410,08-01-2024,Walmart,West,Arizona,Outdoor Footwear,In-store,55.07,31.0,1707.17
101814,12/12/2023,Adidas Online Store,Southeast,,Men's Athletic Footwear,In-store,56.97,1.0,
101960,22/05/2024,Walmart,South,Louisiana,Men's Street Footwear,Online,45.55,31.0,1412.05
108463,26-02-2022,Kohl's,WEST,,Women's Athletic Footwear,In-store,35.54,32.0,1137.28
108565,27-03-2024,Adidas Online Store,Northeast,Pennsylvania,Accessories,In-store,48.42,40.0,1936.8
108543,01 Aug 2022,J.D. Sports,Southeast,North Carolina,Men's Athletic Footwear,In-store,8.64,,
108499,14 Dec 2023,Foot Locker,Northeast,Massachusetts,Women's Apparel,,66.73,34.0,2268.82
105985,05/09/2024,Walmart,Southeast,Florida,Kids' Apparel, Online,29.77,41.0,1220.57
101145,06/05/2023,  West Gear ,Northeast,Massachusetts,Men's Street Footwear, Outlet,79.4,18.0,1429.2
109211,2022-08-23,Amazon,South,Texas,Women's Apparel,Outlet,,29.0,1875.43
103003,08 Aug 2023,Adidas Online Store,Northeast,New York,Men's Apparel,online,48.64,25.0,1216.0
104559,2024-11-20,  Foot Locker ,Northeast,New York,Women's Athletic Footwear,Online,86.17,15.0,
108134,28-03-2022,Walmart,Northeast,Pennsylvania,Women's Athletic Footwear,Outlet,67.61,20.0,1352.2
106128,13/04/2022,Sports Direct,South,Louisiana,Accessories,online,,47.0,
103644,14/05/2022,Foot Locker,Northeast,Pennsylvania,Women's Athletic Footwear,In-store,70.9,24.0,1701.6
107070,12-04-2024,kohl's,West,California,Women's Apparel,online,23.74,71.0,1685.54
103075,05/09/2024,Adidas Online Store,Midwest,Michigan,Men's Apparel,Online,79.89,30.0,
101220,2024-03-06,Foot Locker,West,,Outdoor Footwear,in-store,62.93,64.0,4027.52
102759,09/09/2024,Walmart,Northeast,Massachusetts,Women's Athletic Footwear,In-store,86.6,43.0,3723.8
106409,03/13/2024,  Foot Locker ,West,Oregon,Kids' Apparel,IN-STORE,66.54,22.0,1463.88
100850,11 Nov 2023,Adidas Online Store,Southeast,North Carolina,Accessories, Online,50.52,55.0,2778.6
102363,2022-11-16,  Kohl's ,South,Oklahoma,Women's Apparel,In-store,78.33,50.0,3916.5
108953,06/22/2023,J.D. Sports,Southeast,North Carolina,Women's Apparel,In-store,90.35,55.0,4969.25
106197,03-05-2022,Amazon,Midwest,Wisconsin,Kids' Footwear,In-store,49.79,9.0,448.11
108965,11/07/2023,J.D. SPORTS,Southeast,Georgia,Men's Street Footwear,Outlet,50.24,,703.36
107298,2022-08-12,Sports Direct,MIDWEST,Illinois,Accessories,outlet,60.13,56.0,3367.28
102666,07-01-2023,Walmart,Northeast,New York,Women's Street Footwear,Online,58.46,40.0,2338.4
107370,01/15/2024,Amazon,Northeast,New Jersey,Kids' Footwear,ONLINE,27.22,32.0,
107183,25/06/2023,Kohl's,SOUTH,Tennessee,Women's Athletic Footwear,Outlet,69.65,10.0,696.5
108301,19-01-2024,Sports Direct,Midwest,Michigan,Men's Apparel,Outlet,57.7,15.0,865.5
102981,2023-06-26,Adidas Online Store,South,Oklahoma,Women's Apparel,Online,86.42,40.0,3456.8
105264,30/06/2023,Adidas Online Store,WEST,California,Women's Street Footwear, Online,68.67,21.0,1442.07
105671,2024-07-10,Kohl's,South,Oklahoma,Outdoor Footwear,In-store,53.28,21.0,1118.88
105901,26 Aug 2023,Kohl's,South,Tennessee,Men's Street Footwear,In-store,60.61,14.0,848.54
103721,2022-01-20,Kohl's,Southeast,,Men's Apparel,In-store,,34.0,2012.12
105924,25-11-2024,West Gear,West,Washington,Men's Athletic Footwear,Online,,25.0,1503.75
108257,02-10-2023,Walmart,South,Louisiana,Men's Street Footwear,Online,38.46,40.0,1538.4
102464,10-08-2022,Walmart,Southeast,Virginia,Men's Street Footwear,in-store,81.28,29.0,2357.12
100015,09/27/2023,J.D. Sports,Northeast,Massachusetts,Men's Athletic Footwear,In-store,75.99,26.0,1975.74
105200,10 Oct 2024,West Gear,Northeast,Pennsylvania,Men's Street Footwear, Outlet,62.98,20.0,1259.6
102947,23 Jan 2023,Foot Locker,Southeast,Virginia,Kids' Footwear,Online,32.97,7.0,230.79
100905,20 Mar 2023,J.D. Sports,Southeast,North Carolina,Women's Street Footwear,ONLINE,48.5,20.0,970.0
106507,11-09-2023,Amazon,SOUTHEAST,North Carolina,Kids' Apparel,Outlet,49.62,37.0,1835.94
101043,11/11/2024,Walmart,Midwest,Michigan,Women's Street Footwear,In-store,101.68,39.0,3965.52
105849,24/09/2024,Walmart,Midwest,Illinois,Kids' Apparel,In-store,33.73,52.0,1753.96
104529,04 Aug 2022,Adidas Online Store,West,Washington,Outdoor Footwear,Outlet,77.81,44.0,3423.64
103415,2024-02-08,Amazon,West,,Women's Street Footwear,,46.36,1.0,
104669,22 Apr 2024,WALMART,Midwest,Michigan,Women's Street Footwear,Outlet,21.62,30.0,648.6
107922,2023-10-18,J.D. Sports,Midwest,Wisconsin,Accessories,In-store,53.91,6.0,323.46
100947,01/25/2024,  West Gear ,West,Oregon,Kids' Apparel, Online,57.66,28.0,1614.48
102618,10/01/2022,  West Gear ,South,Louisiana,Kids' Apparel,In-store,59.54,65.0,3870.1
108919,21/02/2023,J.D. Sports,Midwest,Wisconsin,Outdoor Footwear,In-store,66.22,58.0,3840.76
107430,18-04-2024,Kohl's,West,Oregon,Accessories,Outlet,0.0,29.0,1003.69
104193,05/08/2022,  Walmart ,Midwest,Michigan,Women's Apparel,In-store,64.46,28.0,1804.88
109659,08/12/2024,ADIDAS ONLINE STORE,Southeast,North Carolina,Accessories,In-store,78.95,31.0,2447.45
104636,14 Jul 2022,Adidas Online Store,South,Texas,Kids' Apparel,In-store,59.79,,1733.91
100082,2023-06-24,Amazon,SOUTHEAST,Georgia,Kids' Apparel, In-store,92.2,5.0,
102636,12 Feb 2024,Amazon,West,Arizona,Kids' Apparel,Online,31.64,39.0,1233.96
109739,2024-01-10,Kohl's,West,Washington,Outdoor Footwear,Online,33.84,8.0,270.72
105923,23-02-2024,Adidas Online Store,West,Oregon,Men's Athletic Footwear,Outlet,46.39,57.0,
105600,05/10/2022,Kohl's,Midwest,Illinois,Men's Apparel,Outlet,100.98,17.0,
106933,24/12/2024,Walmart,Northeast,  New York  ,Kids' Apparel,Outlet,53.36,45.0,2401.2
103355,18/11/2022,West Gear,West,California,Women's Athletic Footwear,In-store,,35.0,2822.75
106909,03/06/2022,Amazon,Southeast,Virginia,Kids' Apparel,In-store,38.99,6.0,233.94
100948,05/14/2022,J.D. Sports,Northeast,New York,Men's Apparel,In-store,30.46,40.0,1218.4
100454,2022-09-28,Adidas Online Store,MIDWEST,Michigan,Kids' Apparel,Online,65.88,29.0,1910.52
101672,22-01-2023,J.D. Sports,Midwest,Illinois,Men's Street Footwear,In-store,39.56,46.0,1819.76
103513,02/04/2022,Adidas Online Store,Midwest,Ohio,Accessories,In-store,22.4,68.0,1523.2
103742,11/02/2024,Walmart,Midwest,Illinois,Women's Athletic Footwear,Online,67.6,6.0,405.6
104478,2024-03-21,Walmart,Northeast,Massachusetts,Kids' Footwear,Online,51.64,13.0,671.32
105909,15/07/2023,Adidas Online Store,Northeast,New York,Outdoor Footwear,,47.92,86.0,
101077,2022-07-26,Adidas Online Store,West,Arizona,Kids' Footwear,In-store,44.46,1.0,44.46
105716,2023-06-05,  Foot Locker ,Northeast,New Jersey,Men's Street Footwear,Online,21.1,19.0,400.9
100812,03/02/2024,J.D. Sports,South,Louisiana,Kids' Apparel,Online,37.05,2.0,74.1
102395,2022-12-09,  Sports Direct ,Southeast,Virginia,Men's Street Footwear,Outlet,16.51,41.0,676.91
102028,2022-05-22,Kohl's,Midwest,Ohio,Men's Apparel, In-store,,23.0,988.77
105683,19-07-2023,Amazon,South,Texas,Kids' Apparel,Outlet,44.92,50.0,2246.0
104487,13/04/2022,Foot Locker,Midwest,Michigan,Outdoor Footwear,Online,57.69,62.0,3576.78
106566,03/17/2022,Sports Direct,WEST,Arizona,Accessories,Online,64.1,41.0,2628.1
109433,2022-12-17,Adidas Online Store,Northeast,Massachusetts,Accessories,In-store,58.12,17.0,988.04
107305,2023-02-25,Adidas Online Store,South,Texas,Women's Apparel,Online,41.26,24.0,
106153,2023-08-30,West Gear,South,Oklahoma,Men's Apparel,online,54.03,17.0,918.51
101808,2023-01-09,Kohl's,West,Arizona,Kids' Footwear,In-store,61.05,1.0,61.05
100528,2024-12-17,  Walmart ,South,Louisiana,Outdoor Footwear,Online,73.42,11.0,1211.43
106110,17 Jan 2024,Adidas Online Store,South,Tennessee,Men's Athletic Footwear,In-store,103.6,36.0,3729.6
106258,2023-07-04,amazon,Northeast,New York,Men's Athletic Footwear,ONLINE,75.25,30.0,2257.5
101949,05/03/2022,Kohl's,Southeast,North Carolina,Men's Apparel,Outlet,50.44,24.0,1210.56
102498,05-02-2024,Amazon,Northeast,New Jersey,Kids' Apparel,Outlet,63.84,33.0,2106.72
102795,07-04-2023,Kohl's,Southeast,Florida,Kids' Footwear,Online,24.08,65.0,1565.2
105897,20/08/2023,Foot Locker,MIDWEST,Illinois,Women's Street Footwear,In-store,29.61,1.0,29.61
101068,04/04/2022,Sports Direct,South,Oklahoma,Men's Apparel,Outlet,25.13,39.0,980.07
100532,22/11/2023,Walmart,MIDWEST,Wisconsin,Men's Street Footwear,Online,75.43,13.0,980.59
106771,19-01-2023,Kohl's,Midwest,Ohio,Kids' Footwear,Online,71.8,21.0,1507.8
103533,15-07-2024,J.D. Sports,Midwest,Ohio,Women's Athletic Footwear,Online,45.75,1.0,45.75
103826,22 Jun 2023,Amazon,Northeast,Pennsylvania,Men's Apparel,Online,67.09,74.0,4964.66
105618,09/11/2024,Sports Direct,West,Oregon,Kids' Footwear,outlet,67.51,58.0,3915.58
105351,11/22/2024,  West Gear ,Southeast,North Carolina,Women's Apparel,Online,42.24,26.0,1098.24
108267,03-05-2023,Sports Direct,Northeast,New Jersey,Men's Athletic Footwear,Outlet,70.95,45.0,3192.75
108292,01 Jul 2022,J.D. Sports,Northeast,New Jersey,Women's Apparel,OUTLET,61.12,13.0,794.56
103519,11 Feb 2024,J.D. Sports,Midwest,Ohio,Men's Street Footwear,IN-STORE,66.11,51.0,3371.61
105159,11 Apr 2023,Walmart,Midwest,Ohio,Accessories,In-store,63.18,47.0,2969.46
108804,21 Jul 2024,Walmart,Midwest,Ohio,Outdoor Footwear, Outlet,50.8,,1676.3999999999999
107800,28/06/2022,West Gear,NORTHEAST,Massachusetts,Accessories,IN-STORE,71.77,22.0,1578.94
101316,2023-07-15,  Foot Locker ,MIDWEST,Michigan,Women's Street Footwear, Online,56.75,,851.25
108639,18-10-2022,J.D. SPORTS,Northeast,Massachusetts,Men's Apparel,Outlet,75.83,45.0,3412.35
103469,04/09/2022,Foot Locker,Southeast,Georgia,Men's Street Footwear,Online,79.56,42.0,3341.52
108562,23/09/2022,J.D. Sports,Northeast,New York,Outdoor Footwear,outlet,100.24,18.0,1804.32
104818,23/01/2023,Adidas Online Store,South,Tennessee,Women's Street Footwear,,48.22,53.0,2555.66
101767,16-04-2024,Adidas Online Store,Northeast,Pennsylvania,Women's Apparel,In-store,55.78,54.0,3012.12
107433,04-08-2022,  J.D. Sports ,WEST,California,Kids' Footwear,Online,79.33,38.0,3014.54
101217,01/06/2024,FOOT LOCKER,Southeast,North Carolina,Men's Street Footwear,Outlet,49.61,22.0,1091.42
106303,15/09/2023,J.D. Sports,West,Arizona,Accessories,In-store,65.6,22.0,1443.2
104954,08-06-2023,KOHL'S,West,Arizona,Women's Athletic Footwear,Outlet,66.58,53.0,3528.74
104194,05/19/2022,Walmart,West,California,Women's Street Footwear,Online,101.9,26.0,2649.4
107943,26-03-2024,Walmart,SOUTHEAST,Virginia,Women's Street Footwear,Online,29.17,52.0,1516.84
107626,07-12-2024,West Gear,West,Arizona,Men's Apparel,In-store,85.87,7.0,601.09
103955,12/09/2024,Sports Direct,Midwest,Wisconsin,Kids' Apparel,Outlet,55.17,,1213.74
100863,2022-05-21,Foot Locker,Northeast,Pennsylvania,Men's Apparel,Online,67.29,38.0,2557.02
106112,18/03/2023,Sports Direct,South,Tennessee,Kids' Apparel,Outlet,17.35,37.0,641.95
105107,23/03/2024,Sports Direct,Southeast,Florida,Kids' Footwear,In-store,62.04,27.0,1675.08
109451,02/22/2023,J.D. Sports,West,Washington,Women's Street Footwear,Online,63.22,37.0,2339.14
105960,15/07/2024,KOHL'S,SOUTH,Tennessee,Kids' Apparel,Online,54.67,,601.37
106192,09 May 2022,Amazon,South,Oklahoma,Kids' Apparel,Outlet,37.42,21.0,785.82
105093,20-05-2024,J.D. SPORTS,Midwest,Illinois,Women's Street Footwear,Outlet,106.69,52.0,
109154,2024-04-20,Walmart,Midwest,Ohio,Men's Athletic Footwear,In-store,71.16,25.0,1779.0
107677,25-05-2024,J.D. Sports,Midwest,Illinois,Women's Athletic Footwear,Outlet,44.38,44.0,1952.72
100373,01 Jul 2022,  Sports Direct ,West,California,Men's Street Footwear,In-store,9.61,22.0,211.42
109043,04/24/2022,West Gear,Northeast,Massachusetts,Men's Apparel,Online,69.56,42.0,2921.52
105639,15/08/2024,Adidas Online Store,Midwest,Michigan,Men's Apparel,In-store,59.39,31.0,1841.09
109562,27/04/2022,SPORTS DIRECT,Midwest,Michigan,Women's Apparel,Outlet,73.36,29.0,2127.44
103334,10-07-2023,West Gear,Midwest,Wisconsin,Accessories,In-store,43.57,39.0,1699.23
106897,14/03/2024,Kohl's,West,Oregon,Accessories,Outlet,80.03,12.0,960.36
100392,2023-08-25,west gear,Southeast,Virginia,Accessories,In-store,78.32,26.0,2036.32
107142,18-07-2023,  West Gear ,Northeast,New Jersey,Women's Athletic Footwear,Outlet,18.95,70.0,1326.5
108427,2022-07-05,Foot Locker,Northeast,Massachusetts,Outdoor Footwear,Outlet,40.31,61.0,2458.91
105899,09-01-2023,Amazon,Northeast,New Jersey,Kids' Footwear,Online,45.64,67.0,3057.88
109200,18/05/2024,West Gear,South,Tennessee,Kids' Apparel,In-store,48.2,42.0,2024.4
104879,15/11/2024,Foot Locker,Midwest,Illinois,Men's Athletic Footwear,Outlet,29.99,93.0,2789.07
103801,2024-04-24,Kohl's,West,Arizona,Men's Street Footwear,In-store,34.98,15.0,524.7
106311,01/02/2022,Amazon,West,Arizona,Kids' Apparel,Outlet,73.95,31.0,2292.45
109572,28/12/2022,West Gear,West,Washington,Men's Athletic Footwear,Outlet,56.25,48.0,2700.0
105410,2023-12-27,Foot Locker,West,Arizona,Men's Apparel,In-store,64.48,39.0,2514.72
108948,07/05/2022,West Gear,South,Texas,Outdoor Footwear,In-store,61.17,31.0,1896.27
104349,23-04-2023,Amazon,Northeast,New York,Women's Apparel,Online,43.89,38.0,1667.82
100816,06/14/2022,Kohl's,Northeast,New Jersey,Kids' Footwear,In-store,95.67,37.0,3539.79
103205,25/07/2023,Sports Direct,SOUTH,Louisiana,Kids' Apparel,In-store,21.86,28.0,612.08
101680,2024-12-13,Adidas Online Store,South,Louisiana,Accessories,In-store,73.17,40.0,2926.8
103327,30 Apr 2023,West Gear,Southeast,Florida,Accessories,Outlet,65.82,73.0,4804.86
109721,12/25/2022,Adidas Online Store,Northeast,Pennsylvania,Women's Street Footwear,Online,43.46,62.0,2694.52
105939,19 Jul 2022,Sports Direct,SOUTH,Texas,Men's Street Footwear,in-store,59.01,54.0,3186.54
109548,03/30/2022,J.D. Sports,South,Oklahoma,Women's Apparel,In-store,41.0,28.0,
106399,30 Oct 2022,Walmart,West,California,Men's Apparel,In-store,67.51,51.0,3443.01
101956,28 Apr 2024,Foot Locker,South,Texas,Men's Athletic Footwear,Outlet,42.53,20.0,
108219,2023-03-01,J.D. Sports,Northeast,Massachusetts,Outdoor Footwear,In-store,43.22,1.0,43.22
109199,2023-07-13,West Gear,South,Oklahoma,Women's Apparel,Online,12.8,45.0,576.0
104314,20 Mar 2022,Foot Locker,Midwest,Michigan,Men's Apparel,Online,55.96,16.0,895.36
100043,2024-04-02,West Gear,West,Oregon,Kids' Footwear,Outlet,51.08,23.0,1174.84
105334,2023-07-31,foot locker,South,Louisiana,Men's Athletic Footwear,Online,69.89,28.0,1956.92
107289,2023-06-05,Kohl's,Northeast,Massachusetts,Kids' Footwear,In-store,,59.0,
103774,11/06/2024,Sports Direct,Southeast,Virginia,Men's Street Footwear,Outlet,48.29,30.0,1448.7
101770,2023-07-03,Foot Locker,Midwest,Illinois,Men's Athletic Footwear,Outlet,44.06,16.0,704.96
101092,2024-09-01,  Adidas Online Store ,South,Tennessee,Outdoor Footwear,Online,26.9,17.0,457.3
102805,06 Mar 2024,Walmart,West,California,Women's Street Footwear,In-store,17.28,46.0,794.88
107028,2022-12-11,Foot Locker,South,Tennessee,Kids' Footwear, Online,54.58,68.0,3711.44
107815,30/01/2023,Walmart,Northeast,Massachusetts,Men's Apparel,In-store,49.01,63.0,3087.63
100377,2023-07-14,West Gear,Northeast,Massachusetts,Women's Street Footwear,In-store,49.78,13.0,647.14
102650,16-06-2024,foot locker,Midwest,Ohio,Women's Athletic Footwear,ONLINE,45.4,34.0,1543.6
107471,03/27/2024,Amazon,Midwest,Illinois,Men's Athletic Footwear,Outlet,48.09,65.0,3125.85
103218,05/29/2024,Adidas Online Store,Southeast,Georgia,Men's Apparel,Online,38.96,82.0,3194.72
109707,2024-10-17,West Gear,Midwest,Ohio,Women's Street Footwear,outlet,36.94,80.0,2955.2
108381,12/15/2022,Foot Locker,Southeast,Georgia,Accessories,In-store,72.62,47.0,3413.14
105054,12/01/2022,Sports Direct,Southeast,Virginia,Women's Apparel,ONLINE,66.57,37.0,2463.09
104040,23/06/2023,West Gear,Midwest,Wisconsin,Kids' Footwear,In-store,44.24,25.0,1106.0
101474,2023-06-10,West Gear,West,California,Women's Athletic Footwear,Online,16.17,30.0,485.1
108988,11-03-2023,  Kohl's ,Midwest,Illinois,Men's Athletic Footwear,In-store,51.98,39.0,2027.22
107327,22 Sep 2024,J.D. Sports,Northeast,Massachusetts,Women's Street Footwear,Outlet,56.69,47.0,2664.43
109030,04/05/2022,West Gear,Northeast,Pennsylvania,Kids' Apparel,,60.76,11.0,668.36
104813,24 Aug 2024,Walmart,Northeast,New Jersey,Women's Athletic Footwear,In-store,74.79,23.0,1720.17
103177,06 May 2022,Walmart,Midwest,Michigan,Men's Athletic Footwear,Outlet,73.09,25.0,1827.25
109509,25/10/2023,Sports Direct,Southeast,Virginia,Women's Athletic Footwear,In-store,60.83,38.0,2311.54
105665,19-01-2024,J.D. SPORTS,Southeast,Virginia,Kids' Apparel,In-store,74.2,57.0,4229.4
107269,07/11/2023,West Gear,South,Tennessee,Kids' Apparel,Online,61.13,77.0,4707.01
104942,18 Apr 2024,Amazon,Northeast,New Jersey,Women's Apparel,In-store,39.4,1.0,39.4
104949,27 Jul 2024,Adidas Online Store,South,Texas,Men's Street Footwear,Outlet,8.0,46.0,368.0
109266,2023-05-18,Foot Locker,West,Oregon,Women's Athletic Footwear,Online,53.73,42.0,2256.66
105407,10/15/2023,Kohl's,Northeast,New Jersey,Men's Athletic Footwear,Outlet,39.18,36.0,1410.48
108263,2024-03-21,J.D. Sports,South,Louisiana,Men's Athletic Footwear,Outlet,56.48,17.0,960.16
103263,02/16/2022,SPORTS DIRECT,Northeast,New Jersey,Women's Athletic Footwear,Online,39.39,48.0,1890.72
107706,2024-02-29,Sports Direct,South,Tennessee,Women's Street Footwear,In-store,73.22,59.0,4319.98
100031,10-09-2024,West Gear,West,California,Kids' Apparel,,47.62,1.0,47.62
105774,21-01-2022,  Amazon ,Southeast,Georgia,Women's Athletic Footwear,Online,64.98,60.0,3898.8
109121,2022-11-27,West Gear,Northeast,New York,Men's Apparel,Outlet,44.11,47.0,2073.17
104239,25 Jun 2024,Adidas Online Store,West,Washington,Kids' Footwear, Outlet,59.51,49.0,2915.99
103076,07 Oct 2024,Kohl's,Northeast,New York,Women's Street Footwear,Online,44.54,38.0,1692.52
103367,10-05-2024,Sports Direct,South,Texas,Kids' Apparel,In-store,50.01,8.0,400.08
108737,2023-07-09,Kohl's,Southeast,North Carolina,Women's Street Footwear,Online,40.18,43.0,1727.74
108815,02/19/2024,Amazon,Southeast,North Carolina,Men's Apparel,In-store,60.41,45.0,2718.45
105610,04/15/2022,Foot Locker,West,Oregon,Outdoor Footwear,In-store,44.04,58.0,2554.32
103501,2024-10-08,J.D. Sports,South,,Men's Apparel,In-store,72.96,22.0,1605.12
106480,31/03/2023,J.D. Sports,Northeast,New Jersey,Kids' Apparel,Outlet,65.26,55.0,3589.3
107755,10/09/2024,WEST GEAR,Southeast,Georgia,Men's Athletic Footwear,Outlet,58.43,58.0,3388.94
101052,21 Dec 2022,J.D. Sports,Northeast,Pennsylvania,Women's Athletic Footwear,ONLINE,60.31,48.0,2894.88
105466,02/06/2023,Walmart,West,Washington,Women's Athletic Footwear,Online,25.78,27.0,696.06
102322,15/06/2024,Kohl's,Northeast,Pennsylvania,Accessories,,75.54,49.0,3701.46
103686,01/02/2023,West Gear,Southeast,Virginia,Women's Street Footwear,outlet,55.44,77.0,4268.88
106713,2022-12-02,Walmart,Midwest,Ohio,Women's Apparel,Outlet,41.43,27.0,1118.61
105760,14 Nov 2022,Kohl's,West,Washington,Kids' Apparel,In-store,60.78,50.0,3039.0
108385,01/02/2024,WEST GEAR,Northeast,New York,Kids' Apparel,Outlet,60.91,22.0,1340.02
108626,01/11/2023,west gear,Midwest,Michigan,Accessories,Online,48.53,1.0,48.53
101652,10 Jan 2023,West Gear,Northeast,Massachusetts,Men's Street Footwear,Online,13.86,56.0,776.16
100096,12 Aug 2023,West Gear,West,Arizona,Kids' Apparel,Online,60.47,20.0,1209.4
100806,13-02-2023,Amazon,Southeast,Georgia,Womens Apparel,Online,40.45,39.0,1577.55
101239,18-04-2023,Walmart,Midwest,Wisconsin,Men's Street Footwear,In-store,,41.0,728.98
100317,2022-12-06,Adidas Online Store,Northeast,New York,Men's Apparel,Outlet,78.95,32.0,2526.4
100697,17 Jun 2023,J.D. Sports,South,Louisiana,Kids' Footwear,In-store,36.45,78.0,2843.1
101447,23 Jul 2024,Sports Direct,Southeast,Virginia,Men's Athletic Footwear,Outlet,54.24,52.0,2820.48
106332,03/10/2024,WALMART,Midwest,Illinois,Men's Athletic Footwear,In-store,35.11,9.0,315.99
103846,15-07-2022,J.D. Sports,Midwest,Michigan,Women's Athletic Footwear, Online,57.37,44.0,2524.28
109421,06/24/2024,West Gear,Southeast,Georgia,Kids' Footwear,Outlet,50.09,43.0,2153.87
107493,2024-06-28,  Kohl's ,Midwest,Michigan,Women's Apparel,In-store,49.32,38.0,1874.16
105737,07/04/2024,  Sports Direct ,West,Oregon,Outdoor Footwear,Online,55.66,28.0,1558.48
105229,2022-02-26,amazon,Northeast,Massachusetts,Men's Apparel,Outlet,96.87,37.0,3584.19
105428,07/13/2022,J.D. Sports,Southeast,Florida,Accessories,Outlet,47.82,1.0,47.82
102264,2024-07-29,AMAZON,South,Texas,Women's Apparel,In-store,34.11,41.0,1398.51
105453,09-09-2024,Walmart,South,Tennessee,Men's Athletic Footwear,In-store,45.93,35.0,1607.55
106120,2022-02-16,Amazon,South,Oklahoma,Women's Apparel,Online,82.88,43.0,3563.84
108494,13-12-2024,Amazon,West,Arizona,Men's Apparel,IN-STORE,25.63,17.0,435.71
103750,03/15/2022,Kohl's,Midwest,Michigan,Women's Apparel,outlet,90.9,17.0,1545.3
103116,2023-09-04,Kohl's,Southeast,Virginia,Men's Athletic Footwear,In-store,66.49,52.0,3457.48
107025,06/05/2022,West Gear,Northeast,  Massachusetts  ,Men's Street Footwear,Online,40.54,19.0,770.26
105024,14-09-2023,Walmart,West,Arizona,Kids' Apparel,In-store,39.21,40.0,1568.4
102354,13-02-2023,Walmart,West,California,Accessories,In-store,57.3,16.0,916.8
108314,09/22/2023,Foot Locker,SOUTH,Texas,Kids' Footwear,In-store,59.98,38.0,2279.24
105465,18 Sep 2023,Foot Locker,Midwest,Ohio,Men's Athletic Footwear,Outlet,31.37,29.0,909.73
105664,05/25/2024,Walmart,WEST,Arizona,Outdoor Footwear,,76.59,35.0,2680.65
108706,29 Aug 2022,Amazon,Northeast,New York,Accessories,In-store,64.24,,1927.2
100779,08/07/2022,Foot Locker,Midwest,Ohio,Kids' Footwear,In-store,60.11,23.0,1382.53
102758,24-08-2023,Kohl's,Northeast,Massachusetts,Outdoor Footwear,In-store,,17.0,922.08
102462,09/22/2024,Foot Locker,West,Washington,Kids' Apparel,Outlet,67.65,7.0,
106527,13 Mar 2023,J.D. Sports,South,,Women's Apparel,Online,74.45,37.0,2754.65
108482,23/12/2023,Kohl's,Southeast,North Carolina,Men's Athletic Footwear,In-store,57.22,48.0,
101994,2023-03-13,West Gear,South,Louisiana,Women's Street Footwear,Online,58.56,37.0,2166.72
108774,17 Oct 2023,West Gear,West,California,Kids' Apparel,In-store,53.01,32.0,1696.32
106676,18 Mar 2024,Adidas Online Store,Midwest,Ohio,Men's Athletic Footwear,Online,55.18,54.0,2979.72
108069,13/01/2024,Amazon,SOUTHEAST,Virginia,Men's Athletic Footwear,Outlet,80.31,52.0,4176.12
104880,21/08/2022,Sports Direct,Northeast,New York,Men's Apparel,Online,31.46,17.0,534.82
105892,03/06/2023,  West Gear ,Southeast,Florida,Women's Apparel,In-store,61.93,68.0,4211.24
105956,01/07/2022,Adidas Online Store,South,Texas,Kids' Apparel,Outlet,21.9,56.0,1226.4
100931,09/02/2023,Sports Direct,Northeast,Pennsylvania,Men's Athletic Footwear,In-store,75.3,21.0,1581.3
107633,20-01-2024,Foot Locker,South,Louisiana,Kids' Apparel,outlet,73.2,30.0,2196.0
106233,05 Mar 2024,Sports Direct,West,Arizona,Kids' Footwear,,39.24,30.0,1177.2
102164,09 Jan 2022,J.D. Sports,Midwest,Ohio,Kids' Apparel,Outlet,47.97,30.0,1439.1
100745,04/05/2023,Kohl's,Northeast,New Jersey,Men's Street Footwear,OUTLET,48.83,67.0,3271.61
108391,08-07-2024,Foot Locker,Midwest,Illinois,Accessories,In-store,67.56,53.0,3580.68
104757,19-01-2023,Sports Direct,Midwest,Illinois,Kids' Footwear,,76.5,24.0,1836.0
108201,04/04/2024,West Gear,Southeast,Virginia,Men's Athletic Footwear,Online,71.78,30.0,2153.4
109309,07 Apr 2023,Adidas Online Store,Midwest,Illinois,Men's Street Footwear,Outlet,70.7,38.0,2686.6
102661,04/30/2022,J.D. Sports,Northeast,Massachusetts,Kids' Apparel,Outlet,50.03,44.0,2201.32
104628,2024-03-20,J.D. SPORTS,SOUTHEAST,Virginia,Women's Athletic Footwear,Outlet,48.96,39.0,1909.44
108037,05/06/2024,West Gear,South,Oklahoma,Men's Street Footwear,Online,46.76,73.0,3413.48
105228,12 May 2023,WEST GEAR,Southeast,North Carolina,Women's Street Footwear,Outlet,43.36,54.0,2341.44
104187,20/10/2024,west gear,West,Oregon,Men's Apparel,In-store,38.01,10.0,380.1
102999,30 Aug 2022,Sports Direct,Midwest,Michigan,Kids' Apparel, Online,43.46,68.0,2955.28
102625,27/03/2022,foot locker,South,Texas,Kids' Footwear,OUTLET,41.81,64.0,2675.84
105584,2023-08-09,Amazon,Southeast,Florida,Men's Apparel,In-store,42.02,1.0,42.02
108869,03-04-2022,Walmart,South,Texas,Outdoor Footwear,ONLINE,37.9,,1023.3
108467,21 May 2024,Foot Locker,Southeast,Georgia,Women's Athletic Footwear,In-store,44.02,31.0,1364.62
100047,27 Feb 2022,Adidas Online Store,South,Oklahoma,Women's Athletic Footwear,In-store,54.76,33.0,1807.08
106083,15-09-2022,Sports Direct,Southeast,Florida,Women's Athletic Footwear,Online,52.51,50.0,2625.5
100273,16 Jul 2023,Walmart,West,California,Men's Street Footwear,Outlet,17.65,41.0,723.65
102187,07/02/2022,J.D. Sports,South,Oklahoma,Men's Street Footwear,In-store,67.66,32.0,2165.12
106981,07/25/2023,Amazon,Northeast,New Jersey,Women's Street Footwear,Outlet,58.48,46.0,2690.08
106284,03/08/2022,Amazon,Southeast,North Carolina,Women's Athletic Footwear,Outlet,70.66,19.0,1342.54
107024,10-01-2022,Walmart,West,Oregon,Men's Apparel,In-store,34.79,49.0,1704.71
100358,20 Jun 2023,Kohl's,Northeast,Massachusetts,Women's Apparel,Outlet,67.68,52.0,3519.36
107589,07/25/2022,Foot Locker,Southeast,Virginia,Kids' Apparel,online,84.28,39.0,3286.92
108400,22-11-2024,Walmart,West,California,Kids' Apparel,Online,33.46,63.0,2107.98
104275,24/02/2022,Kohl's,Midwest,Ohio,Outdoor Footwear,In-store,34.93,86.0,3003.98
100384,2022-01-24,WALMART,South,Oklahoma,Women's Athletic Footwear,Outlet,87.17,33.0,2876.61
109374,25-08-2022,j.d. sports,West,,Kids' Apparel,In-store,82.76,10.0,827.6
103982,19 Apr 2024,Kohl's,South,Oklahoma,Outdoor Footwear,Outlet,57.38,23.0,
103628,02 May 2023,sports direct,South,Louisiana,Men's Apparel,In-store,8.0,62.0,496.0
102361,2023-01-13,Amazon,South,Texas,Men's Athletic Footwear,Outlet,52.03,27.0,1404.81
100941,09-01-2022,Kohl's,MIDWEST,Wisconsin,Men's Apparel,In-store,39.18,1.0,39.18
106618,19 Oct 2022,West Gear,Southeast,Georgia,Women's Athletic Footwear,in-store,42.43,14.0,594.02
106634,03/11/2023,J.D. Sports,Midwest,Illinois,Men's Athletic Footwear,In-store,67.04,12.0,804.48
105162,23 Jan 2024,Walmart,West,Arizona,Men's Athletic Footwear,Outlet,46.75,51.0,2384.25
102896,06-05-2023,Adidas Online Store,Southeast,Florida,Women's Athletic Footwear,In-store,21.15,35.0,740.25
102807,03/31/2023,West Gear,Southeast,North Carolina,Women's Street Footwear,Outlet,93.7,14.0,1311.8
103434,25/08/2024,Walmart,Southeast,Virginia,Women's Street Footwear,In-store,52.87,40.0,2114.8
105280,09-12-2024,Amazon,SOUTHEAST,North Carolina,Accessories,In-store,46.39,71.0,3293.69
103414,04/10/2022,West Gear,Southeast,North Carolina,Outdoor Footwear,Outlet,81.83,26.0,2127.58
106326,31-03-2023,J.D. Sports,West,Oregon,Women's Street Footwear,Outlet,35.21,1.0,35.21
100896,2024-10-31,foot locker,South,Louisiana,Men's Street Footwear,In-store,43.57,29.0,1263.53
101412,2023-03-06,Sports Direct,Southeast,North Carolina,Women's Street Footwear, Online,58.89,41.0,2414.49
105283,23-06-2023,Kohl's,Southeast,North Carolina,Women's Apparel,Online,32.8,11.0,360.8
102358,11/14/2022,Kohl's,Southeast,Georgia,Kids' Apparel,Online,92.46,42.0,3883.32
105837,22 Jan 2024,adidas online store,Northeast,New York,Men's Street Footwear,Outlet,72.99,32.0,2335.68
103516,21/06/2024,Foot Locker,Northeast,New York,Women's Street Footwear,In-store,67.01,43.0,2881.43
106169,06/20/2023,Sports Direct,West,Oregon,Men's Street Footwear,Online,71.33,21.0,1497.93
109322,24/12/2024,Amazon,West,Oregon,Men's Street Footwear,Online,44.66,1.0,66.99
108693,20/11/2024,West Gear,SOUTH,Texas,Women's Street Footwear,In-store,,14.0,520.24
100940,11/27/2022,  Adidas Online Store ,South,Tennessee,Women's Apparel,Outlet,,80.0,8182.4
101548,09/07/2022,J.D. Sports,Northeast,New Jersey,Men's Athletic Footwear,In-store,,51.0,1910.46
102437,04 Nov 2022,Foot Locker,Northeast,New York,Men's Street Footwear,outlet,71.09,35.0,2488.15
107059,27-10-2022,Kohl's,West,Washington,Kids' Apparel,Outlet,56.91,20.0,1138.2
102236,2022-12-29,Kohl's,South,Louisiana,Accessories,Online,52.82,,2588.18
109390,07/13/2022,Foot Locker,Southeast,Georgia,Outdoor Footwear,Outlet,22.44,48.0,1077.12
108747,11/25/2023,Amazon,Northeast,Pennsylvania,Kids' Footwear,In-store,66.8,56.0,3740.8
101267,01-12-2024,WEST GEAR,West,California,Women's Apparel,Online,62.65,46.0,
106285,21-10-2024,  Amazon ,South,Tennessee,Men's Street Footwear,Online,45.12,1.0,45.12
103346,31-05-2023,Amazon,South,Louisiana,Women's Athletic Footwear,Online,29.82,,1759.38
106649,05 Feb 2024,Foot Locker,Southeast,Virginia,Outdoor Footwear,Outlet,47.58,46.0,2188.68
101925,08/01/2023,  Kohl's ,West,California,Women's Athletic Footwear, Outlet,39.01,31.0,1209.31
102568,06/02/2024,SPORTS DIRECT,South,Tennessee,Accessories, Online,50.95,32.0,1630.4
101991,2023-07-23,Sports Direct,South,Texas,Women's Apparel,Outlet,65.29,7.0,457.03
104374,04/16/2023,Foot Locker,Midwest,Wisconsin,Men's Apparel,Online,35.42,38.0,1345.96
103741,2023-08-01,Adidas Online Store,West,Oregon,Men's Athletic Footwear,Outlet,72.8,39.0,2839.2
107458,24/02/2022,Kohl's,Southeast,Florida,Women's Athletic Footwear,Online,,-11.0,979.66
109468,21-10-2022,J.D. Sports,West,Arizona,Women's Athletic Footwear,Online,15.45,1.0,15.45
103494,17-02-2022,  Amazon ,South,Oklahoma,Women's Athletic Footwear,Outlet,44.07,-7.0,308.49
103371,05/09/2022,foot locker,West,Oregon,Women's Apparel,OUTLET,47.25,26.0,1228.5
106127,20/05/2022,adidas online store,South,Oklahoma,Women's Street Footwear,Online,47.47,48.0,2278.56
108810,16-03-2024,Amazon,West,Oregon,Accessories, Outlet,,12.0,509.88
105896,03/22/2024,Kohl's,West,Oregon,Kids' Footwear,,41.04,52.0,2134.08
101142,2024-08-05,  Adidas Online Store ,South,Oklahoma,Women's Street Footwear,Online,37.53,42.0,1576.26
103077,25/06/2022,West Gear,South,Oklahoma,Men's Street Footwear,In-store,18.72,3.0,56.16
107168,2024-12-07,Foot Locker,Midwest,Ohio,Women's Street Footwear,Online,42.44,25.0,1061.0
107077,13-02-2023,Walmart,Southeast,Virginia,Women's Street Footwear,Online,71.09,19.0,1350.71
104032,10 Jun 2022,Sports Direct,Southeast,Virginia,Accessories,outlet,33.32,27.0,899.64
102600,2023-12-23,Foot Locker,Midwest,Illinois,Kids' Apparel,In-store,65.45,11.0,719.95
104618,09/12/2022,J.D. Sports,West,California,Women's Apparel,In-store,56.21,20.0,1124.2
109389,21 Nov 2023,Walmart,WEST,Arizona,Men's Street Footwear,Outlet,79.62,37.0,2945.94
109311,2022-10-05,J.D. Sports,SOUTHEAST,Virginia,Women's Street Footwear,Online,42.4,17.0,
108677,2024-07-12,J.D. Sports,South,Louisiana,Kids' Footwear,In-store,54.82,76.0,4166.32
108114,09/19/2022,Sports Direct,MIDWEST,Illinois,Women's Athletic Footwear,,90.24,16.0,1443.84
109231,2023-07-30,West Gear,Midwest,Michigan,Men's Athletic Footwear,Outlet,37.33,,1941.16
107362,16-09-2024,Foot Locker,SOUTH,Tennessee,Kids' Apparel,In-store,28.21,46.0,1297.66
107135,05/24/2023,Amazon,West,California,Men's Street Footwear,Online,36.46,70.0,
100892,07 Jun 2022,ADIDAS ONLINE STORE,SOUTHEAST,North Carolina,Women's Street Footwear,Outlet,39.77,50.0,1988.5
102505,2023-09-23,J.D. Sports,Southeast,Florida,Outdoor Footwear,online,42.07,59.0,2482.13
106639,09-01-2024,j.d. sports,West,Arizona,Women's Street Footwear,In-store,49.25,23.0,1132.75
105051,2023-08-03,Adidas Online Store,Midwest,Wisconsin,Outdoor Footwear,In-store,50.07,53.0,2653.71
101787,20-08-2024,West Gear,South,Texas,Outdoor Footwear,In-store,43.92,32.0,1405.44
107467,07/04/2024,Foot Locker,SOUTH,Texas,Women's Apparel,In-store,85.64,68.0,5823.52
106504,23 Dec 2024,Kohl's,Northeast,New Jersey,Men's Athletic Footwear,Outlet,63.36,30.0,1900.8
107092,11 Jul 2022,West Gear,South,Tennessee,Women's Athletic Footwear,Online,64.48,27.0,1740.96
105805,14/09/2023,Foot Locker,Midwest,Illinois,Men's Street Footwear,In-store,56.87,54.0,3070.98
104646,29 Apr 2023,Amazon,Midwest,  Illinois  ,Kids' Apparel,in-store,75.63,24.0,1815.12
109184,05/10/2023,West Gear,West,California,Men's Apparel,Online,72.09,35.0,3784.7250000000004
109526,29/03/2024,Sports Direct,Southeast,Florida,Men's Apparel,Online,41.39,44.0,1821.16
100535,12/12/2022,Adidas Online Store,West,Arizona,Outdoor Footwear,Outlet,80.49,31.0,2495.19
108059,07/15/2024,Sports Direct,WEST,Oregon,Women's Street Footwear,ONLINE,15.14,32.0,726.72
104926,06/02/2024,  J.D. Sports ,Midwest,Ohio,Kids' Apparel,Online,39.92,1.0,39.92
100669,16-11-2024,Adidas Online Store,South,Oklahoma,Kids' Footwear,online,40.37,28.0,1130.36
108239,18 Feb 2022,Amazon,WEST,  Oregon  ,Kids' Apparel,Outlet,45.0,27.0,1215.0
102682,2024-10-16,Walmart,Midwest,Michigan,Men's Street Footwear,Outlet,77.33,68.0,5258.44
105421,19 Jan 2024,amazon,West,Oregon,Men's Apparel,In-store,48.32,68.0,
100120,2023-01-30,Adidas Online Store,Midwest,Wisconsin,Women's Street Footwear,Online,44.49,40.0,1779.6
104792,2024-11-24,Adidas Online Store,West,California,Kids' Footwear,In-store,33.0,3.0,99.0
102289,24/03/2023,Foot Locker,South,Louisiana,Outdoor Footwear,In-store,55.9,30.0,
103827,06/19/2023,Foot Locker,SOUTHEAST,Virginia,Men's Athletic Footwear,Online,86.8,51.0,4426.8
105777,09/08/2022,Adidas Online Store,South,Texas,Women's Street Footwear,Outlet,,48.0,2921.76
100727,17/06/2024,West Gear,Midwest,Ohio,Accessories,In-store,44.39,26.0,
109375,2023-12-31,Amazon,Southeast,Georgia,Men's Athletic Footwear,Outlet,57.26,18.0,1030.68
103927,08/13/2024,Foot Locker,Northeast,New Jersey,Women's Athletic Footwear,In-store,8.0,45.0,360.0
107775,04 Jul 2023,WEST GEAR,Northeast,Pennsylvania,Accessories,outlet,48.97,45.0,2203.65
108697,07/22/2023,Amazon,Midwest,Illinois,Kids' Footwear,Online,61.98,9.0,557.82
101977,12/02/2024,Amazon,Midwest,Illinois,Outdoor Footwear,Outlet,69.43,,1041.45
106697,2024-03-04,ADIDAS ONLINE STORE,Northeast,New York,Outdoor Footwear, Outlet,42.68,20.0,853.6
108875,08/19/2022,J.D. Sports,South,Tennessee,Men's Street Footwear,In-store,41.22,70.0,2885.4
102275,21 Apr 2024,West Gear,Midwest,Michigan,Kids' Apparel,IN-STORE,73.03,27.0,1971.81
101293,2022-01-05,Walmart,Southeast,Georgia,Accessories,Outlet,31.19,36.0,1122.84
103458,27 Oct 2022,Sports Direct,Northeast,New Jersey,Women's Apparel,Outlet,31.7,4.0,126.8
103081,04-10-2022,West Gear,Northeast,Pennsylvania,Men's Apparel,Online,31.76,25.0,794.0
103473,09/09/2022,ADIDAS ONLINE STORE,South,Tennessee,Men's Apparel,Online,79.98,49.0,3919.02
106949,01/09/2022,Walmart,Northeast,New Jersey,Accessories,Online,84.42,,2194.92
109241,26 Aug 2024,Adidas Online Store,Southeast,Virginia,Men's Street Footwear,Outlet,72.33,80.0,5786.4
104735,25/03/2024,Sports Direct,West,Washington,Kids' Footwear,Online,70.5,67.0,4723.5
104727,29 May 2022,Sports Direct,Southeast,Virginia,Kids' Apparel,In-store,50.33,41.0,2063.53
103824,2024-04-05,Foot Locker,Northeast,Massachusetts,Accessories,Online,31.71,-29.0,919.59
102946,07/11/2023,West Gear,Midwest,Wisconsin,Women's Street Footwear,Outlet,47.0,38.0,1786.0
101477,12/26/2023,Adidas Online Store,Northeast,Pennsylvania,Men's Street Footwear,Outlet,62.14,57.0,3541.98
106007,2022-02-26,West Gear,Southeast,Georgia,Kids' Footwear,In-store,76.05,11.0,836.55
100889,06/04/2024,J.D. Sports,Northeast,New York,Outdoor Footwear,Online,,33.0,1301.85
106362,17 Aug 2024,Adidas Online Store,Southeast,Florida,Kids' Apparel, Online,21.65,39.0,844.35
109687,25-04-2023,Walmart,Midwest,Michigan,Women's Athletic Footwear,Outlet,35.03,29.0,1015.87
109414,27 Apr 2022,  Foot Locker ,Southeast,Virginia,Accessories,Online,19.19,37.0,710.03
106434,20/08/2023,Amazon,Northeast,New York,Kids' Apparel,Outlet,48.65,1.0,48.65
102093,13-10-2023,West Gear,South,Oklahoma,Accessories,Online,47.28,39.0,1843.92
104774,2022-04-27,West Gear,Southeast,North Carolina,Men's Athletic Footwear,ONLINE,61.98,75.0,4648.5
101749,03/07/2023,J.D. Sports,South,Tennessee,Women's Apparel,Online,75.51,21.0,1585.71
106043,09/07/2023,Foot Locker,SOUTH,Oklahoma,Women's Athletic Footwear,In-store,81.11,35.0,2838.85
105168,03/16/2024,Sports Direct,Northeast,New Jersey,Men's Athletic Footwear,,39.4,27.0,1063.8
102997,16 Oct 2024,Adidas Online Store,Southeast,Virginia,Women's Apparel,Outlet,,24.0,748.8
101974,01/31/2024,J.D. Sports,West,Oregon,Men's Apparel,In-store,35.74,62.0,2215.88
104763,23/03/2023,Kohl's,Southeast,Florida,Mens Athletic Footwear,IN-STORE,88.52,43.0,3806.36
101367,13 Aug 2023,J.D. Sports,South,Tennessee,Women's Street Footwear,Outlet,10.43,40.0,417.2
109143,21/10/2023,Amazon,Midwest,Ohio,Kids' Footwear,,23.19,41.0,950.79
107958,03-04-2023,west gear,Southeast,North Carolina,Men's Street Footwear,In-store,85.48,6.0,512.88
104545,18/07/2022,SPORTS DIRECT,Northeast,Pennsylvania,Accessories,Outlet,34.52,20.0,690.4
105171,19-01-2023,  Kohl's ,Southeast,Florida,Kids' Apparel,Online,36.37,31.0,1127.47
102426,06 Jun 2022,Kohl's,South,Oklahoma,Kids' Apparel,Online,73.96,29.0,2144.84
103364,29 Jun 2022,  West Gear ,Midwest,Illinois,Women's Apparel,Outlet,55.62,19.0,1056.78
105782,03-12-2024,KOHL'S,Northeast,New Jersey,Men's Apparel,in-store,105.69,1.0,105.69
100290,10/03/2024,J.D. Sports,South,Texas,Kids' Apparel,,57.9,20.0,1158.0
102579,16/10/2022,West Gear,Midwest,Wisconsin,Outdoor Footwear,In-store,58.82,17.0,999.94
101195,05-09-2024,J.D. Sports,Midwest,Michigan,Kids' Apparel,Outlet,46.94,41.0,1924.54
101433,23/11/2024,  Walmart ,Midwest,Wisconsin,Women's Athletic Footwear,OUTLET,25.81,48.0,1238.88
102448,08/08/2022,Kohl's,South,Louisiana,Women's Street Footwear,Online,101.52,17.0,1725.84
109634,07/24/2023,Amazon,South,Oklahoma,Accessories,In-store,61.84,77.0,4761.68
101175,03 Jan 2022,Sports Direct,Northeast,New Jersey,Men's Apparel,In-store,86.9,39.0,3389.1
102496,23-10-2024,Adidas Online Store,Southeast,Georgia,Men's Apparel,In-store,60.21,55.0,3311.55
100408,02/27/2024,Adidas Online Store,Midwest,Michigan,Accessories,Online,59.67,19.0,1133.73
101512,24 Nov 2023,J.D. Sports,Midwest,Ohio,Accessories, In-store,,29.0,2032.9
104643,17/07/2022,West Gear,South,Texas,Women's Street Footwear,Outlet,47.74,12.0,572.88
102581,07 Apr 2023,West Gear,Midwest,Ohio,Women's Apparel,Online,93.13,69.0,6425.97
101260,16 Jan 2024,Kohl's,Midwest,Illinois,Men's Athletic Footwear, Outlet,64.73,25.0,1618.25
100869,14-01-2023,Adidas Online Store,Northeast,Massachusetts,Kids' Apparel,In-store,8.0,35.0,280.0
106133,15/03/2023,Walmart,Northeast,New York,Men's Apparel,In-store,77.05,66.0,5085.3
109094,04 Aug 2024,West Gear,South,Oklahoma,Men's Street Footwear,Online,,38.0,2458.22
101645,29-03-2022,Foot Locker,Midwest,Ohio,Women's Athletic Footwear,Outlet,35.29,32.0,1129.28
105165,31-10-2023,j.d. sports,West,Arizona,Accessories,Online,,59.0,4028.52
104367,10/01/2024,Kohl's,Northeast,Pennsylvania,Kids' Apparel,in-store,81.71,81.0,6618.51
104861,16 Jan 2023,West Gear,Midwest,Illinois,Kids' Footwear,Online,41.62,12.0,499.44
109128,01/17/2022,West Gear,South,Louisiana,Kids' Footwear,Outlet,36.97,42.0,1552.74
103753,26-12-2023,Foot Locker,Midwest,Ohio,Accessories,Online,8.0,44.0,352.0
108098,20-10-2024,J.D. Sports,Midwest,Wisconsin,Women's Athletic Footwear,In-store,36.01,47.0,1692.47
107141,12 Feb 2022,  Foot Locker ,South,Texas,Outdoor Footwear,In-store,56.44,49.0,2765.56
100720,31/07/2023,Kohl's,South,Oklahoma,Accessories,In-store,26.71,18.0,480.78
108580,28/06/2022,J.D. Sports,NORTHEAST,Massachusetts,Kids' Footwear,Online,57.53,59.0,3394.27
101254,03/01/2023,Amazon,SOUTH,Texas,Women's Street Footwear,Outlet,33.43,23.0,768.89
104549,17-02-2022,Kohl's,WEST,California,Outdoor Footwear,Online,63.05,33.0,2080.65
104119,02 Feb 2022,Foot Locker,South,Louisiana,Men's Apparel,In-store,72.58,15.0,1088.7
101173,24 Mar 2022,sports direct,SOUTHEAST,,Men's Apparel,Online,54.93,43.0,2361.99
100365,08 Oct 2022,Amazon,South,Tennessee,Women's Street Footwear,In-store,53.23,10.0,532.3
108504,04 Dec 2024,FOOT LOCKER,Northeast,New Jersey,Men's Apparel,In-store,95.4,25.0,2385.0
108000,10-02-2022,Walmart,Southeast,Virginia,Kids' Apparel,Online,53.3,23.0,1225.9
107009,27-06-2024,Sports Direct,SOUTHEAST,North Carolina,Accessories,Online,59.68,1.0,59.68
105851,09/01/2024,Foot Locker,South,Louisiana,Men's Athletic Footwear,Outlet,78.5,40.0,4710.0
109310,23-02-2024,J.D. Sports,South,,Women's Apparel,Outlet,80.08,40.0,3203.2
103765,07/01/2023,Sports Direct,Southeast,Florida,Women's Apparel,Online,46.79,24.0,1122.96
103169,11/07/2023,Sports Direct,Southeast,Virginia,Men's Athletic Footwear,In-store,48.01,25.0,1200.25
102910,18 Feb 2024,kohl's,SOUTHEAST,North Carolina,Kids' Footwear,Outlet,70.77,22.0,1556.94
108968,29-06-2022,  J.D. Sports ,Midwest,Wisconsin,Women's Apparel, Outlet,73.79,15.0,1106.85
107060,2024-06-21,J.D. Sports,Midwest,Michigan,Accessories,Outlet,61.43,-29.0,1781.47
104154,26-06-2022,Kohl's,South,Texas,Women's Street Footwear,Online,20.71,24.0,497.04
100442,11/05/2023,Foot Locker,Northeast,Massachusetts,Women's Apparel,In-store,64.05,40.0,2562.0
106058,18 Oct 2024,Walmart,Northeast,Massachusetts,Women's Athletic Footwear,Online,71.33,23.0,
109166,19 May 2022,Kohl's,Southeast,Virginia,Men's Athletic Footwear, In-store,87.2,43.0,3749.6
106523,2022-02-04,J.D. Sports,Midwest,Michigan,Outdoor Footwear,Online,31.19,46.0,1434.74
100932,08-06-2024,Kohl's,South,Louisiana,Women's Apparel,In-store,64.49,51.0,3288.99
102715,16 Jul 2022,Sports Direct,Southeast,North Carolina,Kids' Apparel,In-store,64.05,52.0,3330.6
108476,23 Apr 2022,  Adidas Online Store ,SOUTH,Tennessee,Women's Apparel,Online,,6.0,240.0
103499,2023-01-16,Walmart,Midwest,Michigan,Women's Apparel,Outlet,86.43,40.0,3457.2
107941,01 Jun 2023,West Gear,Midwest,Ohio,Men's Athletic Footwear,In-store,36.79,1.0,36.79
102218,07 Apr 2023,Sports Direct,SOUTHEAST,Georgia,Women's Athletic Footwear,In-store,76.86,47.0,3612.42
106056,08/20/2024,SPORTS DIRECT,West,California,Men's Street Footwear,,59.45,22.0,1307.9
104790,09-09-2024,Adidas Online Store,West,Washington,Men's Athletic Footwear,In-store,43.52,,2741.76
106766,2023-11-29,Walmart,South,Louisiana,Accessories,In-store,42.72,20.0,854.4
102293,25/08/2022,Adidas Online Store,Southeast,North Carolina,Accessories,Online,54.55,16.0,872.8
103936,30 May 2022,West Gear,South,Tennessee,Kids' Apparel,In-store,83.65,28.0,2342.2
106276,10/21/2023,Walmart,South,Oklahoma,Women's Athletic Footwear,In-store,68.05,,2449.8
107377,17 Oct 2022,AMAZON,South,Louisiana,Women's Apparel,Outlet,25.62,51.0,1306.62
101484,11-05-2022,Walmart,Southeast,Georgia,Men's Street Footwear,In-store,41.81,10.0,418.1
104293,10/11/2023,  J.D. Sports ,Midwest,Michigan,Women's Street Footwear,Outlet,69.23,44.0,3046.12
109563,2023-11-09,Foot Locker,South,Tennessee,Kids' Apparel,Outlet,47.11,8.0,376.88
106780,18 Apr 2022,Amazon,South,Texas,Women's Athletic Footwear,Online,,49.0,3819.06
109584,2024-11-18,J.D. Sports,South,Oklahoma,Women's Apparel,Online,73.06,46.0,
104390,2022-10-16,J.D. Sports,Southeast,Florida,Accessories,Online,60.64,67.0,4062.88
100923,10-10-2024,AMAZON,MIDWEST,Illinois,Women's Apparel,Outlet,68.71,32.0,2198.72
108730,17 Dec 2022,Amazon,Midwest,Ohio,Outdoor Footwear, Outlet,50.56,39.0,1971.84
107352,2022-11-08,J.D. SPORTS,SOUTHEAST,Georgia,Women's Apparel,Outlet,65.65,15.0,984.75
109092,10/03/2024,J.D. Sports,Northeast,Massachusetts,Women's Street Footwear,In-store,43.74,33.0,1443.42
106532,2024-07-23,AMAZON,Northeast,Pennsylvania,Accessories,Outlet,56.04,6.0,336.24
103301,05/29/2024,Walmart,Southeast,Virginia,Men's Athletic Footwear,In-store,63.77,51.0,3252.27
104384,11/16/2024,Kohl's,South,Tennessee,Kids' Apparel,Online,60.54,43.0,2603.22
104383,02/12/2024,Kohl's,South,,Kids' Footwear,In-store,49.29,8.0,394.32
101583,05/11/2024,West Gear,South,Louisiana,Women's Apparel,Outlet,53.92,35.0,1887.2
105689,01/23/2024,Sports Direct,Midwest,Ohio,Women's Athletic Footwear,Online,35.09,47.0,1649.23
106043,09/07/2023,Foot Locker,SOUTH,Oklahoma,Women's Athletic Footwear,In-store,81.11,35.0,2838.85
105319,11 Dec 2023,Sports Direct,Southeast,Florida,Women's Athletic Footwear,outlet,64.69,15.0,
105066,17 Dec 2023,West Gear,South,Tennessee,Kids' Apparel,Outlet,53.49,35.0,1872.15
108517,2023-03-27,Foot Locker,Northeast,Pennsylvania,Outdoor Footwear,Online,70.8,47.0,3327.6
108773,14/04/2023,Amazon,South,Oklahoma,Women's Apparel,Online,39.35,48.0,1888.8
107494,11/19/2022,Adidas Online Store,SOUTHEAST,Virginia,Men's Athletic Footwear,In-store,35.89,30.0,1076.7
103356,13-07-2023,Amazon,South,Louisiana,Kids' Footwear,In-store,64.76,33.0,2137.08
104163,07-11-2024,Amazon,Northeast,Pennsylvania,Women's Apparel,Online,8.0,1.0,8.0
102996,27-08-2024,Walmart,South,Louisiana,Kids' Apparel,ONLINE,54.54,1.0,
100607,25 May 2022,West Gear,South,Louisiana,Women's Athletic Footwear, Outlet,56.21,60.0,3372.6
101957,2024-04-19,  Amazon ,Southeast,Virginia,Women's Apparel,Online,57.48,30.0,1724.4
102853,05 Jan 2022,West Gear,Midwest,Michigan,Men's Street Footwear,online,69.19,1.0,69.19
100543,30/11/2023,West Gear,Southeast,Florida,Men's Athletic Footwear,Online,42.78,33.0,1411.74
103509,2023-10-25,Foot Locker,SOUTHEAST,Virginia,Outdoor Footwear,Outlet,42.8,48.0,2054.4
102739,03 Jan 2022,J.D. Sports,South,Oklahoma,Accessories,In-store,47.54,12.0,570.48
101954,12/22/2023,Kohl's,Midwest,Wisconsin,Kids' Footwear,In-store,76.73,23.0,1764.79
102091,04/21/2022,Kohl's,Northeast,New York,Men's Athletic Footwear,OUTLET,65.86,15.0,987.9
102456,05/01/2023,adidas online store,South,Oklahoma,Men's Street Footwear,Outlet,84.68,8.0,677.44
100643,07 Sep 2023,KOHL'S,NORTHEAST,Massachusetts,Women's Street Footwear, Online,20.21,7.0,141.47
100375,2023-02-04,Foot Locker,South,Texas,Men's Athletic Footwear, Online,47.54,8.0,
109538,23-10-2022,Kohl's,Northeast,New Jersey,Women's Athletic Footwear,outlet,61.07,48.0,2931.36
106685,08/28/2022,Adidas Online Store,Northeast,,Accessories,In-store,33.47,30.0,1004.1
105081,22-04-2022,ADIDAS ONLINE STORE,West,Washington,Kids' Apparel,In-store,42.17,32.0,1349.44
108394,2024-06-06,West Gear,Midwest,,Kids' Footwear,In-store,62.07,50.0,3103.5
108133,05/11/2023,Foot Locker,Northeast,Massachusetts,Men's Apparel,Outlet,50.15,46.0,2306.9
106659,20 Oct 2024,Adidas Online Store,West,Oregon,Kids' Footwear,Outlet,28.39,27.0,766.53
107964,01/15/2023,Amazon,Northeast,New York,Outdoor Footwear,Outlet,59.82,68.0,4067.76
105980,2024-10-27,Sports Direct,Midwest,Ohio,Kids' Apparel,Outlet,45.33,29.0,1314.57
102241,06/16/2023,Amazon,South,Texas,Men's Athletic Footwear,In-store,54.93,20.0,1098.6
104583,09/22/2023,West Gear,SOUTHEAST,Virginia,Women's Street Footwear,,93.78,,3188.52
101614,26 Aug 2024,Foot Locker,Southeast,Georgia,Outdoor Footwear,outlet,85.05,18.0,1530.9
101555,19 Jul 2022,Kohl's,Northeast,New York,Kids' Apparel,Online,26.62,20.0,532.4
102975,23/01/2023,Adidas Online Store,Midwest,Illinois,Women's Street Footwear,Online,66.17,62.0,4102.54
106640,27/04/2022,Adidas Online Store,Midwest,Ohio,Men's Athletic Footwear,Outlet,54.03,40.0,
103597,05 Sep 2024,J.D. Sports,West,California,Women's Athletic Footwear,In-store,58.28,79.0,4604.12
106782,28/04/2023,J.D. Sports,Southeast,North Carolina,Men's Apparel,In-store,50.02,15.0,750.3
103213,05/22/2023,West Gear,Midwest,,Kids' Apparel,Outlet,76.54,60.0,4592.4
101750,2023-12-21,Foot Locker,West,Arizona,Men's Athletic Footwear,Outlet,15.85,33.0,523.05
105000,2024-08-13,Kohl's,Southeast,Virginia,Kids' Apparel,Outlet,76.86,8.0,614.88
105005,12/04/2022,Walmart,Northeast,New Jersey,Women's Apparel,In-store,65.58,56.0,5508.72
107179,06/10/2022,Amazon,WEST,Oregon,Women's Apparel,Online,38.9,39.0,1517.1
102421,09 Mar 2022,Walmart,Midwest,Illinois,Kids' Apparel,Outlet,56.55,32.0,1809.6
105179,04/28/2022,Adidas Online Store,West,Arizona,Men's Street Footwear,Outlet,26.99,3.0,80.97
105342,2022-06-22,J.D. Sports,South,Louisiana,Kids' Footwear,Outlet,61.45,70.0,4301.5
101473,02/07/2022,Adidas Online Store,Midwest,Ohio,Women's Apparel,In-store,45.05,20.0,901.0
106551,01/08/2022,Sports Direct,Northeast,Pennsylvania,Women's Athletic Footwear,In-store,53.99,36.0,
100648,12/24/2023,Adidas Online Store,South,Texas,Women's Street Footwear,Outlet,56.97,,3816.99
106862,22-01-2023,Adidas Online Store,Southeast,Virginia,Men's Apparel,In-store,72.55,56.0,4062.8
106770,01-12-2023,Walmart,Southeast,North Carolina,Men's Athletic Footwear,Online,43.9,34.0,1492.6
102483,17-02-2024,West Gear,Midwest,Ohio,Kids' Footwear,Online,40.26,40.0,1610.4
102842,07 Oct 2022,Walmart,South,Tennessee,Women's Street Footwear,In-store,72.27,,2168.1000000000004
103409,08/15/2023,Amazon,South,Tennessee,Women's Street Footwear,in-store,,61.0,2818.81
103418,10/24/2022,amazon,West,Arizona,Women's Street Footwear,Online,71.49,72.0,5147.28
101553,19-07-2024,Foot Locker,Southeast,  North Carolina  ,Kids' Apparel, Online,33.08,54.0,1786.32
106508,18/01/2023,J.D. Sports,SOUTH,Louisiana,Outdoor Footwear,Online,44.7,1.0,44.7
109633,10-03-2024,Foot Locker,Midwest,Illinois,Women's Street Footwear,Outlet,,9.0,595.98
101873,27-03-2022,Adidas Online Store,Northeast,New Jersey,Women's Apparel,Outlet,30.93,37.0,1144.41
106351,01/26/2024,West Gear,Southeast,Georgia,Kids' Apparel,In-store,33.55,36.0,1207.8
108469,15 Jun 2024,Foot Locker,Northeast,New Jersey,Kids' Footwear,Outlet,44.47,13.0,578.11
102726,09-06-2022,Amazon,Midwest,,Kids' Footwear,Outlet,84.59,43.0,3637.37
103423,06/04/2024,Amazon,SOUTHEAST,North Carolina,Men's Athletic Footwear,Online,46.66,34.0,1586.44
105295,19 Jun 2022,Kohl's,South,Louisiana,Men's Athletic Footwear,Online,58.05,24.0,1393.2
109438,07 Jun 2022,FOOT LOCKER,Southeast,Virginia,Outdoor Footwear,Online,69.9,33.0,2306.7
109411,2023-05-01,Sports Direct,Southeast,Florida,Kids' Apparel,In-store,46.26,40.0,1850.4
102885,16/09/2024,Amazon,South,,Women's Apparel,In-store,92.42,48.0,4436.16
104234,14/02/2022,Sports Direct,South,Louisiana,Men's Street Footwear,OUTLET,63.81,21.0,1340.01
101728,16 Oct 2024,J.D. Sports,West,Washington,Outdoor Footwear,Outlet,77.38,9.0,696.42
103220,01 Jun 2024,J.D. Sports,West,Arizona,Men's Athletic Footwear,In-store,28.52,49.0,
109724,04-09-2022,Amazon,Northeast,,Women's Street Footwear,In-store,52.97,59.0,3125.23
107023,01/25/2024,amazon,West,Arizona,Kids' Footwear, In-store,27.71,12.0,332.52
108417,01/19/2022,Amazon,Midwest,Illinois,Men's Athletic Footwear,In-store,60.98,27.0,1646.46
105096,05/12/2023,Amazon,West,Arizona,Women's Athletic Footwear,Outlet,50.0,70.0,3500.0
107977,2022-05-19,West Gear,West,Arizona,Women's Athletic Footwear,In-store,37.89,36.0,1364.04
109401,2023-08-19,J.D. Sports,Midwest,Illinois,Men's Apparel,Online,54.93,62.0,3405.66
109253,20/01/2022,  Walmart ,Northeast,Pennsylvania,Accessories,Online,,16.0,790.4
109407,14 Nov 2024,Walmart,Northeast,New Jersey,Women's Apparel,In-store,8.0,24.0,192.0
101276,04 Mar 2024,Amazon,Southeast,Virginia,Kids' Apparel,Outlet,76.66,57.0,4369.62
100584,23/10/2024,Foot Locker,West,Washington,Women's Athletic Footwear,Online,61.61,20.0,1232.2
102317,28-08-2022,J.D. Sports,NORTHEAST,Pennsylvania,Women's Apparel,Outlet,57.04,33.0,1882.32
101476,08/08/2024,WALMART,West,California,Men's Apparel,In-store,59.54,64.0,3810.56
104986,2022-06-19,West Gear,Northeast,New Jersey,Women's Apparel,Outlet,48.55,46.0,2233.3
100224,2022-04-10,Amazon,West,Washington,Men's Athletic Footwear,Outlet,70.7,43.0,3040.1
108192,06-02-2023,Adidas Online Store,Southeast,Virginia,Men's Athletic Footwear,Outlet,25.41,28.0,711.48
108630,04-12-2022,Kohl's,Northeast,New York,Men's Apparel,Online,62.29,29.0,1806.41
100020,07/25/2023,Sports Direct,West,  Oregon  ,Kids' Footwear,Online,90.32,28.0,2528.96
104166,01/28/2022,  Kohl's ,South,Texas,Kids' Apparel,Online,49.86,52.0,2592.72
105001,07 May 2022,J.D. Sports,NORTHEAST,Massachusetts,Women's Apparel,In-store,52.18,28.0,1461.04
101618,2022-04-06,Walmart,Northeast,New York,Women's Athletic Footwear,In-store,47.31,27.0,1277.37
104647,2023-09-10,Foot Locker,Northeast,New York,Accessories,In-store,55.36,7.0,
109637,24/03/2022,Kohl's,Northeast,New Jersey,Women's Athletic Footwear,ONLINE,35.07,12.0,420.84
102511,06/05/2024,West Gear,West,Washington,Men's Athletic Footwear,In-store,49.78,24.0,1194.72
102973,23/02/2024,Walmart,Midwest,,Kids' Footwear,In-store,25.96,7.0,181.72
107480,2022-08-26,Sports Direct,West,Washington,Outdoor Footwear,Online,29.99,1.0,29.99
102250,2024-05-14,Foot Locker,SOUTHEAST,Florida,Men's Street Footwear,IN-STORE,84.11,18.0,1513.98
104831,19 Apr 2023,Walmart,Southeast,Virginia,Women's Street Footwear,Online,44.28,51.0,
106226,19-11-2022,Adidas Online Store,SOUTH,Louisiana,Men's Apparel,In-store,33.63,60.0,2017.8
108318,2024-07-03,  Sports Direct ,West,Washington,Men's Apparel,Outlet,30.01,45.0,1350.45
103020,21/02/2024,  Walmart ,Midwest,Illinois,Men's Apparel,Outlet,46.32,1.0,46.32
100676,03/08/2022,  Adidas Online Store ,NORTHEAST,Massachusetts,Kids' Apparel,Online,44.7,5.0,223.5
107930,13-12-2024,Foot Locker,South,Louisiana,Men's Apparel,Outlet,91.23,52.0,4743.96
107015,14/04/2023,Adidas Online Store,MIDWEST,Michigan,Kids' Footwear,Outlet,76.09,44.0,3347.96
105404,2023-02-21,Kohl's,Southeast,Georgia,Women's Street Footwear,Outlet,42.06,38.0,1598.28
100070,17-05-2022,West Gear,Northeast,Massachusetts,Outdoor Footwear,In-store,15.96,42.0,670.32
104853,09/04/2023,J.D. Sports,WEST,Oregon,Kids' Apparel,,55.95,37.0,2070.15
108153,24/06/2024,Sports Direct,South,Oklahoma,Kids' Apparel,In-store,51.63,1.0,51.63
106882,04/08/2022,Sports Direct,Northeast,New Jersey,Outdoor Footwear,Outlet,33.48,32.0,1071.36
103656,09 Dec 2024,West Gear,West,Arizona,Women's Street Footwear,Online,46.91,6.0,281.46
101882,04/09/2023,Adidas Online Store,Northeast,Pennsylvania,Outdoor Footwear,Online,55.98,49.0,2743.02
103938,13-03-2022,Foot Locker,Midwest,Illinois,Accessories,online,45.71,41.0,
108205,19 Aug 2022,foot locker,Southeast,Florida,Men's Apparel,Outlet,33.54,23.0,771.42
100847,04/19/2023,Kohl's,Northeast,New Jersey,Kids' Apparel,Outlet,75.27,23.0,1731.21
105628,10/02/2022,J.D. Sports,Southeast,North Carolina,Men's Athletic Footwear,Outlet,33.79,61.0,3091.785
104969,22 May 2022,WALMART,South,Louisiana,Women's Apparel, Outlet,52.99,18.0,953.82
107792,2023-01-27,Walmart,West,Arizona,Men's Apparel,Online,26.4,20.0,528.0
103661,25 Mar 2024,West Gear,West,Oregon,Men's Street Footwear,Online,58.87,37.0,2178.19
103808,12-08-2022,Amazon,NORTHEAST,New Jersey,Women's Street Footwear,In-store,41.79,,1086.54
109301,22 Nov 2023,West Gear,Midwest,Ohio,Women's Street Footwear,In-store,53.53,29.0,1552.37
108739,02-06-2023,WALMART,Southeast,Virginia,Kids' Apparel,Outlet,43.04,31.0,1334.24
109459,06/14/2022,Foot Locker,West,Arizona,Men's Apparel,In-store,35.07,27.0,946.89
104635,14 Aug 2022,FOOT LOCKER,West,Oregon,Kids' Apparel,In-store,,18.0,1475.28
104181,14-09-2024,West Gear,West,Arizona,Accessories,IN-STORE,47.46,20.0,949.2
106587,2022-08-06,Amazon,Midwest,Wisconsin,Kids' Footwear,In-store,22.85,36.0,822.6
105422,2024-01-23,West Gear,Midwest,Ohio,Outdoor Footwear,Outlet,74.32,43.0,3195.76
108930,06-03-2022,Sports Direct,Midwest,Wisconsin,Women's Street Footwear,ONLINE,60.0,48.0,2880.0
101163,2022-04-18,Adidas Online Store,SOUTH,Tennessee,Men's Athletic Footwear,Outlet,22.72,30.0,681.6
102555,2023-03-29,Sports Direct,West,Arizona,Women's Street Footwear,Online,40.7,9.0,366.3
100090,02/02/2022,sports direct,Northeast,Pennsylvania,Accessories,Online,28.51,48.0,1368.48
104391,23 Feb 2023,Sports Direct,Northeast,Pennsylvania,Kids' Apparel,Online,26.2,32.0,838.4
108656,11/01/2024,Kohl's,Midwest,Wisconsin,Outdoor Footwear,in-store,13.7,,452.1
100814,15-07-2023,kohl's,Southeast,North Carolina,Accessories,In-store,63.89,38.0,2427.82
109491,2024-03-18,Kohl's,Northeast,Massachusetts,Accessories,Outlet,78.83,61.0,4808.63
108065,10 Nov 2022,J.D. Sports,South,Louisiana,Women's Apparel,Outlet,39.65,10.0,396.5
108250,10 Aug 2023,West Gear,SOUTH,Texas,Men's Apparel,Online,31.67,17.0,538.39
108447,2022-05-24,amazon,Northeast,Massachusetts,Kids' Footwear,In-store,37.12,33.0,1224.96
106674,2022-03-31,J.D. SPORTS,Southeast,North Carolina,Men's Athletic Footwear,In-store,72.25,45.0,3251.25
103013,16 Nov 2022,Walmart,West,Oregon,Women's Apparel,In-store,24.94,39.0,972.66
101426,28 Jul 2024,Adidas Online Store,Midwest,Michigan,Outdoor Footwear,In-store,32.22,41.0,1321.02
105740,17 Sep 2022,Foot Locker,Northeast,Massachusetts,Outdoor Footwear,Outlet,73.89,31.0,2290.59
100852,12-01-2023,J.D. Sports,Midwest,Ohio,Outdoor Footwear,In-store,65.91,1.0,65.91
107618,23-09-2024,Sports Direct,SOUTH,Oklahoma,Kids' Footwear, Outlet,77.64,55.0,4270.2
104629,2022-08-17,J.D. Sports,South,Texas,Accessories,Outlet,51.13,28.0,1431.64
107134,02/18/2023,Kohl's,Midwest,Illinois,Men's Street Footwear,Outlet,60.48,20.0,1209.6
104536,24 May 2022,kohl's,Southeast,North Carolina,Accessories,In-store,64.46,58.0,3738.68
106123,03/12/2023,West Gear,Southeast,North Carolina,Accessories,In-store,63.37,39.0,2471.43
105640,2024-09-15,Walmart,Northeast,New Jersey,Men's Street Footwear,In-store,40.96,47.0,1925.12
104093,16/06/2022,Foot Locker,SOUTHEAST,North Carolina,Kids' Apparel,Online,76.05,42.0,3194.1
101913,01/15/2023,adidas online store,Northeast,Pennsylvania,Women's Apparel,Outlet,13.93,5.0,69.65
107396,17 Aug 2022,West Gear,West,,Accessories,In-store,56.98,19.0,1082.62
102869,01-07-2023,Kohl's,Northeast,New Jersey,Men's Apparel,Online,72.23,15.0,1083.45
105387,2024-12-02,Adidas Online Store,Midwest,Illinois,Outdoor Footwear,Online,29.22,28.0,818.16
103942,21 Nov 2024,Adidas Online Store,Southeast,Georgia,Men's Street Footwear,Outlet,43.32,24.0,1039.68
105482,20 May 2024,Foot Locker,Southeast,Georgia,Accessories,Outlet,48.51,31.0,1503.81
107932,2023-04-25,foot locker,WEST,Washington,Women's Street Footwear,Online,55.84,18.0,1005.12
100114,04/21/2024,West Gear,WEST,Washington,Men's Street Footwear,Online,68.66,20.0,1373.2
103517,30/09/2022,WEST GEAR,Midwest,Michigan,Women's Apparel,In-store,29.36,31.0,910.16
103553,09/28/2022,J.D. Sports,Northeast,Pennsylvania,Accessories,Outlet,41.52,16.0,664.32
104313,2022-05-25,Kohl's,West,Arizona,Men's Athletic Footwear,Online,22.78,76.0,1731.28
104783,12/22/2022,J.D. Sports,West,California,Men's Apparel,Outlet,47.49,29.0,1377.21
102439,24/04/2022,FOOT LOCKER,SOUTHEAST,Florida,Women's Apparel,In-store,54.56,35.0,1909.6
107088,29/10/2023,  Amazon ,Midwest,Michigan,Women's Athletic Footwear,Outlet,58.24,12.0,
106666,22 May 2023,Adidas Online Store,Southeast,Georgia,Men's Street Footwear,In-store,46.29,73.0,3379.17
107199,12-03-2024,West Gear,West,Washington,Accessories,Outlet,53.91,19.0,1024.29
105906,2024-11-24,Amazon,West,Oregon,Women's Apparel,In-store,40.9,45.0,1840.5
100074,21/10/2024,Kohl's,Midwest,Michigan,Men's Apparel,Outlet,49.53,18.0,891.54
109213,2024-06-03,Adidas Online Store,Northeast,New Jersey,Women's Athletic Footwear,Outlet,35.65,28.0,998.2
109493,24 Apr 2023,J.D. Sports,Midwest,Michigan,Men's Street Footwear,Online,69.48,56.0,3890.88
103266,11/22/2024,West Gear,West,Oregon,Outdoor Footwear,Outlet,35.72,40.0,1428.8
104599,2022-08-04,J.D. SPORTS,Northeast,Pennsylvania,Men's Street Footwear,OUTLET,48.43,43.0,2082.49
104498,12/04/2023,Foot Locker,Midwest,Illinois,Outdoor Footwear,Outlet,43.23,39.0,1685.97
103456,04/12/2022,KOHL'S,Southeast,Virginia,Kids' Footwear,Online,65.83,44.0,
107587,23-08-2024,Sports Direct,Southeast,Georgia,Kids' Apparel,Outlet,89.4,33.0,2950.2
105251,08/10/2023,Foot Locker,Southeast,Virginia,Women's Street Footwear,In-store,66.3,86.0,5701.8
100131,15 Sep 2023,kohl's,Northeast,New Jersey,Outdoor Footwear, In-store,79.89,51.0,4074.39
102272,16 Oct 2023,West Gear,Southeast,Florida,Women's Athletic Footwear,Outlet,59.1,35.0,2068.5
105080,2023-02-16,Amazon,West,Oregon,Kids' Apparel,In-store,,40.0,2165.2
103064,10/31/2024,Foot Locker,MIDWEST,Michigan,Outdoor Footwear,Outlet,83.89,66.0,5536.74
107212,2022-05-01,Amazon,MIDWEST,Ohio,Outdoor Footwear,outlet,42.86,67.0,2871.62
102684,2024-12-20,Walmart,West,California,Kids' Apparel,Online,29.42,17.0,500.14
109185,04-07-2022,ADIDAS ONLINE STORE,Northeast,New York,Women's Street Footwear,In-store,39.38,28.0,1102.64
109660,01/08/2022,West Gear,Midwest,Wisconsin,Men's Apparel,Outlet,46.25,42.0,1942.5
105675,05/04/2024,Kohl's,Southeast,Florida,Men's Athletic Footwear,In-store,58.47,25.0,1461.75
100559,31-07-2024,Kohl's,West,Arizona,Women's Apparel,Outlet,69.32,49.0,3396.68
102037,21-07-2022,Foot Locker,MIDWEST,Ohio,Women's Athletic Footwear, Outlet,46.46,52.0,2415.92
108518,18/10/2022,Sports Direct,Southeast,Florida,Men's Apparel,Online,52.37,4.0,209.48
107326,2023-02-18,Foot Locker,Northeast,New Jersey,Women's Street Footwear, Outlet,,10.0,628.4
102073,17 Nov 2022,Adidas Online Store,Midwest,Michigan,Accessories,in-store,62.39,17.0,1060.63
102042,12/21/2024,WEST GEAR,Southeast,North Carolina,Men's Apparel,Online,73.21,25.0,1830.25
109439,31 Aug 2023,Adidas Online Store,South,Louisiana,Women's Street Footwear,Outlet,69.37,3.0,208.11
108527,03/10/2024,Adidas Online Store,South,Texas,Kids' Apparel,outlet,77.66,9.0,698.94
107501,18 Jan 2022,J.D. Sports,Southeast,North Carolina,Women's Apparel,Online,41.64,28.0,1165.92
107391,10/08/2022,Foot Locker,South,Oklahoma,Women's Apparel,Online,66.1,31.0,2049.1
109449,09/19/2022,J.D. Sports,Northeast,Pennsylvania,Outdoor Footwear,,,60.0,4113.0
104858,07/20/2022,Sports Direct,Midwest,Wisconsin,Men's Apparel,In-store,59.86,12.0,718.32
103945,27 Nov 2024,Walmart,Southeast,North Carolina,Women's Athletic Footwear,OUTLET,73.59,53.0,3900.27
104600,01/07/2023,J.D. Sports,West,Arizona,Women's Athletic Footwear,In-store,68.19,83.0,5659.77
107502,07 Jul 2024,Adidas Online Store,South,Oklahoma,Men's Athletic Footwear,In-store,73.95,41.0,3031.95
105617,12/07/2024,  Foot Locker ,Northeast,  Pennsylvania  ,Men's Athletic Footwear,Outlet,26.9,16.0,430.4
104019,14-11-2022,Kohl's,SOUTH,Louisiana,Men's Apparel,In-store,43.68,3.0,131.04
109402,07/01/2024,Foot Locker,SOUTHEAST,Virginia,Women's Street Footwear,IN-STORE,90.16,13.0,1172.08
104925,08 Aug 2023,West Gear,South,Tennessee,Accessories,Online,23.5,48.0,1128.0
103558,19 Jan 2022,Foot Locker,West,Washington,Accessories,In-store,60.81,16.0,972.96
103933,14/07/2023,Foot Locker,West,Arizona,Kids' Footwear,In-store,83.55,42.0,3509.1
105840,19/12/2024,Adidas Online Store,Northeast,New York,Kids' Apparel,Outlet,60.34,31.0,1870.54
102104,15 Mar 2023,Sports Direct,Southeast,Virginia,Women's Apparel,Outlet,12.69,,856.5749999999999
105539,05/19/2023,Foot Locker,South,Texas,Men's Street Footwear,Online,24.02,2.0,48.04
102014,09/10/2022,West Gear,West,California,Outdoor Footwear,In-store,48.31,40.0,1932.4
107673,2024-10-02,Foot Locker,Northeast,New York,Women's Athletic Footwear,Outlet,32.82,1.0,
100069,04 Feb 2022,Adidas Online Store,Northeast,New Jersey,Men's Athletic Footwear,Outlet,56.76,8.0,454.08
100526,2022-04-03,Foot Locker,Midwest,Ohio,Women's Athletic Footwear,Outlet,27.0,47.0,1269.0
100325,29/10/2022,FOOT LOCKER,West,Washington,Men's Apparel,In-store,67.45,31.0,2090.95
107708,2023-02-01,Foot Locker,Southeast,Virginia,Men's Street Footwear,Online,72.68,43.0,3125.24
107158,2023-04-27,Amazon,West,Washington,Men's Street Footwear,Outlet,70.18,43.0,3017.74
106109,09-10-2024,Adidas Online Store,MIDWEST,Ohio,Kids' Apparel,Online,83.16,5.0,415.8
103181,05-06-2022,J.D. Sports,Northeast,New York,Men's Athletic Footwear,In-store,72.01,42.0,3024.42
104415,27/02/2023,Amazon,South,Texas,Women's Athletic Footwear,Online,83.62,31.0,2592.22
105217,05-05-2024,Amazon,Southeast,Virginia,Accessories,Outlet,77.32,18.0,1391.76
109675,12/13/2022,WEST GEAR,South,Oklahoma,Women's Apparel,In-store,71.05,30.0,2131.5
106408,24-05-2023,Amazon,Northeast,New York,Women's Athletic Footwear,Outlet,81.66,23.0,1878.18
104938,2024-12-26,west gear,South,Louisiana,Women's Athletic Footwear,Outlet,42.59,87.0,3705.33
109360,14 Jun 2022,Kohl's,West,Oregon,Kids' Apparel,Outlet,17.76,48.0,852.48
101297,13 Jun 2023,Foot Locker,South,Texas,Women's Street Footwear,Online,35.37,39.0,1379.43
108598,09 Dec 2022,Walmart,West,Arizona,Men's Street Footwear,Online,57.01,28.0,1596.28
100030,16/01/2024,Sports Direct,Southeast,Virginia,Men's Apparel,Outlet,53.1,58.0,3079.8
105763,28/03/2022,west gear,Northeast,Massachusetts,Kids' Apparel,Online,47.39,84.0,3980.76
109135,08/07/2024,Amazon,West,California,Accessories,Outlet,35.45,72.0,
103407,15 Jan 2023,Sports Direct,Northeast,New York,Outdoor Footwear,Outlet,51.35,54.0,2772.9
108232,27/02/2022,Amazon,West,Arizona,Men's Athletic Footwear,Online,46.78,,1075.94
104069,05/21/2022,J.D. Sports,MIDWEST,Ohio,Accessories,Outlet,48.22,52.0,2507.44
100012,28 Sep 2024,Sports Direct,Northeast,Pennsylvania,Women's Apparel,In-store,47.26,75.0,3544.5
104373,2023-07-14,J.D. Sports,Northeast,New Jersey,Kids' Apparel,Outlet,80.79,30.0,2423.7
100213,04/04/2022,Kohl's,Southeast,Virginia,Outdoor Footwear,Online,32.7,27.0,882.9
104386,2022-10-23,Amazon,WEST,Arizona,Kids' Apparel,Outlet,8.0,6.0,48.0
106168,23 Apr 2022,Foot Locker,Midwest,Wisconsin,Women's Athletic Footwear,In-store,41.67,21.0,875.07
107953,24 Oct 2024,Walmart,West,California,Women's Street Footwear,In-store,65.86,30.0,1975.8
100525,17-09-2024,Walmart,WEST,Oregon,Men's Street Footwear,Outlet,30.09,18.0,541.62
101849,08/12/2023,Sports Direct,South,Texas,Men's Street Footwear,Online,84.58,62.0,5243.96
108928,06/04/2023,Sports Direct,South,Texas,Women's Athletic Footwear,,42.04,1.0,42.04
101742,05 Nov 2022,J.D. Sports,South,Tennessee,Men's Apparel, Online,82.47,28.0,2309.16
102112,04/29/2024,J.D. Sports,Midwest,Ohio,Men's Street Footwear,In-store,41.25,44.0,1815.0
104235,02-11-2023,Walmart,South,Tennessee,Outdoor Footwear,In-store,44.8,43.0,1926.4
105186,03 Oct 2022,West Gear,Northeast,New York,Women's Apparel,Online,64.85,35.0,2269.75
103396,2023-01-02,West Gear,West,Oregon,Women's Street Footwear,In-store,69.21,53.0,3668.13
107824,01/24/2023,Amazon,Southeast,Virginia,Men's Apparel,In-store,45.58,59.0,2689.22
109181,2022-05-04,J.D. Sports,South,Texas,Outdoor Footwear,Outlet,46.7,41.0,1914.7
104261,17 Apr 2023,Foot Locker,NORTHEAST,New York,Kids' Apparel,In-store,93.82,38.0,5347.74
107838,14/01/2022,Walmart,Northeast,Pennsylvania,Men's Apparel,In-store,45.38,75.0,3403.5
100704,04/25/2024,West Gear,Southeast,Florida,Outdoor Footwear,Online,92.32,51.0,4708.32
101216,26 Feb 2024,West Gear,South,Oklahoma,Accessories,Outlet,30.06,25.0,751.5
100937,19 Oct 2022,Foot Locker,West,Washington,Accessories,Online,48.41,2.0,96.82
108374,11/09/2024,Amazon,SOUTHEAST,North Carolina,Women's Street Footwear,online,62.99,24.0,1511.76
106729,23/04/2022,Amazon,WEST,Oregon,Kids' Apparel, In-store,,21.0,1571.64
102295,09/14/2022,Adidas Online Store,Northeast,New York,Women's Street Footwear,Online,49.93,1.0,
107857,2023-10-11,walmart,Southeast,Georgia,Men's Apparel,In-store,65.04,20.0,1300.8
106975,02/15/2022,J.D. Sports,West,Oregon,Men's Athletic Footwear,in-store,86.49,35.0,3027.15
101420,2022-05-28,Adidas Online Store,WEST,,Kids' Apparel,In-store,66.45,33.0,2192.85
100830,09-06-2022,Adidas Online Store,NORTHEAST,New Jersey,Outdoor Footwear,Outlet,37.3,47.0,1753.1
107742,21 Oct 2024,West Gear,West,Washington,Men's Street Footwear,Outlet,72.06,25.0,
103584,03/17/2024,Amazon,South,Tennessee,Women's Apparel,Online,57.83,42.0,3643.29
108121,05/26/2024,West Gear,West,California,Men's Apparel,Online,72.81,45.0,3276.45
106131,2023-11-25,AMAZON,Southeast,Florida,Men's Apparel,Online,71.7,23.0,1649.1
102200,13 Jun 2024,West Gear,WEST,Arizona,Women's Street Footwear,In-store,71.13,41.0,2916.33
106067,28 Mar 2023,J.D. Sports,Midwest,Ohio,Outdoor Footwear,Outlet,29.18,49.0,1429.82
104340,22-07-2023,Walmart,Southeast,Virginia,Women's Apparel,Online,65.89,,5007.64
108406,01/22/2024,Sports Direct,West,California,Men's Athletic Footwear,Online,39.87,50.0,1993.5
104469,28/07/2023,  Kohl's ,Midwest,Illinois,Accessories,OUTLET,56.65,26.0,1472.9
101693,2023-09-27,Foot Locker,Midwest,Michigan,Women's Athletic Footwear,In-store,37.18,88.0,3271.84
104268,27 Sep 2024,J.D. Sports,West,Oregon,Men's Athletic Footwear,In-store,52.81,30.0,1584.3
100908,19 Oct 2022,Kohl's,Midwest,Ohio,Kids' Apparel,In-store,32.74,28.0,916.72
102938,08/12/2022,Foot Locker,WEST,Oregon,Kids' Footwear,Outlet,54.22,36.0,
102660,08/25/2022,Walmart,Midwest,Illinois,Men's Street Footwear,In-store,8.0,19.0,152.0
106754,10/16/2023,J.D. Sports,Southeast,North Carolina,Accessories,in-store,28.53,17.0,485.01
104654,12/04/2023,J.D. Sports,West,Washington,Kids' Footwear,Outlet,81.01,65.0,5265.65
106033,08/14/2024,Walmart,Northeast,New Jersey,Accessories,Online,49.72,41.0,2038.52
107798,02/08/2023,J.D. Sports,Northeast,New Jersey,Men's Athletic Footwear,Outlet,39.1,63.0,2463.3
104948,10/31/2024,Amazon,Northeast,New York,Kids' Footwear,Online,64.87,35.0,2270.45
101063,23/08/2023,West Gear,Northeast,New York,Men's Street Footwear,In-store,38.28,64.0,2449.92
101011,2023-04-01,Walmart,Midwest,Ohio,Women's Apparel,Online,22.42,37.0,829.54
101654,06 Jun 2023,Kohl's,Southeast,Georgia,Men's Athletic Footwear,Outlet,51.0,59.0,3009.0
100341,23-04-2023,Amazon,Northeast,,Women's Apparel,Online,41.48,14.0,580.72
108649,04/05/2023,J.D. Sports,West,Washington,Men's Athletic Footwear,In-store,59.28,6.0,355.68
104966,15/10/2024,Adidas Online Store,South,Louisiana,Kids' Footwear,Outlet,70.24,23.0,1615.52
101891,02/21/2022,  Amazon ,Northeast,Massachusetts,Kids' Apparel,In-store,46.13,33.0,1522.29
106439,03/18/2023,KOHL'S,Northeast,New York,Men's Athletic Footwear,Online,40.59,39.0,1583.01
105659,23/07/2023,Sports Direct,Midwest,Ohio,Kids' Apparel,Outlet,72.02,37.0,2664.74
104000,15 Oct 2023,Foot Locker,Northeast,Massachusetts,Kids' Apparel,Online,44.43,49.0,2177.07
108184,12/04/2022,West Gear,Northeast,New Jersey,Men's Apparel,,,10.0,
101589,08/19/2022,Amazon,Northeast,Massachusetts,Accessories,In-store,50.5,40.0,2020.0
106840,11 Sep 2023,amazon,Northeast,Pennsylvania,Women's Street Footwear,Outlet,,48.0,2858.88
103671,2023-11-14,West Gear,Southeast,Virginia,Outdoor Footwear,In-store,34.22,65.0,2224.3
100440,03/04/2024,Walmart,Northeast,Pennsylvania,Accessories,In-store,61.47,18.0,1106.46
102131,13 Mar 2022,Foot Locker,South,Texas,Men's Apparel,online,46.66,52.0,2426.32
109494,09/17/2023,J.D. Sports,Northeast,New York,Women's Apparel,,59.12,58.0,3428.96
100036,02/04/2023,Walmart,Midwest,Ohio,Women's Athletic Footwear,,84.95,29.0,2463.55
107692,17 Feb 2024,SPORTS DIRECT,West,California,Men's Street Footwear,online,56.33,38.0,2140.54
104298,10/19/2023,Sports Direct,WEST,California,Men's Athletic Footwear, In-store,51.24,43.0,
104203,28-05-2022,Sports Direct,Southeast,Virginia,Men's Athletic Footwear,In-store,74.05,77.0,5701.85
109500,22 Feb 2024,West Gear,Midwest,Ohio,Women's Apparel,Outlet,53.96,34.0,1834.64
101899,2022-08-27,KOHL'S,Southeast,Florida,Kids' Footwear,Outlet,45.75,43.0,1967.25
102348,18-08-2023,  Sports Direct ,Midwest,Michigan,Kids' Footwear,Online,56.51,10.0,
100094,2022-06-02,West Gear,Northeast,New York,Kids' Apparel,Outlet,27.6,49.0,1352.4
105874,2023-09-26,Amazon,Midwest,Wisconsin,Women's Athletic Footwear,Online,99.06,37.0,3665.22
102667,24-12-2024,  Kohl's ,Southeast,Virginia,Men's Athletic Footwear,Outlet,35.76,38.0,1358.88
104183,01/09/2023,Adidas Online Store,West,  Arizona  ,Men's Street Footwear,in-store,50.14,29.0,1454.06
101834,22/05/2024,West Gear,Midwest,Wisconsin,Accessories,In-store,61.97,14.0,867.58
103800,19/04/2024,West Gear,Northeast,Pennsylvania,Women's Athletic Footwear,In-store,85.32,,853.2
105293,10/12/2022,Sports Direct,West,Arizona,Kids' Footwear,Outlet,60.52,23.0,1391.96
107648,15 May 2024,Foot Locker,NORTHEAST,Massachusetts,Men's Apparel,In-store,32.96,,32.96
101733,2024-12-17,J.D. SPORTS,West,Washington,Men's Apparel,Online,61.41,30.0,1842.3
107542,19-06-2022,Foot Locker,Southeast,Virginia,Men's Athletic Footwear, Outlet,91.94,33.0,3034.02
107617,05-09-2024,Foot Locker,Southeast,Virginia,Men's Athletic Footwear,In-store,82.0,17.0,1394.0
108382,24/11/2022,J.D. Sports,Midwest,Ohio,Kids' Apparel,Outlet,41.24,25.0,1031.0
104013,2022-11-27,Adidas Online Store,Midwest,Michigan,Men's Street Footwear,OUTLET,44.01,28.0,
102811,01-11-2022,Sports Direct,Southeast,Florida,Men's Athletic Footwear,Online,56.87,50.0,
100187,17 Sep 2022,J.D. SPORTS,Northeast,Pennsylvania,Women's Athletic Footwear,Outlet,57.44,70.0,4020.8
107265,21/10/2022,West Gear,Northeast,New York,Men's Athletic Footwear,Outlet,39.56,10.0,395.6
108421,01-08-2022,KOHL'S,Midwest,Wisconsin,Accessories, In-store,41.63,35.0,1457.05
109490,2023-12-11,Sports Direct,Northeast,Pennsylvania,Outdoor Footwear,in-store,37.4,16.0,598.4
107219,2022-05-09,Amazon,Southeast,Virginia,Women's Street Footwear,In-store,59.93,34.0,2037.62
106863,2023-02-18,Foot Locker,Northeast,Massachusetts,Men's Street Footwear,Online,55.52,32.0,1776.64
100099,29-09-2024,WEST GEAR,West,Oregon,Women's Athletic Footwear,Online,16.79,47.0,789.13
108172,25-01-2022,Walmart,Northeast,Pennsylvania,Women's Street Footwear,Online,,21.0,721.98
108728,04/18/2022,FOOT LOCKER,Midwest,Wisconsin,Men's Apparel,In-store,47.97,1.0,47.97
100864,2022-07-12,  West Gear ,Midwest,Wisconsin,Women's Street Footwear,Outlet,61.56,23.0,1415.88
106796,31-01-2024,Sports Direct,Southeast,Virginia,Women's Apparel,Outlet,64.85,33.0,2140.05
104726,09/05/2023,Walmart,Northeast,Pennsylvania,Men's Athletic Footwear,Online,88.25,64.0,5648.0
106753,04/02/2022,Adidas Online Store,Midwest,Illinois,Outdoor Footwear,In-store,59.34,36.0,2136.24
104075,11 Jul 2022,Walmart,Northeast,Massachusetts,Accessories,Online,78.55,64.0,5027.2
108778,05-10-2022,Kohl's,Midwest,Ohio,Outdoor Footwear,Online,46.82,32.0,1498.24
100254,17-06-2024,Walmart,Southeast,Virginia,Women's Street Footwear,Outlet,29.02,40.0,1160.8
104788,09-01-2023,Amazon,West,California,Kids' Footwear,In-store,79.34,24.0,1904.16
107050,2024-11-24,Walmart,West,Arizona,Accessories,In-store,17.61,61.0,1074.21
109105,2024-12-03,Walmart,South,Oklahoma,Accessories,Online,61.2,33.0,2019.6
103836,09/16/2024,West Gear,West,Arizona,Kids' Apparel,In-store,74.18,31.0,2299.58
102459,05/02/2024,Kohl's,Midwest,Wisconsin,Kids' Apparel,Outlet,52.3,13.0,679.9
103629,2024-02-04,West Gear,MIDWEST,Illinois,Kids' Footwear,Outlet,70.83,40.0,2833.2
104302,01/03/2022,Sports Direct,MIDWEST,Illinois,Kids' Footwear,In-store,42.83,41.0,1756.03
105201,26/06/2022,West Gear,Southeast,Florida,Kids' Apparel,Online,82.81,77.0,6376.37
108210,03-02-2023,J.D. Sports,Midwest,Wisconsin,Men's Athletic Footwear,ONLINE,61.31,22.0,1348.82
108038,03 Nov 2024,  Adidas Online Store ,West,California,Men's Apparel,Online,27.65,15.0,414.75
104461,06/20/2024,Adidas Online Store,Southeast,North Carolina,Outdoor Footwear,Online,73.08,52.0,3800.16
107156,2024-08-06,Foot Locker,Southeast,Virginia,Men's Street Footwear,In-store,99.76,15.0,1496.4
103613,12/11/2023,J.D. Sports,West,Arizona,Men's Athletic Footwear,Outlet,51.22,41.0,2100.02
107615,21 Aug 2024,Amazon,Northeast,Pennsylvania,Kids' Footwear,Outlet,69.97,42.0,2938.74
103831,2022-07-31,WALMART,South,Tennessee,Men's Apparel,Outlet,63.54,26.0,1652.04
102258,2022-12-24,  J.D. Sports ,Northeast,New York,Womens Athletic Footwear,In-store,38.88,32.0,1244.16
103406,04-03-2023,Sports Direct,Southeast,Virginia,Accessories,Outlet,74.48,14.0,1042.72
100703,06/28/2023,Walmart,Northeast,Massachusetts,Outdoor Footwear,Outlet,36.48,67.0,2444.16
104571,28 Sep 2022,Amazon,Northeast,Pennsylvania,Outdoor Footwear,Online,85.44,29.0,2477.76
100371,2023-05-17,  West Gear ,Midwest,Wisconsin,Men's Athletic Footwear,Outlet,60.36,2.0,120.72
100725,20-07-2024,Sports Direct,Northeast,Pennsylvania,Kids' Footwear,Outlet,48.96,47.0,2301.12
108178,2023-08-19,  Amazon ,MIDWEST,Illinois,Kids' Apparel,In-store,24.25,47.0,1139.75
108332,16 Feb 2022,Foot Locker,South,Oklahoma,Men's Athletic Footwear,in-store,94.37,31.0,
105272,10/02/2023,Walmart,SOUTH,Tennessee,Outdoor Footwear,OUTLET,55.31,16.0,884.96
109464,28-05-2022,Amazon,Midwest,Illinois,Women's Athletic Footwear,Outlet,51.15,21.0,
102030,09/29/2022,Walmart,West,Washington,Women's Athletic Footwear,Outlet,64.51,1.0,64.51
109204,16 May 2022,J.D. Sports,Southeast,North Carolina,Women's Street Footwear,Online,45.4,65.0,2951.0
104411,2022-07-26,Sports Direct,Southeast,North Carolina,Men's Athletic Footwear,Online,82.55,53.0,4375.15
100461,02 Jan 2022,Adidas Online Store,South,Louisiana,Outdoor Footwear, Outlet,70.4,,5068.8
104355,07-04-2022,  Foot Locker ,Northeast,New Jersey,Women's Street Footwear,Outlet,80.75,56.0,4522.0
105875,07/30/2022,J.D. Sports,Southeast,Georgia,Men's Street Footwear,Online,69.61,54.0,3758.94
105583,06/06/2023,Kohl's,MIDWEST,Wisconsin,Men's Athletic Footwear,Outlet,43.58,9.0,392.22
108309,10/24/2023,foot locker,SOUTHEAST,Georgia,Accessories,In-store,55.16,30.0,1654.8
100351,24-04-2023,J.D. Sports,Northeast,New York,Women's Apparel,Outlet,50.52,45.0,2273.4
107779,06/16/2024,Foot Locker,NORTHEAST,Pennsylvania,Men's Athletic Footwear,Outlet,91.48,,3201.8
108607,20 Nov 2023,Walmart,South,Louisiana,Men's Athletic Footwear,OUTLET,63.56,53.0,3368.68
109042,07/08/2023,Foot Locker,Southeast,North Carolina,Kids' Apparel,Outlet,48.87,3.0,146.61
100390,04/05/2022,Walmart,Northeast,Massachusetts,Women's Street Footwear,In-store,59.64,53.0,3160.92
105375,18 Oct 2024,J.D. Sports,Northeast,New Jersey,Women's Apparel,,29.35,16.0,469.6
106876,18 Oct 2024,  Walmart ,SOUTH,Tennessee,Outdoor Footwear,in-store,104.12,50.0,5206.0
104705,07-06-2023,Amazon,Northeast,Massachusetts,Men's Athletic Footwear,in-store,75.96,38.0,2886.48
106418,05 Dec 2022,Sports Direct,Midwest,Illinois,Outdoor Footwear,Online,78.26,49.0,3834.74
105749,2024-08-15,Foot Locker,Northeast,New York,Accessories,ONLINE,60.68,39.0,2366.52
107201,2022-01-10,Walmart,South,Tennessee,Kids' Footwear, Online,48.98,34.0,1665.32
109344,02/01/2024,AMAZON,Northeast,Massachusetts,Women's Athletic Footwear,,40.83,,2286.48
107684,04/01/2022,West Gear,West,Arizona,Accessories,Outlet,71.54,34.0,2432.36
102832,26/10/2023,Adidas Online Store,SOUTH,Tennessee,Kids' Apparel,In-store,41.12,44.0,1809.28
103872,2022-11-05,  J.D. Sports ,West,California,Men's Apparel,Online,87.58,66.0,5780.28
101402,11/01/2023,Adidas Online Store,Midwest,Ohio,Men's Apparel,Outlet,29.0,35.0,1015.0
100287,13/03/2023,  Amazon ,South,Texas,Women's Athletic Footwear,Outlet,56.58,,3394.8
108154,06 Sep 2023,Walmart,West,Arizona,Outdoor Footwear,Outlet,49.81,21.0,1046.01
104109,23-05-2024,Adidas Online Store,West,Arizona,Women's Apparel,Outlet,,16.0,994.4
106725,2023-09-16,Walmart,South,Oklahoma,Outdoor Footwear,In-store,57.77,47.0,2715.19
108682,2024-02-29,J.D. Sports,Midwest,Illinois,Outdoor Footwear,Outlet,17.83,16.0,285.28
105728,15/12/2023,  Walmart ,Southeast,,Kids' Footwear,in-store,23.74,32.0,759.68
102765,21 Jun 2024,Foot Locker,SOUTH,Tennessee,Outdoor Footwear,In-store,34.93,52.0,1816.36
107295,08/17/2023,  Walmart ,South,Texas,Kids' Footwear,in-store,,44.0,2612.72
108606,01-03-2024,Sports Direct,Southeast,Georgia,Kids' Apparel,In-store,57.28,66.0,3780.48
101876,06/12/2024,J.D. Sports,Midwest,Ohio,Accessories,Outlet,66.49,44.0,
105633,14-09-2023,Kohl's,Southeast,Florida,Women's Street Footwear,Online,104.19,31.0,3229.89
101730,08/03/2023,  Amazon ,MIDWEST,Illinois,Men's Apparel,Outlet,73.36,32.0,2347.52
108445,23 Oct 2024,Foot Locker,Northeast,Pennsylvania,Men's Apparel,Outlet,50.58,22.0,1112.76
106721,28 Nov 2023,Foot Locker,Southeast,Florida,Kids' Apparel, Outlet,50.41,1.0,50.41
103359,16/06/2023,west gear,Midwest,Wisconsin,Men's Athletic Footwear,Outlet,68.66,40.0,2746.4
103201,10/05/2023,J.D. Sports,West,Oregon,Women's Apparel,Outlet,84.1,28.0,2354.8
100499,07/05/2024,Foot Locker,MIDWEST,Michigan,Women's Athletic Footwear,In-store,66.14,25.0,1653.5
104427,11/09/2024,Walmart,SOUTHEAST,Florida,Men's Athletic Footwear,Outlet,36.96,34.0,1256.64
101416,08 May 2023,West Gear,Northeast,New York,Men's Athletic Footwear,Outlet,53.93,42.0,2265.06
104079,06/09/2023,West Gear,Southeast,Florida,Men's Street Footwear,In-store,10.68,16.0,170.88
100515,03 Jul 2024,Walmart,Southeast,North Carolina,Women's Athletic Footwear,Online,64.47,52.0,3352.44
109214,2023-12-22,Adidas Online Store,Northeast,New Jersey,Men's Street Footwear,Online,52.01,49.0,2548.49
105626,11/11/2023,Sports Direct,West,Oregon,Kids' Apparel,In-store,50.47,34.0,1715.98
104587,2022-08-19,J.D. Sports,Northeast,Massachusetts,Kids' Apparel,In-store,49.32,29.0,1430.28
105204,11/13/2022,Amazon,South,Louisiana,Women's Athletic Footwear,Outlet,86.29,53.0,4573.37
107227,21-05-2024,Walmart,SOUTHEAST,Georgia,Men's Athletic Footwear,Online,80.91,,5097.33
104449,08/25/2023,KOHL'S,Northeast,New York,Kids' Footwear,Online,38.07,60.0,2284.2
104621,2024-03-27,Adidas Online Store,South,Tennessee,Kids' Footwear, In-store,96.55,1.0,96.55
106006,21-12-2022,J.D. Sports,Northeast,Massachusetts,Women's Street Footwear,Online,44.02,55.0,2421.1
108033,01-09-2023,Amazon,Southeast,Georgia,Outdoor Footwear,Outlet,66.47,65.0,4320.55
108221,2022-05-06,Walmart,Southeast,Florida,Women's Apparel,Outlet,10.08,13.0,131.04
101858,13-08-2024,Adidas Online Store,Midwest,Ohio,Women's Apparel,Online,43.67,53.0,2314.51
107842,17-01-2023,Sports Direct,Northeast,Pennsylvania,Kids' Apparel,Online,64.49,5.0,322.45
103446,01-06-2022,West Gear,South,Oklahoma,Kids' Apparel,Outlet,45.99,34.0,1563.66
102054,09 Nov 2022,ADIDAS ONLINE STORE,Midwest,Wisconsin,Women's Athletic Footwear,In-store,47.16,8.0,377.28
105918,17-06-2023,Amazon,Southeast,North Carolina,Men's Athletic Footwear,In-store,39.13,67.0,2621.71
103104,2023-08-09,Amazon,Midwest,Illinois,Women's Athletic Footwear,Outlet,53.78,26.0,1398.28
104145,01/02/2023,Kohl's,Southeast,Georgia,Kids' Footwear,Online,48.7,28.0,1363.6
105393,11/07/2022,WALMART,Southeast,Florida,Women's Athletic Footwear,Outlet,61.47,44.0,2704.68
107230,03/01/2023,Foot Locker,South,Louisiana,Outdoor Footwear,Outlet,44.37,68.0,3017.16
108964,15 Sep 2022,J.D. Sports,Midwest,Illinois,Women's Apparel,Outlet,41.09,47.0,1931.23
105915,23/09/2023,Foot Locker,Midwest,Illinois,Women's Apparel,Outlet,49.17,15.0,737.55
101255,2023-07-07,Sports Direct,Southeast,Georgia,Men's Street Footwear,ONLINE,73.3,35.0,2565.5
108443,26-07-2023,Adidas Online Store,Southeast,North Carolina,Accessories,In-store,24.21,38.0,919.98
104497,08/01/2022,Foot Locker,Midwest,Michigan,Women's Athletic Footwear,In-store,89.07,54.0,4809.78
100133,01/03/2022,Adidas Online Store,Midwest,Ohio,Men's Apparel,In-store,84.21,36.0,3031.56
104740,2022-03-03,Adidas Online Store,South,Tennessee,Accessories,Online,72.52,55.0,3988.6
102701,05-07-2024,Foot Locker,West,California,Kids' Apparel,Outlet,76.15,26.0,1979.9
104806,06/24/2024,J.D. Sports,SOUTHEAST,North Carolina,Accessories,Online,52.24,39.0,2037.36
105616,06/01/2024,Foot Locker,Southeast,North Carolina,Women's Apparel,Outlet,48.84,3.0,146.52
108062,13/08/2023,J.D. Sports,Southeast,Florida,Men's Apparel,Online,46.6,36.0,1677.6
108710,22/05/2022,Amazon,Northeast,New Jersey,Women's Apparel,IN-STORE,97.55,17.0,1658.35
108883,15 May 2022,walmart,Southeast,North Carolina,Kids' Apparel,In-store,47.12,13.0,612.56
100719,2024-12-22,Amazon,West,Washington,Women's Apparel,Outlet,77.74,41.0,3187.34
104267,11-05-2024,Foot Locker,Northeast,New Jersey,Men's Street Footwear,Online,80.1,3.0,240.3
104956,23-08-2023,Adidas Online Store,Southeast,Virginia,Women's Athletic Footwear,Outlet,38.62,72.0,2780.64
101802,21/10/2022,Walmart,West,California,Men's Apparel,OUTLET,57.85,25.0,1446.25
101811,26 Jul 2023,West Gear,Midwest,Ohio,Men's Apparel,ONLINE,64.08,32.0,
106957,05-03-2024,Walmart,Northeast,Pennsylvania,Kids' Footwear,In-store,38.09,26.0,990.34
100473,19-05-2024,Walmart,South,Oklahoma,Men's Athletic Footwear,Online,77.13,,3779.37
104498,2024-08-14,Sports Direct,Southeast,Virginia,Accessories,Outlet,86.18,,1809.78
107064,18 Sep 2023,J.D. Sports,Midwest,Wisconsin,Accessories,Outlet,52.96,39.0,2065.44
108659,2024-05-06,Amazon,South,Texas,Men's Athletic Footwear,Outlet,42.75,53.0,2265.75
105971,20/05/2022,Foot Locker,Northeast,Massachusetts,Women's Athletic Footwear,Online,27.56,58.0,
108325,13-07-2023,Sports Direct,SOUTH,Texas,Accessories,Online,44.53,20.0,890.6
101556,04/06/2023,WEST GEAR,South,Oklahoma,Men's Street Footwear,Online,63.03,13.0,1229.085
102072,22-01-2023,Amazon,Southeast,North Carolina,Women's Apparel,Outlet,78.06,48.0,3746.88
101307,03-05-2022,Walmart,Northeast,New York,Women's Street Footwear,In-store,51.85,35.0,1814.75
108633,02/01/2024,walmart,NORTHEAST,New Jersey,Outdoor Footwear,In-store,80.54,66.0,5315.64
104717,2022-12-30,Amazon,Southeast,,Kids' Footwear,Online,15.48,36.0,557.28
105183,13-02-2023,West Gear,West,California,Accessories,In-store,41.32,42.0,1735.44
108628,17 Jan 2022,Foot Locker,West,Oregon,Women's Street Footwear,In-store,47.18,76.0,3585.68
104761,2023-07-19,Walmart,NORTHEAST,New York,Women's Apparel,Online,50.15,32.0,1604.8
101425,21-10-2024,  J.D. Sports ,Southeast,Virginia,Women's Apparel,Outlet,54.05,30.0,1621.5
106196,02/06/2023,Amazon,NORTHEAST,New Jersey,Men's Athletic Footwear,Online,33.93,41.0,1391.13
102383,11/30/2024,Walmart,West,California,Kids' Footwear,Online,82.36,32.0,2635.52
106822,26 Aug 2023,Amazon,Northeast,New Jersey,Accessories,In-store,62.03,46.0,2853.38
100840,05/31/2022,Sports Direct,NORTHEAST,New Jersey,Kids' Apparel,Outlet,50.72,47.0,2383.84
107005,06/27/2023,sports direct,SOUTH,Oklahoma,Men's Apparel,In-store,52.09,42.0,2187.78
101191,07/31/2022,J.D. Sports,West,Oregon,Men's Apparel,Outlet,52.98,14.0,741.72
103008,07 Jan 2022,West Gear,Southeast,North Carolina,Men's Street Footwear,In-store,83.56,10.0,
105382,2023-11-10,Kohl's,Southeast,Florida,Men's Street Footwear,OUTLET,72.81,39.0,2839.59
103959,11-12-2023,Kohl's,West,California,Kids' Apparel,Online,70.7,53.0,3747.1
107665,22-07-2023,Sports Direct,Midwest,Illinois,Women's Street Footwear,In-store,33.98,26.0,883.48
105842,03/10/2023,Adidas Online Store,Northeast,Pennsylvania,Women's Street Footwear,In-store,71.16,37.0,2632.92
103531,06-03-2024,J.D. Sports,Midwest,Ohio,Men's Street Footwear,Online,55.67,13.0,723.71
106633,01/05/2024,Sports Direct,West,California,Women's Athletic Footwear,IN-STORE,42.25,36.0,1521.0
102609,08/04/2023,Foot Locker,West,Oregon,Men's Apparel,Online,36.62,26.0,952.12
101190,28 Jun 2024,West Gear,South,Texas,Kids' Apparel,in-store,64.28,48.0,3085.44
103059,09/12/2022,J.D. Sports,West,California,Kids' Apparel,Outlet,44.54,25.0,1113.5
103768,08-09-2022,Sports Direct,Northeast,Pennsylvania,Men's Athletic Footwear,Online,8.0,27.0,216.0
100858,03-06-2022,J.D. Sports,Northeast,Massachusetts,Accessories, Outlet,61.97,6.0,371.82
101321,31-05-2024,West Gear,Northeast,Massachusetts,Women's Athletic Footwear,Online,43.72,44.0,1923.68
108990,2022-12-23,Walmart,West,California,Men's Athletic Footwear,Outlet,39.75,1.0,39.75
100628,15 Oct 2024,foot locker,West,California,Women's Street Footwear,In-store,72.57,2.0,145.14
102079,2022-10-11,  Amazon ,West,California,Women's Athletic Footwear,Outlet,94.45,1.0,94.45
104686,06 Jul 2022,Foot Locker,West,Arizona,Kids' Apparel,OUTLET,79.08,24.0,1897.92
102381,28 Jun 2022,Walmart,WEST,California,Women's Athletic Footwear,OUTLET,36.06,44.0,1586.64
106176,2023-08-23,West Gear,West,Oregon,Kids' Apparel, Outlet,60.03,27.0,1620.81
105031,25-08-2023,West Gear,Southeast,Virginia,Kids' Footwear,Online,45.09,17.0,766.53
105586,27-09-2023,Adidas Online Store,South,Louisiana,Accessories,In-store,45.01,53.0,2385.53
102551,23-03-2023,FOOT LOCKER,Southeast,North Carolina,Women's Apparel,In-store,42.22,51.0,2153.22
102937,10/28/2022,Adidas Online Store,Southeast,Florida,Outdoor Footwear,online,46.78,6.0,280.68
107739,27-04-2023,Walmart,Midwest,Wisconsin,Kids' Apparel,Outlet,59.48,53.0,3152.44
109746,05/05/2023,Sports Direct,South,Tennessee,Women's Athletic Footwear,Online,62.74,23.0,1443.02
103834,10-06-2023,Kohl's,South,Oklahoma,Women's Street Footwear,Outlet,47.42,46.0,2181.32
106369,08/20/2024,  Walmart ,West,  Washington  ,Outdoor Footwear,online,57.36,29.0,1663.44
108470,30 Jan 2023,AMAZON,South,Tennessee,Women's Street Footwear,In-store,63.94,14.0,895.16
106856,30 Dec 2023,West Gear,South,Oklahoma,Men's Athletic Footwear,Online,73.09,29.0,2119.61
102510,19-11-2024,Foot Locker,Southeast,Florida,Kids' Footwear,Outlet,91.89,31.0,2848.59
105017,16 Feb 2022,Sports Direct,Northeast,New Jersey,Men's Apparel,Outlet,47.76,67.0,3199.92
103119,17 Jul 2023,West Gear,South,Tennessee,Men's Apparel, In-store,55.32,1.0,55.32
104963,19 Apr 2022,Amazon,Midwest,Ohio,Men's Athletic Footwear,Outlet,74.06,10.0,740.6
100423,01/09/2022,Foot Locker,West,California,Men's Apparel, Online,,66.0,3639.24
106907,06/05/2022,J.D. Sports,SOUTHEAST,Florida,Women's Apparel,In-store,59.08,33.0,1949.64
109731,26/04/2024,  Adidas Online Store ,West,Oregon,Men's Street Footwear,IN-STORE,,15.0,622.8
101081,28/06/2024,West Gear,West,Arizona,Men's Street Footwear,in-store,74.92,25.0,1873.0
107220,12/07/2023,J.D. Sports,South,Texas,Accessories,ONLINE,40.13,21.0,842.73
109595,2023-05-07,West Gear,South,Louisiana,Women's Athletic Footwear,Outlet,49.4,30.0,1482.0
102552,03/15/2022,Foot Locker,Midwest,Michigan,Women's Athletic Footwear,Online,62.9,57.0,3585.3
109602,02/17/2023,Walmart,West,Arizona,Outdoor Footwear,Online,84.85,36.0,3054.6
100249,03-08-2022,West Gear,West,Washington,Men's Athletic Footwear,Outlet,77.77,31.0,2410.87
107565,11/06/2023,Foot Locker,Midwest,Illinois,Women's Athletic Footwear,Online,68.62,30.0,2058.6
100229,04/29/2023,Foot Locker,Southeast,Florida,Women's Street Footwear,Outlet,93.04,1.0,93.04
106016,19 Aug 2024,  Amazon ,West,California,Outdoor Footwear,In-store,59.19,18.0,
107672,30/09/2024,Foot Locker,Northeast,New Jersey,Women's Apparel,Online,77.08,16.0,1233.28
101944,29-03-2022,Walmart,Midwest,Wisconsin,Men's Street Footwear,Online,26.53,43.0,1140.79
106354,05 Apr 2023,Foot Locker,Midwest,Wisconsin,Kids' Apparel,Online,88.08,36.0,3170.88
102738,25-10-2022,Foot Locker,West,Oregon,Kids' Footwear,In-store,,39.0,1753.05
107986,2023-10-22,Kohl's,Midwest,Michigan,Kids' Apparel,Outlet,38.13,15.0,571.95
106701,2024-08-12,Amazon,South,Oklahoma,Kids' Footwear,Outlet,,36.0,1309.32
103954,14/10/2024,amazon,South,Tennessee,Outdoor Footwear,in-store,65.49,1.0,65.49
100227,2023-06-24,West Gear,Southeast,Florida,Women's Apparel,Online,52.84,20.0,1056.8
102509,01-06-2023,Foot Locker,South,Texas,Men's Street Footwear,Outlet,99.17,39.0,3867.63
108771,26-06-2023,Walmart,Midwest,Illinois,Women's Athletic Footwear,IN-STORE,52.23,19.0,992.37
101099,10-04-2022,WALMART,South,Oklahoma,Men's Athletic Footwear,In-store,87.33,48.0,4191.84
104160,04/13/2022,Sports Direct,Midwest,,Men's Athletic Footwear,Online,16.14,42.0,677.88
102943,07/14/2024,Sports Direct,NORTHEAST,Massachusetts,Accessories, Online,51.15,41.0,2097.15
107332,15/09/2023,adidas online store,Southeast,Georgia,Kids' Apparel,Online,36.47,43.0,1568.21
101898,15 Feb 2024,Walmart,SOUTH,Texas,Women's Street Footwear,Online,81.58,,3100.04
107282,2024-05-04,Foot Locker,WEST,Arizona,Women's Apparel,Outlet,31.98,14.0,447.72
105800,2024-12-20,Adidas Online Store,South,Tennessee,Kids' Footwear,in-store,55.31,28.0,1548.68
105542,18 Sep 2024,Walmart,West,California,Women's Street Footwear,OUTLET,50.73,7.0,355.11
107302,21-10-2024,Amazon,West,Oregon,Men's Athletic Footwear,In-store,44.19,32.0,1414.08
102966,07/04/2024,Walmart,Northeast,Pennsylvania,Men's Athletic Footwear,Outlet,65.7,71.0,4664.7
100085,16-02-2023,Amazon,Northeast,,Accessories,Online,33.58,18.0,604.44
108042,01/10/2022,Amazon,Midwest,Illinois,Women's Apparel,Online,39.38,6.0,236.28
106463,2023-12-29,Adidas Online Store,Midwest,Wisconsin,Men's Athletic Footwear,Outlet,53.04,40.0,2121.6
105886,2023-01-09,Sports Direct,Midwest,Wisconsin,Men's Street Footwear,In-store,12.87,29.0,373.23
103226,2022-11-07,West Gear,MIDWEST,Michigan,Kids' Footwear,In-store,41.16,67.0,2757.72
106734,03-01-2024,Sports Direct,Northeast,Massachusetts,Accessories,In-store,57.94,71.0,4113.74
105369,08-07-2024,Sports Direct,Southeast,Virginia,Women's Athletic Footwear,In-store,0.0,16.0,1096.16
106172,18 May 2023,Amazon,Midwest,Ohio,Men's Athletic Footwear,online,54.36,36.0,1956.96
100221,02-05-2023,FOOT LOCKER,Northeast,New York,Kids' Footwear,In-store,46.46,50.0,2323.0
108242,01 Nov 2023,Kohl's,Midwest,Ohio,Women's Athletic Footwear,In-store,106.53,45.0,4793.85
103086,05-10-2022,Walmart,Midwest,Michigan,Women's Street Footwear,Online,94.3,10.0,943.0
106164,11 Sep 2023,Amazon,SOUTH,Tennessee,Kids' Apparel,Outlet,61.73,45.0,2777.85
107365,16/09/2022,Adidas Online Store,Southeast,North Carolina,Men's Street Footwear,Outlet,69.58,40.0,2783.2
103590,2024-01-17,J.D. Sports,Midwest,Illinois,Women's Athletic Footwear,Online,42.37,57.0,2415.09
107475,2022-06-01,Walmart,South,Louisiana,Women's Street Footwear,,31.26,56.0,1750.56
100533,17-12-2023,Walmart,Midwest,Wisconsin,Women's Athletic Footwear,In-store,46.91,45.0,
100563,21 Feb 2023,Kohl's,Midwest,Wisconsin,Women's Athletic Footwear,Outlet,36.9,,1512.9
108149,07/09/2024,Adidas Online Store,Northeast,Pennsylvania,Accessories,In-store,41.2,1.0,41.2
100123,12/09/2024,Adidas Online Store,Northeast,Pennsylvania,Kids' Footwear,Online,69.73,11.0,767.03
100551,11/11/2022,walmart,Midwest,Wisconsin,Accessories,Online,85.81,1.0,85.81
104816,09/09/2023,Adidas Online Store,West,Arizona,Men's Apparel,Online,35.53,25.0,888.25
100398,04 May 2023,  Foot Locker ,South,Tennessee,Women's Apparel,In-store,48.41,24.0,1161.84
103421,04/07/2022,West Gear,Midwest,Ohio,Kids' Footwear,In-store,39.73,43.0,1708.39
105444,2023-06-13,Sports Direct,Northeast,Massachusetts,Kids' Apparel,In-store,,12.0,762.84
106078,2023-05-27,WALMART,West,Oregon,Outdoor Footwear,Outlet,45.96,36.0,1654.56
102796,04 May 2023,Foot Locker,South,Texas,Women's Street Footwear,Online,63.42,6.0,380.52
103216,2023-04-19,J.D. Sports,Midwest,Wisconsin,Women's Street Footwear,Outlet,44.33,66.0,2925.78
100513,12/25/2023,J.D. Sports,South,Louisiana,Men's Street Footwear,Online,57.71,52.0,3000.92
107713,12/30/2024,Kohl's,SOUTHEAST,North Carolina,Kids' Footwear, Outlet,44.72,32.0,1431.04
108080,2024-10-30,Amazon,West,California,Accessories,IN-STORE,38.45,19.0,730.55
106178,17 Sep 2022,Amazon,West,Arizona,Mens Athletic Footwear,In-store,50.67,1.0,50.67
102210,01-05-2024,West Gear,South,Texas,Kids' Apparel,Outlet,45.08,46.0,2073.68
105152,19-01-2023,Amazon,South,Oklahoma,Women's Street Footwear,Outlet,48.95,30.0,1468.5
103910,31-07-2022,Sports Direct,South,Oklahoma,Kids' Apparel,Outlet,78.04,54.0,4214.16
103397,2022-12-13,J.D. Sports,South,Texas,Men's Apparel,Outlet,70.97,54.0,3832.38
103577,2023-10-28,  West Gear ,Southeast,North Carolina,Women's Street Footwear,Outlet,50.84,25.0,1271.0
104502,2024-02-06,Foot Locker,South,Texas,Outdoor Footwear,Online,15.76,55.0,866.8
105561,07/21/2024,Walmart,WEST,Washington,Kids' Apparel,Online,17.24,12.0,206.88
106415,12/09/2023,J.D. Sports,West,California,Women's Athletic Footwear,Online,59.91,,1617.57
100589,2023-10-22,Adidas Online Store,Midwest,Illinois,Accessories,Outlet,91.44,4.0,365.76
105894,2022-05-13,Adidas Online Store,Northeast,Massachusetts,Accessories,Outlet,67.15,34.0,2283.1
103947,09 Jan 2022,amazon,South,Oklahoma,Womens Athletic Footwear,OUTLET,64.44,49.0,3157.56
105598,28/02/2022,J.D. Sports,South,Texas,Women's Athletic Footwear,In-store,14.08,48.0,675.84
102895,09/07/2023,  Walmart ,South,Oklahoma,Outdoor Footwear,Online,57.55,47.0,2704.85
105532,04/09/2024,Kohl's,Midwest,Michigan,Women's Street Footwear,In-store,59.43,43.0,2555.49
105942,01/21/2023,Amazon,Midwest,Ohio,Women's Athletic Footwear,Online,77.17,34.0,
102232,29-07-2023,West Gear,Midwest,Wisconsin,Kids' Footwear,Online,64.24,31.0,1991.44
105173,28-02-2022,West Gear,Northeast,New York,Accessories,Outlet,66.56,9.0,599.04
102763,23 Jan 2023,Adidas Online Store,South,Oklahoma,Mens Apparel,Outlet,69.9,34.0,2376.6
101045,16 Jul 2023,Walmart,SOUTHEAST,Virginia,Women's Apparel,Online,48.79,38.0,1854.02
103417,2024-03-30,J.D. Sports,West,Washington,Women's Street Footwear,Outlet,52.28,46.0,2404.88
103383,2024-05-24,  Walmart ,South,Louisiana,Outdoor Footwear,Outlet,71.84,10.0,718.4
102969,04/28/2022,Amazon,SOUTH,Tennessee,Women's Apparel,In-store,,66.0,1407.12
105653,03 Oct 2022,Kohl's,Midwest,Ohio,Outdoor Footwear,In-store,55.07,14.0,770.98
108637,01-09-2024,J.D. Sports,South,Tennessee,Men's Athletic Footwear,Online,74.19,,4599.78
109578,31-05-2024,Sports Direct,Northeast,Massachusetts,Men's Athletic Footwear,Outlet,26.03,23.0,598.69
102593,15 Apr 2024,Adidas Online Store,Midwest,Wisconsin,Outdoor Footwear,Online,66.01,16.0,1056.16
104909,20 Sep 2022,Foot Locker,Midwest,Michigan,Women's Street Footwear,Outlet,53.95,71.0,3830.45
106015,2023-01-20,Adidas Online Store,Midwest,Wisconsin,Men's Apparel,Online,66.7,47.0,3134.9
109486,07/15/2024,Foot Locker,South,Oklahoma,Kids' Apparel,In-store,58.86,44.0,2589.84
101373,16/03/2022,Adidas Online Store,West,California,Men's Athletic Footwear,Online,37.12,56.0,2078.72
100109,17/08/2023,kohl's,West,California,Men's Street Footwear,Online,43.15,35.0,1510.25
104106,07 Jan 2022,Walmart,South,Texas,Mens Athletic Footwear,Online,65.68,49.0,3218.32
109004,24/12/2024,Amazon,Southeast,Florida,Kids' Apparel,Online,56.82,12.0,681.84
101637,2023-05-27,Kohl's,Southeast,Florida,Women's Street Footwear,In-store,44.58,31.0,
105259,06-04-2022,Sports Direct,Southeast,North Carolina,Women's Apparel, In-store,10.95,37.0,405.15
104083,21 Apr 2023,Amazon,West,,Kids' Footwear,Online,42.44,29.0,1230.76
106061,29-12-2022,Adidas Online Store,NORTHEAST,Pennsylvania,Kids' Apparel,In-store,65.41,32.0,2093.12
105145,11/09/2022,J.D. Sports,Northeast,Massachusetts,Men's Street Footwear,Online,70.29,8.0,562.32
101448,27/07/2023,Sports Direct,Midwest,Wisconsin,Women's Street Footwear,In-store,86.94,50.0,4347.0
108124,07-03-2023,  Adidas Online Store ,Northeast,New York,Accessories,Online,57.07,19.0,1084.33
102132,2024-03-02,Foot Locker,Northeast,New York,Men's Athletic Footwear,Online,46.22,21.0,970.62
100832,2022-02-06,Walmart,Midwest,Wisconsin,Womens Street Footwear,Outlet,50.72,,50.72
104541,2022-06-20,Amazon,West,California,Outdoor Footwear,Online,79.61,1.0,79.61
109118,26 Jun 2022,West Gear,Southeast,Georgia,Men's Street Footwear,Outlet,74.63,7.0,522.41
107328,28/03/2022,Adidas Online Store,Northeast,New Jersey,Men's Street Footwear,In-store,75.5,50.0,3775.0
101590,02-07-2024,j.d. sports,South,Tennessee,Men's Apparel,,41.94,22.0,922.68
101812,09/06/2024,J.D. Sports,West,Arizona,Men's Street Footwear,Outlet,,23.0,2089.32
109127,2022-03-27,  Foot Locker ,West,Washington,Outdoor Footwear,Outlet,83.1,18.0,1495.8
104864,2023-06-19,Adidas Online Store,Midwest,Michigan,Accessories, Online,42.98,48.0,2063.04
105627,04/10/2024,J.D. Sports,South,Louisiana,Women's Athletic Footwear,Outlet,45.87,13.0,596.31
108847,23-02-2024,Amazon,Midwest,Michigan,Women's Athletic Footwear,Outlet,23.71,19.0,450.49
100560,01-02-2022,Foot Locker,Southeast,North Carolina,Men's Athletic Footwear,Online,52.12,49.0,2553.88
100245,12/08/2024,Sports Direct,Northeast,Massachusetts,Kids' Footwear,In-store,48.53,38.0,1844.14
103134,04/18/2024,Adidas Online Store,SOUTH,Louisiana,Women's Athletic Footwear,Online,33.31,82.0,2731.42
103363,10/31/2022,J.D. Sports,West,Arizona,Men's Athletic Footwear,Online,41.83,,1840.52
109144,13-08-2024,Adidas Online Store,South,Louisiana,Women's Street Footwear,Outlet,24.9,61.0,
107606,08/16/2024,Walmart,West,Washington,Outdoor Footwear,Online,53.97,43.0,2320.71
100008,24-12-2024,  Kohl's ,South,Texas,Kids' Apparel,,,5.0,250.75
105744,28/05/2023,Foot Locker,West,Arizona,Men's Street Footwear,In-store,34.25,54.0,1849.5
107095,12-09-2022,Adidas Online Store,Northeast,New Jersey,Outdoor Footwear,In-store,86.56,,2423.68
107392,31-10-2023,Amazon,South,Tennessee,Accessories,In-store,61.88,32.0,1980.16
100690,30 Jul 2023,sports direct,Northeast,Pennsylvania,Outdoor Footwear, Online,30.29,31.0,938.99
105999,29/04/2022,West Gear,West,Arizona,Kids' Apparel,Outlet,36.59,38.0,1390.42
107222,07/27/2022,Kohl's,Northeast,New York,Women's Apparel,Outlet,67.2,30.0,2016.0
107574,06/10/2024,Kohl's,Midwest,Ohio,Women's Street Footwear,In-store,52.54,41.0,2154.14
100924,06/03/2023,foot locker,Southeast,Virginia,Men's Athletic Footwear,In-store,67.32,18.0,1211.76
107560,20-03-2023,Adidas Online Store,Midwest,Ohio,Women's Apparel,In-store,49.11,43.0,2111.73
105516,2024-08-06,Adidas Online Store,Southeast,Georgia,Women's Street Footwear,Online,68.02,31.0,2108.62
109416,08 Jul 2022,Sports Direct,Northeast,Pennsylvania,Accessories,Outlet,33.67,13.0,437.71
108439,19 Mar 2022,Foot Locker,West,,Kids' Apparel,Online,45.82,36.0,1649.52
107273,25 Sep 2024,Kohl's,Midwest,Wisconsin,Kids' Apparel,Outlet,27.79,60.0,1667.4
101074,08/01/2023,walmart,Midwest,Michigan,Men's Athletic Footwear,Outlet,48.57,93.0,4517.01
101723,22/11/2023,West Gear,Midwest,Illinois,Women's Athletic Footwear,Online,25.94,61.0,1582.34
108699,18 Nov 2024,West Gear,Southeast,North Carolina,Women's Street Footwear,In-store,30.81,51.0,1571.31
101853,18-08-2024,Foot Locker,Southeast,North Carolina,Women's Athletic Footwear,,60.53,41.0,2481.73
100644,2024-09-12,walmart,Northeast,New Jersey,Women's Apparel,Outlet,34.89,28.0,976.92
102163,18 Jun 2023,Foot Locker,Southeast,Virginia,Women's Apparel,ONLINE,33.83,90.0,3044.7
100857,10/19/2023,J.D. Sports,Southeast,Georgia,Men's Street Footwear,In-store,50.41,24.0,1209.84
105929,18 Jun 2023,FOOT LOCKER,South,Texas,Women's Athletic Footwear,Outlet,57.2,,514.8
103997,14/11/2022,West Gear,South,Tennessee,Women's Apparel,In-store,31.09,45.0,1399.05
107869,28 Oct 2024,Kohl's,Northeast,New Jersey,Women's Apparel,Outlet,47.05,36.0,1693.8
109382,25 Nov 2023,West Gear,Southeast,Georgia,Women's Street Footwear, In-store,44.73,31.0,1386.63
103251,2022-02-28,Amazon,West,Oregon,Men's Apparel,In-store,30.98,55.0,1703.9
107379,07/11/2022,  West Gear ,Southeast,Florida,Women's Apparel,in-store,49.15,30.0,1474.5
102681,31 Oct 2022,Foot Locker,Southeast,Florida,Kids' Apparel,In-store,26.96,17.0,458.32
106835,22 Sep 2024,Adidas Online Store,South,Tennessee,Accessories,IN-STORE,40.6,48.0,1948.8
101968,22-11-2023,west gear,Midwest,Illinois,Outdoor Footwear,Online,63.11,32.0,
103999,18-12-2022,Kohl's,Northeast,New York,Men's Athletic Footwear,Online,13.0,19.0,247.0
106961,19/12/2023,West Gear,South,Texas,Accessories,Outlet,83.57,36.0,3008.52
102539,23 Jul 2023,Sports Direct,Midwest,Illinois,Women's Athletic Footwear,Online,52.84,42.0,2219.28
101150,02 Jul 2024,Sports Direct,West,California,Men's Street Footwear,In-store,,29.0,
105018,10 Apr 2023,Adidas Online Store,West,Arizona,Men's Apparel,In-store,10.34,14.0,144.76
101153,2024-10-03,Kohl's,South,Tennessee,Women's Apparel,Outlet,37.83,12.0,453.96
105947,07/06/2023,Amazon,South,Tennessee,Kids' Apparel,OUTLET,62.95,46.0,2895.7
108851,11-01-2023,Kohl's,Midwest,Illinois,Women's Apparel,Outlet,73.97,61.0,4512.17
101840,24 Jun 2022,Adidas Online Store,NORTHEAST,Pennsylvania,Accessories,Online,54.56,82.0,
106773,01/11/2023,West Gear,West,Oregon,Men's Street Footwear,In-store,50.85,41.0,2084.85
106047,11/22/2024,Adidas Online Store,Midwest,Michigan,Men's Athletic Footwear,In-store,74.11,1.0,74.11
106357,03 Apr 2024,Foot Locker,Southeast,North Carolina,Women's Athletic Footwear,Outlet,65.95,45.0,2967.75
103056,10-08-2024,Walmart,Northeast,Massachusetts,Outdoor Footwear,Online,42.44,6.0,254.64
108703,2024-05-24,AMAZON,Midwest,Wisconsin,Men's Athletic Footwear,Outlet,28.78,27.0,777.06
105881,09/03/2022,  Amazon ,West,Washington,Men's Apparel,Online,52.7,,368.9
104643,21 Sep 2024,  Amazon ,West,Arizona,Men's Athletic Footwear,online,41.22,46.0,1896.12
101443,16 Oct 2022,Sports Direct,South,Tennessee,Kids' Apparel,In-store,8.0,22.0,176.0
101813,31-03-2022,KOHL'S,South,Louisiana,Accessories,Online,51.88,27.0,1400.76
100302,12 Apr 2022,Adidas Online Store,Northeast,Pennsylvania,Accessories,online,17.61,1.0,17.61
107765,15-06-2022,J.D. Sports,Southeast,Virginia,Men's Athletic Footwear, Outlet,46.62,48.0,2237.76
106318,01/02/2023,J.D. Sports,South,Texas,Kids' Apparel,In-store,74.14,55.0,4077.7
109260,23 Aug 2022,West Gear,WEST,California,Accessories,In-store,66.63,35.0,
102573,30-12-2022,J.D. Sports,Northeast,New Jersey,Women's Apparel,outlet,87.0,14.0,1218.0
109703,01/03/2023,Amazon,West,Arizona,Men's Athletic Footwear,In-store,32.39,15.0,485.85
106412,14/12/2023,Sports Direct,South,Louisiana,Kids' Apparel,Online,,58.0,2263.74
102050,2024-02-27,Adidas Online Store,West,Washington,Outdoor Footwear,Outlet,53.26,,1597.8
109377,13/06/2024,Adidas Online Store,Southeast,North Carolina,Women's Apparel,Online,69.41,26.0,1804.66
108024,06 Nov 2023,West Gear,Midwest,Ohio,Men's Athletic Footwear,In-store,72.78,1.0,72.78
100544,31-01-2022,Kohl's,Southeast,Florida,Men's Apparel,Online,,5.0,241.6
103256,22/09/2023,J.D. Sports,Midwest,Michigan,Kids' Footwear,Outlet,27.81,36.0,1001.16
106866,24/02/2024,Walmart,Southeast,North Carolina,Women's Street Footwear,Online,66.86,40.0,2674.4
103814,06-02-2024,sports direct,South,Oklahoma,Kids' Apparel,IN-STORE,50.89,56.0,
103708,28 Dec 2022,j.d. sports,West,Washington,Women's Apparel,In-store,32.98,50.0,1649.0
106246,06/01/2022,Kohl's,Northeast,New York,Accessories,Outlet,52.62,1.0,52.62
100053,15/09/2024,Walmart,South,Texas,Accessories,Online,64.73,23.0,1488.79
105500,08/15/2024,Foot Locker,South,Texas,Women's Street Footwear,In-store,66.23,52.0,3443.96
106799,26/04/2022,West Gear,West,Oregon,Women's Street Footwear,Online,31.63,1.0,31.63
101308,11 Aug 2022,Amazon,Southeast,Georgia,Men's Apparel,Online,43.77,44.0,1925.88
102691,2023-03-25,Amazon,Northeast,New Jersey,Men's Athletic Footwear,in-store,50.55,42.0,2123.1
105137,2024-07-15,Sports Direct,West,California,Accessories,In-store,59.46,54.0,3210.84
105680,08/08/2023,AMAZON,West,Oregon,Men's Street Footwear,Online,72.16,1.0,72.16
101906,2022-10-14,Walmart,Northeast,Pennsylvania,Kids' Footwear,In-store,76.96,59.0,4540.64
107864,05 Jun 2022,Foot Locker,Southeast,Virginia,Kids' Footwear, Online,31.99,40.0,1279.6
101570,09/26/2023,West Gear,South,Texas,Accessories,Outlet,59.72,58.0,3463.76
103328,19-06-2024,Adidas Online Store,South,Oklahoma,Accessories,In-store,77.2,7.0,540.4
103442,25 Feb 2023,Sports Direct,West,California,Men's Street Footwear,Online,84.97,38.0,3228.86
103676,06/07/2023,Walmart,Southeast,Florida,Kids' Apparel,Outlet,23.07,50.0,1153.5
105676,20-10-2024,West Gear,Northeast,Pennsylvania,Men's Street Footwear,Outlet,26.4,1.0,26.4
104227,10/06/2023,Adidas Online Store,Midwest,Illinois,Men's Street Footwear,In-store,96.04,22.0,2112.88
102376,10/24/2022,Kohl's,SOUTH,Texas,Men's Apparel,Online,,31.0,1439.02
100157,11 Aug 2024,West Gear,Northeast,New Jersey,Kids' Apparel,Online,81.93,41.0,3359.13
102382,11 Oct 2024,Amazon,South,,Accessories,In-store,86.47,17.0,1469.99
106293,07/25/2024,west gear,Midwest,Wisconsin,Women's Apparel,Online,,1.0,120.62
108624,07/03/2022,foot locker,Southeast,Florida,Outdoor Footwear,In-store,47.06,1.0,47.06
102773,13-09-2022,Walmart,Midwest,Ohio,Outdoor Footwear,Outlet,,18.0,1215.36
102754,14-04-2022,Amazon,South,Louisiana,Kids' Footwear, Online,,26.0,
104295,03/10/2022,Sports Direct,SOUTH,Oklahoma,Women's Athletic Footwear,Outlet,74.16,51.0,3782.16
103984,08-11-2024,Walmart,West,Oregon,Women's Athletic Footwear,Online,74.55,46.0,
108967,12/05/2024,Amazon,Northeast,Massachusetts,Women's Apparel,Online,43.37,50.0,2168.5
103754,21 Apr 2023,J.D. Sports,West,California,Women's Street Footwear,Outlet,30.84,53.0,1634.52
104379,2024-07-04,Adidas Online Store,Midwest,Michigan,Kids' Apparel,Online,43.71,21.0,917.91
109579,20-09-2024,Walmart,Northeast,New York,Women's Street Footwear,In-store,18.31,29.0,530.99
101334,04 Jun 2022,J.D. Sports,South,Louisiana,Women's Athletic Footwear,OUTLET,64.79,20.0,1295.8
101817,10/14/2022,J.D. Sports,Midwest,Ohio,Mens Athletic Footwear,In-store,65.24,42.0,2740.08
100546,28-04-2024,  Walmart ,West,Arizona,Women's Street Footwear,In-store,73.96,37.0,2736.52
108833,24-12-2022,West Gear,South,Louisiana,Kids' Apparel,In-store,67.63,40.0,2705.2
102894,20/11/2023,Kohl's,Midwest,Ohio,Kids' Footwear,In-store,54.73,,
108979,22 Jun 2024,Walmart,West,Washington,Men's Athletic Footwear,In-store,69.84,8.0,558.72
101472,23-06-2023,Walmart,Northeast,Massachusetts,Outdoor Footwear,Outlet,60.33,44.0,2654.52
102039,2023-01-15,  Walmart ,West,Oregon,Men's Apparel,OUTLET,21.23,23.0,488.29
100192,09/03/2024,Foot Locker,Southeast,Florida,Women's Apparel,In-store,48.83,16.0,781.28
109373,29/08/2024,Foot Locker,South,Louisiana,Men's Apparel,In-store,59.79,47.0,2810.13
105392,25/10/2022,J.D. Sports,West,Arizona,Women's Street Footwear,Online,59.72,35.0,
104039,19 Jan 2022,  Walmart ,Southeast,Virginia,Men's Athletic Footwear,Online,47.03,45.0,
108481,2022-07-01,west gear,South,Louisiana,Women's Athletic Footwear,In-store,68.21,66.0,4501.86
104447,03/02/2022,amazon,Midwest,Wisconsin,Women's Athletic Footwear,In-store,,69.0,3540.39
106602,19/11/2024,Adidas Online Store,Southeast,  Virginia  ,Women's Street Footwear,In-store,53.37,42.0,3362.31
108239,18 Feb 2022,Amazon,WEST,Oregon,Kids' Apparel,Outlet,45.0,27.0,1215.0
105739,2024-09-17,West Gear,Northeast,New Jersey,Kids' Apparel,In-store,35.37,54.0,1909.98
100369,22 Jan 2024,Kohl's,SOUTHEAST,North Carolina,Womens Street Footwear,Online,41.8,24.0,1003.2
104304,10 Sep 2024,Kohl's,South,Louisiana,Kids' Footwear,In-store,65.9,8.0,
107871,06/30/2023,SPORTS DIRECT,Southeast,North Carolina,Outdoor Footwear,Online,17.5,59.0,1032.5
103851,26-05-2024,Foot Locker,South,Oklahoma,Kids' Apparel,Outlet,61.47,24.0,1475.28
102576,20 Aug 2022,Adidas Online Store,South,Tennessee,Men's Athletic Footwear,Online,48.52,1.0,48.52
101482,2022-12-03,West Gear,Northeast,Massachusetts,Men's Athletic Footwear,Online,58.06,31.0,1799.86
104187,20/10/2024,west gear,West,Oregon,Men's Apparel,In-store,38.01,10.0,380.1
108572,2024-12-18,West Gear,West,California,Kids' Footwear,Outlet,82.76,56.0,4634.56
109169,10/24/2022,Sports Direct,Northeast,Massachusetts,Men's Street Footwear,Online,81.88,17.0,1391.96
100426,06/09/2022,Kohl's,South,Oklahoma,Kids' Footwear,Online,44.09,40.0,1763.6
107661,17 May 2022,Walmart,West,Arizona,Women's Athletic Footwear,In-store,54.02,10.0,540.2
100041,06/12/2023,FOOT LOCKER,Southeast,Virginia,Kids' Apparel,Online,68.09,52.0,3540.68
106341,07 Oct 2023,Sports Direct,South,Texas,Men's Athletic Footwear,In-store,93.53,63.0,5892.39
107675,2022-05-22,Adidas Online Store,Northeast,Pennsylvania,Outdoor Footwear,online,46.7,67.0,3128.9
106155,23/08/2023,West Gear,West,Oregon,Kids' Footwear,In-store,39.02,1.0,39.02
106089,30-12-2024,Sports Direct,West,Arizona,Women's Athletic Footwear,In-store,80.09,49.0,
105860,06/10/2023,Adidas Online Store,Southeast,Florida,Kids' Apparel,Online,50.67,38.0,1925.46
102639,30/06/2022,Sports Direct,West,California,Outdoor Footwear,Outlet,48.86,31.0,1514.66
102148,01/11/2022,Adidas Online Store,Northeast,Pennsylvania,Women's Athletic Footwear,In-store,35.91,42.0,
105097,2023-11-10,Foot Locker,Northeast,New York,Women's Street Footwear,In-store,71.0,59.0,4189.0
106797,15/06/2023,J.D. Sports,West,Arizona,Women's Street Footwear,In-store,48.74,71.0,3460.54
106831,2022-12-12,Foot Locker,Midwest,Ohio,Accessories,Online,80.91,40.0,3236.4
102389,04/06/2022,Adidas Online Store,West,Oregon,Men's Athletic Footwear,,34.98,18.0,629.64
109713,26 Nov 2022,West Gear,Southeast,Georgia,Accessories,Outlet,49.57,30.0,1487.1
104063,2022-01-18,West Gear,Midwest,Ohio,Kids' Footwear,Outlet,79.15,,3086.85
100415,05/20/2022,J.D. Sports,South,Louisiana,Men's Street Footwear,Online,35.71,6.0,
103503,2024-09-09,Adidas Online Store,Midwest,Illinois,Men's Street Footwear,In-store,27.1,6.0,162.6
103070,19-01-2022,Amazon,Northeast,New York,Kids' Apparel,ONLINE,57.34,19.0,1089.46
106342,24 Sep 2022,Amazon,Midwest,Ohio,Outdoor Footwear,Outlet,79.3,37.0,2934.1
106929,2023-05-06,Kohl's,Midwest,Illinois,Men's Apparel,Outlet,85.74,53.0,4544.22
103460,01-08-2024,Adidas Online Store,West,Washington,Accessories,In-store,54.95,15.0,824.25
101331,2022-07-01,West Gear,West,California,Kids' Apparel,In-store,52.41,31.0,1624.71
109173,27-04-2024,Kohl's,MIDWEST,Illinois,Women's Athletic Footwear,In-store,42.89,13.0,557.57
106491,07/24/2023,WALMART,WEST,Oregon,Kids' Footwear,Outlet,66.44,10.0,664.4
105788,2023-04-11,Foot Locker,Southeast,Virginia,Men's Street Footwear,online,34.23,50.0,1711.5
107874,09 May 2024,Foot Locker,West,Arizona,Accessories,Online,60.99,43.0,2622.57
101663,07 Sep 2024,Foot Locker,Southeast,Virginia,Men's Athletic Footwear,Online,96.81,38.0,3678.78
106675,2024-03-05,Sports Direct,Northeast,New York,Women's Apparel,OUTLET,80.02,44.0,3520.88
107094,06/30/2022,  West Gear ,Southeast,Virginia,Men's Athletic Footwear,Online,67.48,33.0,2226.84
104399,06 May 2023,West Gear,Midwest,Michigan,Women's Athletic Footwear,outlet,55.25,35.0,1933.75
105602,01/07/2024,Adidas Online Store,WEST,Washington,Women's Apparel, In-store,71.35,20.0,1427.0
100553,01/11/2024,J.D. SPORTS,Northeast,Massachusetts,Accessories,Outlet,69.6,36.0,2505.6
100828,2024-10-09,Walmart,Southeast,Georgia,Women's Apparel,Outlet,38.31,39.0,
108308,02/06/2024,Adidas Online Store,Northeast,New York,Outdoor Footwear,Outlet,73.01,55.0,4015.55
100992,29/07/2022,Foot Locker,Northeast,Massachusetts,Women's Apparel, In-store,22.86,31.0,708.66
107914,10 Mar 2024,Adidas Online Store,WEST,Washington,Outdoor Footwear,Online,110.5,6.0,663.0
105934,25/02/2022,Walmart,MIDWEST,Illinois,Men's Athletic Footwear,Online,55.24,27.0,1491.48
102356,2023-06-16,FOOT LOCKER,Midwest,Wisconsin,Kids' Apparel,Outlet,50.29,72.0,3620.88
102804,25-04-2023,Sports Direct,Southeast,Virginia,Men's Street Footwear,Online,72.86,1.0,72.86
104702,09/06/2024,Walmart,South,Louisiana,Women's Apparel,Online,53.24,65.0,3460.6
101033,2023-03-12,J.D. Sports,South,Texas,Men's Athletic Footwear,In-store,98.75,45.0,4443.75
102367,04-11-2022,Amazon,SOUTHEAST,Georgia,Men's Athletic Footwear,In-store,83.45,38.0,3171.1
103222,18 Oct 2023,Sports Direct,Southeast,Virginia,Men's Street Footwear,Online,68.67,30.0,2060.1
107062,2023-11-15,Foot Locker,South,Oklahoma,Women's Street Footwear,In-store,72.52,30.0,2175.6
101376,05/27/2023,Amazon,South,Oklahoma,Women's Athletic Footwear,In-store,10.18,44.0,447.92
102864,22/08/2023,Adidas Online Store,Midwest,Wisconsin,Accessories,In-store,87.89,42.0,3691.38
101866,2024-06-20,Adidas Online Store,South,Louisiana,Kids' Apparel,Outlet,45.18,30.0,1355.4
107237,07/10/2023,Walmart,Midwest,Ohio,Women's Athletic Footwear,Online,34.02,47.0,1598.94
107992,2024-07-18,Adidas Online Store,West,Oregon,Kids' Footwear,In-store,57.5,36.0,2070.0
104648,13 Oct 2023,Sports Direct,Southeast,North Carolina,Women's Street Footwear,Online,72.61,31.0,2250.91
100274,07/05/2024,Foot Locker,WEST,Arizona,Men's Street Footwear,in-store,51.45,38.0,1955.1
101799,23-07-2022,Adidas Online Store,West,Washington,Mens Street Footwear,Outlet,63.21,47.0,2970.87
109077,14 Mar 2023,Walmart,West,California,Women's Street Footwear,Online,52.01,42.0,2184.42
108671,19-06-2022,Kohl's,Northeast,Massachusetts,Men's Athletic Footwear,Outlet,54.06,17.0,919.02
106312,23 Aug 2023,Amazon,South,Louisiana,Women's Street Footwear,Online,26.32,50.0,1316.0
107854,26 Dec 2023,Foot Locker,Midwest,Michigan,Women's Athletic Footwear,,103.72,10.0,1037.2
105045,2024-07-14,  Adidas Online Store ,SOUTHEAST,Georgia,Women's Apparel,Outlet,38.46,9.0,346.14
108551,05/05/2022,Adidas Online Store,West,Arizona,Kids' Apparel,Online,67.22,13.0,873.86
104153,20 Apr 2022,FOOT LOCKER,Northeast,New Jersey,Outdoor Footwear,In-store,78.86,38.0,2996.68
108379,01/10/2023,Adidas Online Store,South,Tennessee,Men's Athletic Footwear,Outlet,36.6,28.0,1024.8
102401,04/04/2024,J.D. SPORTS,West,Oregon,Men's Apparel,In-store,105.99,37.0,3921.63
104229,06/04/2023,foot locker,Midwest,,Women's Apparel,outlet,45.29,29.0,1313.41
104798,08-05-2024,  J.D. Sports ,Northeast,New Jersey,Accessories,In-store,50.17,40.0,2006.8
106382,20/06/2024,Kohl's,West,California,Kids' Footwear,outlet,9.6,12.0,115.2
105058,2023-03-14,Kohl's,Northeast,New Jersey,Women's Apparel,Online,28.12,54.0,1518.48
102249,08/26/2023,Walmart,Midwest,Illinois,Men's Street Footwear,Outlet,33.77,59.0,1992.43
101417,21 Mar 2024,Walmart,South,Tennessee,Women's Apparel,Online,28.02,24.0,1008.72
103825,2024-07-26,WALMART,Southeast,Virginia,Men's Apparel,In-store,89.34,16.0,1429.44
107180,23/10/2024,Walmart,Midwest,Michigan,Kids' Apparel,Outlet,46.54,31.0,1442.74
108331,2024-08-12,Sports Direct,West,,Women's Street Footwear,In-store,27.94,31.0,866.14
107671,2023-01-25,Walmart,South,Louisiana,Men's Athletic Footwear,In-store,63.17,49.0,3095.33
104557,02/01/2022,Walmart,West,California,Women's Athletic Footwear,Online,67.76,40.0,2710.4
108523,13/12/2024,sports direct,South,Tennessee,Men's Athletic Footwear,In-store,53.21,44.0,2341.24
107611,05/24/2022,Walmart,Southeast,Virginia,Women's Street Footwear,IN-STORE,60.44,15.0,906.6
106590,16-12-2022,Walmart,Northeast,New York,Men's Street Footwear,Online,54.75,19.0,1040.25
100002,07/06/2024,Kohl's,MIDWEST,Illinois,Men's Street Footwear,In-store,55.66,,2393.38
105690,08 Oct 2023,Foot Locker,Southeast,Florida,Women's Apparel, Outlet,77.58,39.0,3025.62
105623,28 May 2024,Amazon,West,Oregon,Women's Apparel,In-store,28.57,51.0,1457.07
102303,2023-01-12,Adidas Online Store,South,Tennessee,Women's Athletic Footwear,In-store,72.52,4.0,290.08
109073,08/24/2024,Walmart,West,Arizona,Men's Apparel,Online,58.89,13.0,765.57
107421,14/09/2022,  Sports Direct ,West,Washington,Men's Apparel,In-store,74.29,63.0,4680.27
101219,12/31/2023,Walmart,MIDWEST,Ohio,Accessories, Outlet,79.33,54.0,4283.82
102884,04/13/2023,foot locker,Midwest,Michigan,Women's Street Footwear,Outlet,46.83,89.0,4167.87
108368,25-09-2022,J.D. Sports,Midwest,Illinois,Men's Athletic Footwear,Online,51.11,29.0,
107129,02/05/2022,Walmart,NORTHEAST,Pennsylvania,Women's Athletic Footwear,Outlet,70.07,64.0,4484.48
101541,19 Nov 2024,  J.D. Sports ,Northeast,New York,Women's Apparel,In-store,72.08,27.0,1946.16
101554,20-03-2023,Adidas Online Store,West,Oregon,Accessories,Online,64.53,1.0,64.53
106136,06/12/2024,Amazon,Midwest,Ohio,Accessories,Online,40.39,47.0,
100075,2022-03-17,WALMART,Southeast,North Carolina,Mens Street Footwear,Outlet,49.38,4.0,197.52
103486,2022-07-01,sports direct,West,Oregon,Kids' Footwear,In-store,62.3,54.0,3364.2
109270,2022-05-12,Amazon,Northeast,Massachusetts,Men's Street Footwear,in-store,55.2,,993.6
104982,26 Feb 2022,WALMART,South,Oklahoma,Kids' Apparel,outlet,36.07,39.0,1406.73
107206,12 May 2023,Walmart,West,Oregon,Kids' Apparel,in-store,40.41,22.0,889.02
100413,06/14/2024,Amazon,Midwest,Wisconsin,Accessories,,47.18,28.0,1321.04
104445,24/01/2024,Foot Locker,West,,Outdoor Footwear,In-store,38.94,5.0,194.7
109124,27/06/2022,Walmart,Midwest,Michigan,Kids' Footwear,Online,59.85,44.0,2633.4
102601,30/01/2022,Sports Direct,West,Arizona,Kids' Footwear,Online,69.94,10.0,699.4
104945,26-05-2022,J.D. Sports,Midwest,Michigan,Women's Street Footwear,Online,,43.0,
105339,10/25/2024,FOOT LOCKER,South,Texas,Men's Athletic Footwear,Outlet,49.95,50.0,2497.5
105325,10/10/2022,Amazon,South,Texas,Men's Street Footwear,,54.4,21.0,1142.4
103324,2024-08-20,Kohl's,South,Texas,Men's Athletic Footwear, In-store,47.98,60.0,2878.8
106154,08/07/2022,FOOT LOCKER,South,Tennessee,Men's Apparel,In-store,74.0,1.0,74.0
107756,2023-08-01,  Sports Direct ,Northeast,Massachusetts,Men's Apparel,online,61.74,38.0,2346.12
105010,03/01/2023,  West Gear ,South,Oklahoma,Outdoor Footwear,In-store,84.33,23.0,1939.59
107669,10/16/2024,Amazon,Northeast,New York,Women's Apparel,In-store,64.19,18.0,1155.42
102007,30/05/2023,Kohl's,West,Arizona,Women's Apparel,in-store,52.45,20.0,1049.0
106613,08/26/2024,J.D. Sports,Midwest,Michigan,Women's Apparel,In-store,63.54,18.0,
109318,14/10/2022,Foot Locker,West,California,Men's Athletic Footwear,In-store,44.41,29.0,1287.89
105945,17/09/2024,  Kohl's ,Northeast,New York,Women's Apparel,OUTLET,49.78,25.0,1244.5
101176,04/12/2024,West Gear,Northeast,Massachusetts,Women's Street Footwear,Outlet,33.82,,33.82
108139,01-02-2022,Foot Locker,Midwest,Michigan,Kids' Footwear,Outlet,,46.0,3099.48
103841,07/12/2022,sports direct,South,Texas,Men's Street Footwear,Outlet,61.31,16.0,980.96
103244,14 Nov 2023,Amazon,Southeast,North Carolina,Kids' Apparel,outlet,63.95,26.0,1662.7
105078,04/29/2023,Adidas Online Store,Midwest,Michigan,Accessories,In-store,57.56,,3338.48
107437,31/10/2023,  Walmart ,Northeast,New York,Men's Apparel,Online,74.95,31.0,2323.45
108753,08/05/2022,Walmart,Northeast,New York,Kids' Apparel,In-store,58.23,17.0,989.91
100466,11/14/2024,Foot Locker,South,Tennessee,Women's Athletic Footwear,Outlet,58.87,38.0,
101710,13 Feb 2024,Sports Direct,Southeast,Virginia,Kids' Footwear,Outlet,47.1,10.0,471.0
106225,23 Jul 2023,Adidas Online Store,West,Arizona,Kids' Apparel,Online,61.24,28.0,
107187,09 May 2022,J.D. Sports,Northeast,Massachusetts,Men's Street Footwear,Online,66.64,14.0,932.96
101116,12 May 2022,West Gear,Midwest,Illinois,Men's Athletic Footwear,Outlet,66.61,35.0,2331.35
109269,14/06/2023,  J.D. Sports ,Northeast,New Jersey,Outdoor Footwear,Outlet,62.75,1.0,62.75
102732,09 Mar 2023,Sports Direct,West,California,Women's Athletic Footwear,Outlet,68.0,25.0,1700.0
101572,15 Aug 2024,ADIDAS ONLINE STORE,Southeast,Florida,Men's Street Footwear,Outlet,24.18,60.0,1450.8
107639,12/25/2023,J.D. Sports,West,Oregon,Men's Street Footwear,Outlet,65.94,42.0,2769.48
101970,2022-05-21,Kohl's,Midwest,Illinois,Kids' Footwear, Outlet,47.27,62.0,2930.74
105574,18/01/2022,J.D. Sports,Southeast,Florida,Women's Apparel,Online,69.34,22.0,1525.48
105705,2022-10-02,J.D. Sports,SOUTHEAST,Virginia,Kids' Footwear,Online,37.38,61.0,2280.18
107247,22 Apr 2023,Kohl's,West,,Outdoor Footwear,In-store,80.59,29.0,2337.11
104081,2024-10-08,West Gear,Southeast,Virginia,Kids' Apparel,Outlet,76.32,58.0,4426.56
100217,2022-11-02,Foot Locker,Southeast,  Georgia  ,Women's Athletic Footwear,Online,52.82,45.0,2376.9
107485,24/12/2023,Walmart,South,Tennessee,Men's Athletic Footwear,Online,54.32,28.0,1520.96
105234,13-03-2024,AMAZON,Midwest,Michigan,Kids' Footwear,In-store,80.8,19.0,1535.2
100650,20 Jun 2023,J.D. Sports,Midwest,Illinois,Men's Apparel,IN-STORE,17.91,76.0,1361.16
109325,17/08/2023,adidas online store,Southeast,Georgia,Accessories,Online,35.98,59.0,2122.82
107124,05 Apr 2022,West Gear,Northeast,New York,Accessories,In-store,98.4,1.0,98.4
105735,13 Dec 2023,J.D. Sports,West,Washington,Men's Athletic Footwear,,15.24,40.0,609.6
105442,17 May 2022,sports direct,South,,Accessories,Online,8.0,1.0,8.0
103562,2022-07-20,West Gear,Southeast,Virginia,Accessories,In-store,39.34,37.0,1455.58
105271,05/09/2024,Kohl's,Northeast,New York,Men's Apparel,Outlet,86.33,58.0,5007.14
104045,18-12-2023,Adidas Online Store,West,California,Accessories,Online,78.48,50.0,3924.0
108939,04-05-2022,Sports Direct,Northeast,New York,Kids' Footwear,Outlet,39.55,31.0,1226.05
104455,08/10/2024,Foot Locker,West,Oregon,Men's Athletic Footwear,Online,79.32,29.0,2300.28
108901,04/20/2022,Amazon,Northeast,New York,Women's Street Footwear,Outlet,53.32,1.0,53.32
104805,16/08/2023,  West Gear ,Northeast,New Jersey,Kids' Apparel,In-store,60.85,48.0,2920.8
104006,20 Dec 2024,Adidas Online Store,MIDWEST,Michigan,Men's Street Footwear,In-store,45.88,41.0,1881.08
106372,24-01-2023,  J.D. Sports ,Southeast,North Carolina,Outdoor Footwear,in-store,76.57,36.0,2756.52
108675,20/08/2023,amazon,South,Texas,Kids' Footwear,Online,50.54,36.0,1819.44
102085,06/19/2023,Kohl's,Northeast,New York,Kids' Footwear,Online,50.51,18.0,909.18
102255,17/11/2023,Foot Locker,SOUTHEAST,Florida,Men's Apparel,In-store,73.18,21.0,1536.78
101818,02-02-2024,Adidas Online Store,Midwest,Wisconsin,Men's Athletic Footwear,online,46.69,31.0,1447.39
101076,2022-07-15,Sports Direct,MIDWEST,Ohio,Women's Street Footwear,Outlet,49.06,64.0,3139.84
109120,25-08-2024,West Gear,South,Texas,Women's Apparel,Outlet,33.96,17.0,577.32
109053,22/11/2023,j.d. sports,South,Texas,Women's Apparel,Online,47.64,37.0,1762.68
107106,22/01/2024,West Gear,South,Oklahoma,Men's Apparel,Outlet,74.92,25.0,1873.0
104673,30/04/2023,West Gear,West,Arizona,Kids' Apparel,Outlet,63.59,39.0,2480.01
108507,03-11-2022,Foot Locker,Southeast,Georgia,Women's Apparel, Outlet,44.99,14.0,629.86
100557,02-11-2022,Amazon,Southeast,  Georgia  ,Outdoor Footwear,Outlet,62.14,,2734.16
109415,04/04/2023,FOOT LOCKER,Southeast,Virginia,Women's Apparel,In-store,,,
102557,2022-02-09,Foot Locker,West,Oregon,Men's Apparel,In-store,74.54,25.0,1863.5
101612,08 Jan 2024,Kohl's,South,Texas,Women's Street Footwear,Online,,71.0,6346.69
109341,10/23/2022,Sports Direct,West,Arizona,Men's Street Footwear,In-store,65.38,29.0,1896.02
106973,03/11/2023,West Gear,Midwest,Wisconsin,Women's Athletic Footwear,in-store,66.79,,1135.43
107019,2022-01-09,Walmart,Midwest,Ohio,Men's Street Footwear,Online,51.69,30.0,1550.7
108294,14-10-2022,Adidas Online Store,West,California,Men's Athletic Footwear,Online,37.66,67.0,2523.22
108714,23/03/2023,  Amazon ,West,California,Men's Apparel,Outlet,59.06,39.0,2303.34
104016,12/28/2022,Kohl's,Southeast,Virginia,Men's Apparel, Outlet,69.77,19.0,1325.63
106720,2023-12-19,Foot Locker,Midwest,Ohio,Men's Apparel,Online,68.92,29.0,1998.68
109569,02-05-2024,Amazon,Southeast,North Carolina,Men's Apparel,In-store,95.96,8.0,767.68
109153,18-10-2024,West Gear,Northeast,New Jersey,Women's Street Footwear,Outlet,49.39,11.0,543.29
105485,06/16/2024,Kohl's,Midwest,Michigan,Men's Apparel,outlet,35.1,65.0,2281.5
107444,12-12-2024,Foot Locker,South,Louisiana,Women's Street Footwear,Online,38.08,45.0,1713.6
101586,09/03/2024,Foot Locker,Northeast,Massachusetts,Kids' Apparel,Online,43.31,44.0,1905.64
109518,2024-04-30,Sports Direct,SOUTH,Tennessee,Kids' Apparel,Online,65.12,23.0,1497.76
100330,2024-09-03,Amazon,Southeast,Virginia,Accessories,Outlet,94.13,1.0,94.13
105306,08-01-2023,Sports Direct,Northeast,Massachusetts,Men's Apparel,Outlet,57.26,5.0,286.3
104973,31-03-2023,Adidas Online Store,Midwest,Michigan,Men's Street Footwear,Outlet,51.76,40.0,2070.4
103743,10/28/2024,West Gear,Southeast,North Carolina,Accessories,Online,72.26,24.0,1734.24
107418,15-05-2022,West Gear,Midwest,Illinois,Outdoor Footwear,Outlet,52.08,38.0,1979.04
107359,06-03-2022,Amazon,Southeast,Virginia,Men's Street Footwear, Outlet,45.26,57.0,2579.82
103908,05-12-2023,amazon,Midwest,Wisconsin,Men's Athletic Footwear,IN-STORE,45.01,26.0,1170.26
101281,28 Oct 2023,J.D. Sports,Northeast,New Jersey,Women's Apparel,In-store,57.1,1.0,57.1
107748,04/04/2022,Foot Locker,South,Tennessee,Women's Street Footwear,Outlet,72.91,40.0,2916.4
101984,12/11/2022,Kohl's,MIDWEST,Illinois,Kids' Footwear,In-store,64.36,60.0,3861.6
100366,2022-05-15,Amazon,South,Oklahoma,Women's Athletic Footwear,In-store,28.67,1.0,28.67
103087,2022-12-28,Kohl's,South,Louisiana,Accessories,Outlet,71.65,8.0,573.2
103437,02/09/2022,Adidas Online Store,NORTHEAST,New York,Women's Apparel,Online,39.56,2.0,79.12
104680,2023-03-02,West Gear,Southeast,Virginia,Women's Street Footwear,Outlet,54.17,45.0,2437.65
100447,07 Apr 2024,Walmart,Midwest,Wisconsin,Accessories,In-store,39.76,48.0,1908.48
102915,02 Aug 2022,Foot Locker,Northeast,New York,Accessories,outlet,53.98,48.0,2591.04
100037,10/06/2024,Kohl's,Southeast,Virginia,Women's Athletic Footwear,Online,57.17,63.0,3601.71
106774,2024-08-03,Walmart,WEST,Oregon,Women's Street Footwear,Online,79.68,1.0,79.68
109553,17/04/2022,J.D. Sports,West,Washington,Women's Apparel,In-store,92.1,27.0,2486.7
101494,2024-09-14,Foot Locker,Southeast,North Carolina,Outdoor Footwear,Outlet,68.75,46.0,3162.5
101815,2022-06-08,FOOT LOCKER,Southeast,Virginia,Kids' Footwear,Online,81.84,47.0,
108245,2023-03-30,J.D. Sports,SOUTHEAST,Georgia,Women's Apparel,outlet,34.03,35.0,1191.05
100971,11/08/2023,Kohl's,Southeast,Florida,Men's Athletic Footwear,Online,104.35,20.0,2087.0
104341,2024-04-16,West Gear,SOUTHEAST,Florida,Accessories,IN-STORE,33.86,37.0,1252.82
107741,09/27/2023,Adidas Online Store,Northeast,New Jersey,Women's Street Footwear,Outlet,68.81,1.0,68.81
107666,2023-03-21,West Gear,Southeast,Georgia,Women's Apparel,Online,43.07,58.0,2498.06
109534,08 Mar 2022,Foot Locker,Southeast,North Carolina,Women's Apparel,In-store,25.99,51.0,1325.49
100033,25/02/2023,  Sports Direct ,Midwest,  Wisconsin  ,Accessories,IN-STORE,47.33,17.0,804.61
106273,08/15/2024,J.D. Sports,West,Washington,Men's Street Footwear,IN-STORE,30.22,28.0,846.16
101540,10/11/2022,Kohl's,Southeast,Florida,Women's Athletic Footwear,Online,,20.0,1087.8
103543,2023-08-14,J.D. Sports,Midwest,Michigan,Kids' Apparel,in-store,16.2,51.0,826.2
109306,22-04-2024,J.D. Sports,South,Oklahoma,Women's Apparel,Outlet,78.27,57.0,4461.39
100148,28 Jul 2023,  West Gear ,West,Washington,Men's Street Footwear,In-store,46.59,55.0,2562.45
105963,2024-09-15,Amazon,South,Tennessee,Women's Athletic Footwear,OUTLET,25.34,17.0,430.78
107949,09/05/2022,Sports Direct,WEST,Washington,Kids' Footwear,Outlet,43.97,32.0,
105255,2022-04-14,Sports Direct,West,Arizona,Men's Apparel,Outlet,63.55,9.0,571.95
100386,24 Mar 2024,  Kohl's ,Southeast,,Women's Street Footwear,Outlet,58.81,29.0,1705.49
100502,18/08/2022,Kohl's,Southeast,Georgia,Accessories,Online,77.71,36.0,2797.56
106370,12/13/2024,Foot Locker,South,Tennessee,Accessories,Outlet,51.15,71.0,3631.65
106247,04/08/2023,Kohl's,South,Texas,Outdoor Footwear,Outlet,71.11,32.0,2275.52
101615,07/06/2022,West Gear,South,Oklahoma,Accessories,Outlet,41.69,29.0,1209.01
101405,29/08/2022,WEST GEAR,West,Washington,Accessories,Outlet,44.02,30.0,1980.8999999999999
101909,15/07/2023,Kohl's,Midwest,Wisconsin,Men's Apparel,Online,75.35,44.0,3315.4
107438,22 Feb 2024,Walmart,WEST,Arizona,Men's Apparel,Outlet,65.75,39.0,2564.25
104591,18 Nov 2024,Kohl's,Midwest,Michigan,Women's Street Footwear,Online,41.23,3.0,123.69
100518,05/07/2023,Amazon,West,Washington,Accessories,Online,102.27,47.0,4806.69
102901,10 Jan 2023,Walmart,Midwest,Michigan,Women's Street Footwear,Outlet,66.83,21.0,1403.43
102063,03/15/2023,J.D. Sports,South,Tennessee,Outdoor Footwear,OUTLET,38.71,10.0,
108312,01/04/2024,Amazon,SOUTH,Tennessee,Accessories,Outlet,52.59,69.0,3628.71
102972,05/06/2022,Adidas Online Store,Southeast,North Carolina,Women's Apparel,Online,16.16,19.0,307.04
105993,15-01-2022,Sports Direct,West,Oregon,Men's Apparel,Online,67.07,61.0,4091.27
102638,20-04-2024,Sports Direct,South,Louisiana,Men's Athletic Footwear,Outlet,59.03,51.0,3010.53
104890,05/04/2023,Sports Direct,South,Texas,Outdoor Footwear,Outlet,35.76,21.0,750.96
105693,08/12/2024,Kohl's,West,Washington,Accessories,Online,38.29,35.0,1340.15
100495,2023-10-25,J.D. Sports,South,Oklahoma,Men's Athletic Footwear,Online,82.0,2.0,164.0
100616,2024-04-13,Adidas Online Store,West,California,Outdoor Footwear,In-store,71.87,25.0,1796.75
107507,16/04/2022,Foot Locker,West,California,Accessories,In-store,95.12,41.0,3899.92
109392,15-03-2023,Foot Locker,Midwest,Illinois,Kids' Apparel,In-store,67.96,22.0,1495.12
105035,03/12/2024,West Gear,Southeast,Florida,Women's Street Footwear,Outlet,0.0,21.0,896.49
104382,11/24/2022,Sports Direct,Southeast,Florida,Outdoor Footwear,In-store,53.04,40.0,2121.6
101070,02 Jan 2024,J.D. Sports,South,Louisiana,Men's Street Footwear,Online,65.33,2.0,130.66
102907,02-10-2023,West Gear,West,Arizona,Men's Apparel,Online,29.63,1.0,29.63
103911,08/07/2024,Sports Direct,South,Texas,Kids' Apparel,Online,42.71,5.0,213.55
109113,24-09-2022,Foot Locker,SOUTHEAST,Florida,Kids' Apparel,Online,71.1,96.0,6825.6
109101,2023-01-09,Sports Direct,South,Texas,Outdoor Footwear,Outlet,8.1,38.0,307.8
103168,2023-04-29,Adidas Online Store,Southeast,Virginia,Women's Street Footwear,In-store,83.61,42.0,3511.62
105841,08 Dec 2022,Sports Direct,Midwest,Ohio,Kids' Apparel,Online,64.79,24.0,1554.96
104389,18 Nov 2023,Adidas Online Store,Southeast,Virginia,Kids' Footwear,Online,78.64,47.0,3696.08
109338,12 Jun 2024,Sports Direct,Northeast,New Jersey,Women's Athletic Footwear,Outlet,60.8,28.0,1702.4
107536,15-12-2022,Kohl's,South,Oklahoma,Women's Athletic Footwear,Online,44.71,53.0,2369.63
108646,2023-08-15,West Gear,Midwest,Wisconsin,Accessories,,53.51,54.0,2889.54
107663,2022-08-25,Foot Locker,South,Texas,Kids' Apparel,In-store,22.64,42.0,950.88
105590,02/07/2024,J.D. Sports,Midwest,Wisconsin,Men's Apparel,Outlet,40.79,23.0,938.17
107614,25 Aug 2024,Adidas Online Store,Midwest,Illinois,Men's Street Footwear,In-store,,32.0,1007.36
101830,09/14/2023,Sports Direct,MIDWEST,Wisconsin,Accessories,Online,71.48,1.0,71.48
103132,24 Nov 2023,Sports Direct,South,Oklahoma,Kids' Footwear, In-store,44.18,28.0,1237.04
103478,2022-03-07,Adidas Online Store,South,Texas,Kids' Apparel,Online,51.47,36.0,1852.92
101215,07/15/2023,Kohl's,South,Texas,Men's Apparel,Outlet,53.32,70.0,3732.4
107823,05/29/2023,AMAZON,Midwest,Illinois,Men's Apparel,Outlet,70.29,36.0,2530.44
100841,09/07/2024,Walmart,South,Louisiana,Men's Apparel, Outlet,46.2,42.0,1940.4
103005,2024-01-09,  Kohl's ,Northeast,New York,Men's Street Footwear,Online,59.55,34.0,2024.7
100623,2024-07-23,Walmart,South,Oklahoma,Women's Apparel,In-store,41.0,65.0,266500.0
104333,27-06-2024,Adidas Online Store,Southeast,Virginia,Men's Athletic Footwear,Online,71.51,32.0,2288.32
107637,27-01-2023,Walmart,South,Louisiana,Women's Street Footwear,Online,30.07,34.0,1022.38
104862,2023-01-06,J.D. Sports,Midwest,Illinois,Women's Athletic Footwear,Online,48.34,44.0,2126.96
107703,16 May 2022,adidas online store,Northeast,,Outdoor Footwear,In-store,60.61,65.0,3939.65
105827,07/08/2022,Kohl's,Midwest,Ohio,Kids' Apparel,In-store,58.53,41.0,2399.73
109685,11 Apr 2023,West Gear,Northeast,New Jersey,Accessories, In-store,83.12,42.0,3491.04
102518,23/11/2024,  Walmart ,West,Arizona,Women's Apparel,Online,62.56,24.0,
100001,12-07-2022,Adidas Online Store,MIDWEST,Ohio,Men's Street Footwear,In-store,88.81,25.0,2220.25
108933,06/29/2022,sports direct,Southeast,Florida,Kids' Footwear,In-store,47.25,27.0,1275.75
107375,07-03-2022,Amazon,SOUTH,Louisiana,Outdoor Footwear,,32.31,71.0,2294.01
106656,07-04-2022,Adidas Online Store,Southeast,Virginia,Kids' Footwear,In-store,62.73,1.0,62.73
109489,2024-02-27,Sports Direct,West,Oregon,Women's Apparel,Outlet,52.06,23.0,1197.38
105443,15/03/2022,Sports Direct,South,Louisiana,Men's Apparel,In-store,53.67,18.0,966.06
105970,19/07/2022,Amazon,Midwest,Ohio,Kids' Apparel,In-store,90.7,40.0,
108416,12/21/2022,Amazon,South,Tennessee,Men's Athletic Footwear,outlet,34.08,37.0,1260.96
109009,05 Nov 2024,Adidas Online Store,Northeast,Massachusetts,Outdoor Footwear,In-store,49.01,43.0,2107.43
104610,19-06-2022,Kohl's,South,Texas,Women's Apparel,Online,21.87,1.0,21.87
104612,13 May 2024,Foot Locker,Northeast,Massachusetts,Men's Street Footwear,Outlet,59.71,52.0,3104.92
106884,16/08/2024,Adidas Online Store,Southeast,Florida,Outdoor Footwear,In-store,22.23,54.0,1200.42
101689,17 Jul 2024,Foot Locker,West,Washington,Kids' Apparel,In-store,40.01,35.0,1400.35
100044,06/11/2022,Sports Direct,Northeast,New Jersey,Women's Street Footwear,In-store,49.01,60.0,2940.6
103683,07/10/2022,Sports Direct,Midwest,Wisconsin,Men's Apparel,Online,66.74,64.0,
101273,03/09/2022,J.D. Sports,West,Arizona,Women's Street Footwear,ONLINE,58.68,52.0,3051.36
107976,02 Jul 2023,sports direct,South,Texas,Men's Apparel,Online,25.89,59.0,1527.51
106148,30 Jan 2022,Amazon,Southeast,Georgia,Kids' Apparel,Online,50.49,40.0,2019.6
100066,23 Mar 2022,West Gear,Southeast,Florida,Men's Apparel,Outlet,42.66,27.0,1151.82
107736,18/07/2022,Sports Direct,Northeast,New Jersey,Accessories,Outlet,50.1,64.0,3206.4
108526,16/01/2022,Kohl's,Midwest,Ohio,Men's Apparel,ONLINE,77.93,22.0,1714.46
108039,25/09/2023,Amazon,Southeast,North Carolina,Kids' Footwear,Outlet,46.14,20.0,922.8
105458,2022-07-23,Foot Locker,Midwest,Illinois,Men's Street Footwear,Online,66.55,45.0,2994.75
105654,2024-07-24,Walmart,Southeast,Florida,Kids' Footwear,Online,77.77,43.0,3344.11
107268,28-05-2023,West Gear,Northeast,Pennsylvania,Women's Street Footwear,Outlet,52.89,47.0,2485.83
100709,2023-04-28,Foot Locker,West,California,Outdoor Footwear,Online,50.2,35.0,1757.0
108258,13 Nov 2022,west gear,Southeast,Virginia,Accessories,Outlet,46.94,25.0,1173.5
106682,04 Aug 2023,foot locker,Northeast,New Jersey,Women's Street Footwear,Outlet,40.91,27.0,1104.57
103937,06/18/2023,J.D. Sports,SOUTHEAST,North Carolina,Kids' Footwear, In-store,77.82,,1867.68
100734,17/12/2024,J.D. Sports,Midwest,Michigan,Women's Street Footwear,In-store,42.7,17.0,725.9
108789,26/10/2022,Walmart,South,Tennessee,Women's Athletic Footwear,Online,73.67,31.0,2283.77
101018,21-01-2024,Adidas Online Store,Southeast,Georgia,Men's Apparel,Online,57.98,5.0,289.9
108871,2023-11-16,Foot Locker,Midwest,Ohio,Women's Athletic Footwear,Online,10.53,34.0,358.02
103878,13/02/2023,Foot Locker,Northeast,Pennsylvania,Kids' Footwear,In-store,37.12,,1856.0
101602,2023-05-16,Foot Locker,Midwest,Illinois,Men's Athletic Footwear,Online,56.06,25.0,1401.5
102057,06/11/2022,Walmart,South,Tennessee,Kids' Footwear,Online,43.6,47.0,2049.2
100444,24-01-2024,J.D. Sports,South,Tennessee,Women's Athletic Footwear,In-store,30.65,20.0,613.0
107323,09/07/2024,amazon,Southeast,Virginia,Kids' Apparel,Outlet,32.72,21.0,687.12
101371,26-05-2022,Walmart,SOUTHEAST,Georgia,Women's Apparel,In-store,39.18,26.0,1018.68
103439,10/06/2022,Adidas Online Store,Southeast,Georgia,Women's Athletic Footwear,In-store,68.39,9.0,
108404,05-08-2022,Adidas Online Store,South,Louisiana,Men's Apparel,OUTLET,42.29,71.0,3002.59
108800,01/22/2024,Sports Direct,West,Oregon,Kids' Footwear,In-store,71.7,38.0,2724.6
104723,07/13/2023,Kohl's,West,Washington,Women's Apparel,Outlet,63.35,28.0,1773.8
106706,21 Mar 2024,  Kohl's ,South,Texas,Women's Athletic Footwear,In-store,,15.0,
108030,29 May 2024,Adidas Online Store,South,Louisiana,Accessories,In-store,88.8,17.0,
102433,2023-12-12,ADIDAS ONLINE STORE,Southeast,Florida,Women's Athletic Footwear,Outlet,74.73,45.0,3362.85
103408,01-08-2023,Adidas Online Store,West,Oregon,Women's Street Footwear,In-store,61.32,43.0,2636.76
107405,04 May 2024,J.D. Sports,South,Texas,Men's Apparel,In-store,8.0,59.0,472.0
107783,2024-06-17,Foot Locker,SOUTH,Louisiana,Women's Athletic Footwear,Online,39.36,43.0,1692.48
108104,23 Feb 2023,Adidas Online Store,Southeast,Georgia,Women's Apparel,Online,32.45,27.0,876.15
103315,30-07-2023,West Gear,Northeast,Massachusetts,Men's Athletic Footwear,ONLINE,73.52,24.0,1764.48
109479,03-11-2024,WEST GEAR,Northeast,Massachusetts,Men's Apparel,,84.83,40.0,3393.2
104465,2024-08-17,Adidas Online Store,South,Oklahoma,Women's Athletic Footwear, Outlet,35.82,26.0,931.32
106481,20-09-2023,Sports Direct,MIDWEST,Wisconsin,Kids' Footwear,outlet,44.73,74.0,3310.02
109085,2023-12-31,West Gear,West,Arizona,Women's Athletic Footwear,Outlet,62.82,20.0,1256.4
107363,06-01-2024,Kohl's,Northeast,New Jersey,Outdoor Footwear,Online,51.93,45.0,2336.85
108660,15-07-2023,Walmart,West,Arizona,Women's Apparel,Outlet,28.36,39.0,1106.04
100881,03/08/2024,J.D. Sports,Southeast,Florida,Women's Apparel,Outlet,81.07,41.0,3323.87
109299,2024-08-06,  Foot Locker ,South,Louisiana,Women's Apparel,In-store,54.18,23.0,1246.14
108340,28/06/2024,J.D. Sports,Southeast,Virginia,Women's Athletic Footwear,In-store,62.71,38.0,2382.98
105916,18/05/2022,Walmart,West,Arizona,Women's Athletic Footwear,Online,41.92,18.0,754.56
109206,25-02-2024,Amazon,West,Washington,Outdoor Footwear,outlet,42.96,45.0,1933.2
103085,12/10/2023,Adidas Online Store,Southeast,Florida,Men's Athletic Footwear,Online,65.01,31.0,
104317,14-07-2023,J.D. Sports,Northeast,New York,Men's Athletic Footwear,Outlet,66.19,64.0,4236.16
101140,2022-04-30,J.D. SPORTS,NORTHEAST,New Jersey,Men's Apparel,In-store,70.03,11.0,
103071,25-06-2022,J.D. Sports,South,Louisiana,Women's Street Footwear,ONLINE,18.71,36.0,673.56
105589,10-03-2024,Amazon,Northeast,,Women's Athletic Footwear,Online,86.12,42.0,3617.04
103664,2023-09-03,Adidas Online Store,West,Washington,Kids' Apparel,outlet,74.75,25.0,1868.75
107691,2022-07-18,Adidas Online Store,West,Arizona,Women's Apparel, In-store,30.22,18.0,543.96
106066,06/11/2022,J.D. Sports,Northeast,Massachusetts,Men's Street Footwear,,37.77,35.0,1321.95
108838,01/02/2022,  Walmart ,Southeast,Virginia,Men's Athletic Footwear,Outlet,46.31,95.0,4399.45
108537,11/03/2023,Adidas Online Store,Southeast,Georgia,Accessories,Online,44.69,94.0,4200.86
107503,06/21/2024,Adidas Online Store,Northeast,Pennsylvania,Men's Apparel,In-store,35.0,5.0,175.0
103889,20/06/2022,Kohl's,Southeast,Virginia,Mens Street Footwear,Online,76.08,50.0,3804.0
105219,04/17/2022,Adidas Online Store,Southeast,Florida,Men's Athletic Footwear,OUTLET,47.28,45.0,2127.6
105663,14 Oct 2023,Kohl's,South,Tennessee,Women's Street Footwear,In-store,47.74,60.0,2864.4
102227,08/07/2023,j.d. sports,West,Oregon,Women's Apparel,In-store,62.54,29.0,1813.66
106683,06/01/2022,Walmart,West,Washington,Women's Athletic Footwear,In-store,67.93,48.0,3260.64
103802,07/08/2022,Foot Locker,NORTHEAST,Massachusetts,Women's Athletic Footwear,In-store,55.74,14.0,780.36
103192,27-02-2024,Foot Locker,Northeast,New Jersey,Kids' Footwear,Online,14.96,72.0,1077.12
106740,16 Jan 2024,Amazon,Northeast,Massachusetts,Kids' Footwear,Outlet,71.08,43.0,3056.44
102281,2022-04-21,J.D. Sports,Southeast,,Men's Apparel,In-store,46.42,52.0,2413.84
108907,2022-03-16,Sports Direct,West,California,Outdoor Footwear,Outlet,54.62,13.0,710.06
104808,26-12-2022,Foot Locker,South,Louisiana,Accessories,In-store,8.0,30.0,240.0
108002,12/24/2023,J.D. Sports,West,Washington,Outdoor Footwear,,50.65,1.0,50.65
106140,2022-03-02,Adidas Online Store,Southeast,Georgia,Accessories,In-store,79.06,20.0,1581.2
103772,08/08/2024,Walmart,South,Tennessee,Men's Athletic Footwear,In-store,49.55,53.0,2626.15
104760,2023-11-04,Walmart,South,Oklahoma,Outdoor Footwear, Outlet,74.8,1.0,74.8
105597,2023-12-22,J.D. SPORTS,Northeast,Pennsylvania,Outdoor Footwear,Online,81.31,36.0,2927.16
104245,06/19/2022,Kohl's,WEST,Oregon,Kids' Footwear,In-store,70.56,1.0,70.56
100687,05/07/2024,West Gear,Northeast,New York,Accessories,outlet,37.28,31.0,1155.68
109163,27/09/2024,West Gear,NORTHEAST,New Jersey,Women's Apparel,Outlet,56.17,43.0,2415.31
102375,20-10-2022,Foot Locker,Northeast,Pennsylvania,Women's Athletic Footwear,In-store,72.53,19.0,1378.07
109234,11/02/2023,  Kohl's ,Southeast,Virginia,Men's Athletic Footwear,Online,74.93,47.0,5282.5650000000005
104243,2024-02-01,Sports Direct,Midwest,Wisconsin,Men's Apparel, Outlet,47.91,32.0,1533.12
107933,07/22/2024,Sports Direct,Midwest,Ohio,Women's Apparel,In-store,45.67,25.0,1141.75
104881,06/13/2022,Sports Direct,Northeast,Massachusetts,Outdoor Footwear,Online,61.15,41.0,2507.15
106296,09/01/2024,Adidas Online Store,Midwest,Ohio,Kids' Apparel,Online,28.26,9.0,254.34
102424,07/17/2024,Amazon,Midwest,Ohio,Men's Athletic Footwear,online,50.66,45.0,
106283,2022-11-15,Kohl's,Southeast,Georgia,Men's Street Footwear,in-store,48.45,59.0,2858.55
104624,27 Nov 2023,Kohl's,Midwest,Wisconsin,Women's Street Footwear,Online,67.7,26.0,1760.2
107110,10/17/2023,adidas online store,Southeast,North Carolina,Men's Apparel,Online,48.73,43.0,2095.39
109123,29-12-2024,Foot Locker,Southeast,Virginia,Accessories,Online,99.79,1.0,99.79
101026,08-11-2024,Kohl's,West,Arizona,Women's Street Footwear,Outlet,98.73,33.0,3258.09
108973,07 Feb 2022,  J.D. Sports ,South,Oklahoma,Women's Street Footwear,Online,,33.0,2195.49
106852,2023-06-22,Adidas Online Store,South,Oklahoma,Accessories,Online,30.49,26.0,792.74
100799,25-02-2023,J.D. Sports,SOUTHEAST,Florida,Women's Apparel,IN-STORE,66.94,1.0,66.94
100219,19-12-2023,  Foot Locker ,West,Oregon,Men's Street Footwear,Online,66.4,41.0,2722.4
102733,27 Jun 2024,West Gear,Southeast,North Carolina,Women's Athletic Footwear,Online,33.3,32.0,1065.6
108904,24 Jul 2024,  J.D. Sports ,Midwest,Ohio,Men's Apparel,In-store,85.6,4.0,342.4
108102,02 Nov 2023,J.D. Sports,Southeast,North Carolina,Men's Apparel,Online,13.23,21.0,277.83
100564,20/03/2023,Amazon,Midwest,Wisconsin,Men's Apparel,Outlet,38.14,26.0,991.64
105022,2023-01-09,Amazon,West,Washington,Men's Street Footwear,Online,49.25,42.0,2068.5
100651,2024-10-13,Kohl's,Northeast,New York,Men's Athletic Footwear,In-store,46.9,12.0,562.8
105397,2023-12-17,West Gear,South,Texas,Kids' Apparel,Online,34.35,19.0,
102182,2024-12-14,Foot Locker,WEST,Washington,Kids' Apparel,Outlet,30.48,57.0,1737.36
102928,11/23/2024,Amazon,West,Oregon,Kids' Footwear,Outlet,84.29,1.0,84.29
108225,02/12/2022,J.D. Sports,West,Arizona,Men's Athletic Footwear,Outlet,55.22,62.0,5135.46
106901,2023-04-28,  West Gear ,Southeast,Florida,Men's Apparel,Online,93.57,55.0,5146.35
100893,21 Nov 2024,Walmart,West,Washington,Men's Apparel,,48.56,72.0,
103615,2024-05-06,j.d. sports,West,California,Women's Street Footwear,In-store,68.02,16.0,1088.32
101340,23/10/2023,West Gear,West,California,Kids' Apparel,Online,61.62,30.0,1848.6
102378,11/11/2022,  Kohl's ,Southeast,,Accessories,Outlet,30.73,31.0,952.63
105873,18 Sep 2022,Adidas Online Store,Northeast,New York,Outdoor Footwear,In-store,53.22,80.0,4257.6
104315,22-11-2022,Adidas Online Store,West,Arizona,Women's Apparel,In-store,45.05,12.0,
103999,18-12-2022,Kohl's,Northeast,New York,Men's Athletic Footwear,Online,13.0,19.0,247.0
104752,2023-02-24,Foot Locker,South,Tennessee,Accessories,Outlet,83.58,31.0,
101491,18/09/2024,Sports Direct,Midwest,Ohio,Women's Street Footwear,Outlet,82.02,55.0,6766.650000000001
109040,14 Jan 2024,Kohl's,Southeast,Georgia,Women's Athletic Footwear,In-store,8.0,,680.0
106979,23/01/2024,j.d. sports,West,California,Kids' Apparel,In-store,35.08,2.0,
106483,07/28/2024,Walmart,West,Washington,Kids' Footwear,outlet,60.98,34.0,2073.32
109492,14/02/2024,Sports Direct,South,Oklahoma,Women's Apparel,Online,31.33,48.0,1503.84
107776,20-01-2023,Sports Direct,West,Oregon,Women's Athletic Footwear,Online,,56.0,
107170,19 Dec 2024,Walmart,Northeast,New Jersey,Men's Apparel,In-store,36.49,14.0,
101622,23/11/2024,Amazon,Southeast,Virginia,Men's Apparel,In-store,74.79,29.0,2168.91
103649,20/02/2023,Amazon,SOUTHEAST,North Carolina,Women's Street Footwear,In-store,36.11,78.0,2816.58
100725,20-07-2024,Sports Direct,Northeast,Pennsylvania,Kids' Footwear,Outlet,48.96,47.0,2301.12
101398,17/09/2022,Foot Locker,Midwest,Michigan,Accessories,Online,63.31,43.0,4083.495
108370,18/07/2024,Kohl's,Southeast,Florida,Outdoor Footwear,In-store,42.18,,2952.6
107115,12/06/2024,Walmart,Midwest,Ohio,Women's Apparel,ONLINE,28.2,55.0,1551.0
108645,01-01-2022,Foot Locker,West,Arizona,Men's Athletic Footwear,In-store,82.35,44.0,3623.4
106513,07-06-2022,Foot Locker,Northeast,New York,Women's Apparel,In-store,47.29,60.0,2837.4
106547,2024-10-27,KOHL'S,Northeast,New Jersey,Women's Athletic Footwear, Online,28.68,36.0,1032.48
109504,17/07/2022,J.D. Sports,South,Oklahoma,Women's Athletic Footwear,In-store,33.85,49.0,1658.65
103066,2024-08-24,Kohl's,SOUTH,Louisiana,Kids' Footwear,In-store,80.73,53.0,4278.69
107426,07/22/2024,Walmart,Midwest,Illinois,Kids' Footwear,In-store,50.59,44.0,2225.96
104031,11/10/2022,West Gear,Northeast,Pennsylvania,Women's Apparel,In-store,35.56,68.0,2418.08
103816,2024-08-07,J.D. Sports,South,Tennessee,Men's Athletic Footwear,Online,99.31,59.0,5859.29
101681,26 Apr 2024,Kohl's,South,Louisiana,Kids' Apparel,Outlet,61.15,30.0,1834.5
103790,08/06/2023,Amazon,Northeast,Massachusetts,Men's Street Footwear,online,45.26,58.0,2625.08
101797,09/16/2024,West Gear,Midwest,Illinois,Women's Street Footwear, Online,92.41,32.0,2957.12
105503,19/09/2024,Sports Direct,Midwest,Wisconsin,Men's Apparel,In-store,61.85,25.0,1546.25
107947,08/08/2022,West Gear,South,Texas,Mens Street Footwear,In-store,57.9,41.0,2373.9
108111,2023-11-19,Sports Direct,South,Oklahoma,Women's Athletic Footwear,In-store,74.47,38.0,2829.86
101020,22-11-2023,Amazon,Northeast,Pennsylvania,Women's Athletic Footwear,Outlet,73.13,5.0,
106356,23/08/2023,SPORTS DIRECT,Midwest,Michigan,Accessories,Online,47.93,37.0,1773.41
103638,16-10-2023,West Gear,Southeast,Florida,Kids' Footwear,Online,39.84,17.0,677.28
106892,12-08-2024,Adidas Online Store,West,Arizona,Kids' Apparel,Online,47.43,27.0,1280.61
102366,26-04-2022,Walmart,Southeast,Georgia,Women's Athletic Footwear,Outlet,62.19,41.0,2549.79
104185,30-05-2024,FOOT LOCKER,South,Louisiana,Women's Athletic Footwear,In-store,41.09,28.0,1150.52
109693,2022-06-15,West Gear,Southeast,Florida,Women's Athletic Footwear,Online,80.24,3.0,240.72
109383,27-04-2022,Foot Locker,Northeast,New York,Kids' Apparel,In-store,103.03,44.0,4533.32
104631,22/02/2023,Amazon,Southeast,Florida,Men's Apparel,Outlet,83.53,24.0,2004.72
107101,10-02-2022,Adidas Online Store,NORTHEAST,New York,Women's Athletic Footwear,In-store,64.63,1.0,
105036,01/12/2024,Kohl's,Southeast,Georgia,Women's Street Footwear,Outlet,67.22,34.0,2285.48
100902,08/13/2022,Kohl's,Southeast,Georgia,Outdoor Footwear,Online,26.94,,942.9
104179,05/03/2023,Foot Locker,West,Washington,Men's Apparel, Online,63.04,50.0,3152.0
102175,24/10/2024,Foot Locker,Midwest,Michigan,Kids' Apparel,Outlet,45.3,25.0,1132.5
104101,2024-09-12,Adidas Online Store,South,Tennessee,Men's Athletic Footwear,Outlet,77.09,18.0,1387.62
102247,27/07/2023,Sports Direct,West,Arizona,Kids' Footwear,In-store,65.28,45.0,2937.6
100340,2024-03-24,West Gear,WEST,Arizona,Outdoor Footwear,Online,55.84,44.0,2456.96
109146,22-04-2023,Walmart,Northeast,Pennsylvania,Women's Apparel, In-store,44.79,18.0,806.22
108738,03 Dec 2023,Kohl's,South,Texas,Men's Athletic Footwear,In-store,38.62,67.0,2587.54
101523,10/13/2023,  Amazon ,Midwest,Ohio,Kids' Footwear,In-store,58.37,1.0,58.37
104943,03/06/2024,Foot Locker,Northeast,New Jersey,Men's Street Footwear, Online,57.66,14.0,807.24
103057,02/01/2023,Walmart,Northeast,New Jersey,Outdoor Footwear,outlet,70.97,52.0,3690.44
104331,2023-04-15,Sports Direct,Northeast,New York,Accessories,Online,,57.0,2408.82
103727,06/13/2024,Walmart,West,Arizona,Women's Apparel,Online,62.59,31.0,1940.29
102695,10-11-2023,walmart,West,Oregon,Accessories,In-store,11.63,26.0,302.38
108514,06/12/2024,Foot Locker,Southeast,Georgia,Kids' Footwear,ONLINE,90.55,32.0,289760.0
100457,25 Mar 2023,Amazon,Northeast,New Jersey,Men's Athletic Footwear,Outlet,51.63,51.0,2633.13
102332,2024-12-07,Foot Locker,Midwest,Michigan,Women's Street Footwear,Online,50.97,27.0,1376.19
107816,2024-03-31,Adidas Online Store,MIDWEST,Ohio,Women's Athletic Footwear,In-store,74.35,27.0,2007.45
100901,26-12-2022,Amazon,Southeast,Georgia,Women's Athletic Footwear, Online,71.24,69.0,4915.56
101167,2023-05-03,Foot Locker,Northeast,New Jersey,Women's Street Footwear,Outlet,31.43,30.0,942.9
105213,07/29/2024,Foot Locker,Northeast,Massachusetts,Kids' Apparel,Online,91.59,37.0,3388.83
109523,07/22/2023,West Gear,South,Tennessee,Men's Athletic Footwear,Online,54.56,43.0,2346.08
104007,03/07/2024,Foot Locker,Midwest,Michigan,Men's Apparel,Online,80.37,1.0,80.37
101958,17-09-2023,Adidas Online Store,Northeast,New York,Men's Apparel, Online,56.64,23.0,1302.72
106347,2023-11-07,Sports Direct,Midwest,Illinois,Men's Apparel,ONLINE,,32.0,2680.0
108878,06/18/2024,Amazon,MIDWEST,Illinois,Men's Street Footwear,In-store,73.38,29.0,2128.02
102012,04/28/2022,West Gear,South,,Women's Athletic Footwear,In-store,82.17,30.0,2465.1
101714,23-05-2022,Foot Locker,Northeast,Pennsylvania,Kids' Apparel,online,15.1,16.0,362.4
103738,2023-08-27,Walmart,Midwest,Michigan,Accessories,Outlet,47.56,34.0,1617.04
101503,05/05/2022,J.D. Sports,South,Texas,Men's Apparel,In-store,61.21,47.0,2876.87
104206,30 Jun 2023,Adidas Online Store,West,Oregon,Women's Athletic Footwear,in-store,76.34,71.0,5420.14
100230,04/11/2023,WALMART,Southeast,Georgia,Women's Athletic Footwear,Outlet,48.79,41.0,2000.39
108631,15/03/2022,Kohl's,Midwest,Ohio,Women's Street Footwear,In-store,37.46,50.0,1873.0
107931,06/20/2023,Foot Locker,Southeast,North Carolina,Kids' Footwear,Outlet,8.0,23.0,184.0
108805,08/06/2022,J.D. Sports,Midwest,Michigan,Women's Apparel,Online,43.0,32.0,1376.0
107562,08/31/2022,J.D. Sports,SOUTHEAST,Virginia,Kids' Footwear,Online,45.62,41.0,1870.42
104228,30/05/2022,West Gear,Midwest,Wisconsin,Outdoor Footwear,ONLINE,77.24,49.0,3784.76
102497,2023-06-29,Walmart,West,California,Women's Apparel,online,37.6,32.0,1203.2
108199,2024-07-31,AMAZON,Midwest,Wisconsin,Accessories,Online,32.87,74.0,2432.38
100970,26/05/2022,Adidas Online Store,South,Texas,Men's Street Footwear,In-store,30.56,9.0,275.04
107147,2022-06-03,Amazon,Northeast,  New Jersey  ,Kids' Apparel,In-store,52.83,46.0,2430.18
102003,03/07/2023,Sports Direct,South,Oklahoma,Mens Athletic Footwear,In-store,67.47,18.0,1214.46
104325,20-12-2023,foot locker,Northeast,New York,Women's Street Footwear,Outlet,54.77,24.0,1314.48
100469,09 Jul 2022,Walmart,Northeast,New Jersey,Women's Apparel,Outlet,36.83,16.0,589.28
106427,08/30/2022,Amazon,Southeast,Virginia,Kids' Footwear,In-store,61.53,37.0,2276.61
108827,2024-06-22,Sports Direct,Midwest,Ohio,Accessories,Outlet,64.67,31.0,2004.77
105884,29 Aug 2024,AMAZON,South,Texas,Kids' Apparel,in-store,43.58,1.0,43.58
103335,2024-04-17,J.D. Sports,West,Arizona,Outdoor Footwear,Online,77.17,,2315.1
103627,01-05-2022,J.D. Sports,Northeast,Pennsylvania,Women's Street Footwear,ONLINE,11.53,46.0,530.38
109332,06/26/2024,Sports Direct,West,Arizona,Men's Apparel,Outlet,48.95,67.0,3279.65
107285,30/08/2023,Kohl's,MIDWEST,Illinois,Men's Apparel,In-store,20.59,22.0,452.98
104483,26 Jan 2024,Foot Locker,South,Texas,Kids' Apparel,In-store,46.09,45.0,2074.05
105703,21 Feb 2022,Amazon,Midwest,Ohio,Men's Athletic Footwear,Outlet,47.96,50.0,2398.0
107034,01/13/2024,Amazon,Northeast,New York,Women's Street Footwear,outlet,43.56,34.0,1481.04
101607,2024-05-13,Amazon,South,,Men's Apparel,Outlet,,23.0,2406.26
108414,04/27/2024,WALMART,Southeast,North Carolina,Kids' Apparel,OUTLET,69.86,44.0,3073.84
101997,31/05/2024,Amazon,South,Tennessee,Outdoor Footwear,In-store,98.71,57.0,5626.47
108396,20-02-2022,Sports Direct,South,Tennessee,Men's Street Footwear,Outlet,45.71,81.0,3702.51
100437,04-01-2024,West Gear,Northeast,New Jersey,Women's Street Footwear,In-store,40.5,23.0,931.5
101727,12/01/2022,Foot Locker,West,Oregon,Women's Athletic Footwear,Outlet,40.08,,1482.96
106540,2022-03-13,Foot Locker,South,Tennessee,Women's Apparel,Outlet,79.38,27.0,2143.26
102794,24-04-2023,Adidas Online Store,Southeast,Florida,Men's Athletic Footwear,Outlet,88.7,33.0,2927.1
107690,04 Apr 2023,Amazon,Southeast,Virginia,Women's Athletic Footwear,In-store,42.65,56.0,2388.4
101451,02-12-2024,West Gear,Northeast,Massachusetts,Men's Athletic Footwear,Outlet,21.78,25.0,544.5
103185,2023-08-30,Amazon,Midwest,,Kids' Apparel,Online,70.57,40.0,2822.8
108452,18-12-2022,West Gear,South,Texas,Kids' Apparel,Online,23.38,59.0,1379.42
109228,2024-02-01,Sports Direct,West,Washington,Outdoor Footwear,In-store,88.0,50.0,4400.0
101434,2024-09-24,j.d. sports,Southeast,Georgia,Men's Apparel,In-store,54.76,8.0,438.08
104176,22/12/2023,SPORTS DIRECT,Southeast,Virginia,Men's Street Footwear,Outlet,51.82,,51.82
106144,10/02/2024,Walmart,South,Texas,Women's Athletic Footwear,In-store,53.48,20.0,1069.6
105869,11/28/2022,Amazon,Northeast,Massachusetts,Women's Street Footwear,Online,55.46,23.0,1275.58
109469,03/14/2022,  West Gear ,West,California,Men's Apparel,Outlet,67.94,29.0,1970.26
101458,06/26/2023,Sports Direct,Northeast,New York,Men's Apparel,ONLINE,11.27,23.0,259.21
103512,14-07-2024,West Gear,Midwest,Michigan,Accessories,Outlet,29.21,13.0,
106617,2024-06-17,Sports Direct,South,Oklahoma,Men's Street Footwear, In-store,42.67,42.0,1792.14
102259,24-05-2023,West Gear,Northeast,New Jersey,Accessories,Online,8.0,60.0,480.0
107577,2024-07-17,Adidas Online Store,West,Arizona,Kids' Apparel,In-store,72.11,37.0,2668.07
105046,03-02-2023,Adidas Online Store,SOUTHEAST,Georgia,Accessories,IN-STORE,66.67,31.0,2066.77
107826,2022-12-07,Kohl's,WEST,Washington,Kids' Footwear,Outlet,72.22,22.0,1588.84
103946,14/07/2022,Foot Locker,Midwest,Ohio,Men's Apparel,Online,46.81,38.0,1778.78
108929,14/04/2022,Adidas Online Store,West,Oregon,Men's Athletic Footwear,Online,34.04,18.0,612.72
106921,09-04-2022,Kohl's,Southeast,Georgia,Kids' Apparel,Outlet,22.25,15.0,500.625
103477,2024-11-30,sports direct,Northeast,New York,Men's Athletic Footwear,Online,,42.0,1661.52
102416,31 Dec 2024,Sports Direct,Northeast,New Jersey,Accessories,In-store,39.17,20.0,783.4
108822,2024-12-10,West Gear,West,Oregon,Women's Street Footwear,Outlet,8.0,39.0,312.0
103255,30/09/2023,West Gear,Midwest,Ohio,Outdoor Footwear,Online,46.93,2.0,93.86
105007,25 Aug 2023,Sports Direct,West,Washington,Women's Apparel,Outlet,72.58,54.0,3919.32
104707,03/10/2024,j.d. sports,WEST,Oregon,Women's Street Footwear,In-store,75.69,28.0,2119.32
105436,25-06-2022,Sports Direct,Northeast,New Jersey,Accessories,Outlet,60.59,53.0,3211.27
105733,26 Nov 2024,West Gear,Midwest,Wisconsin,Women's Street Footwear,In-store,52.13,7.0,364.91
103612,05/01/2022,Adidas Online Store,Southeast,Florida,Women's Street Footwear,Outlet,42.61,56.0,2386.16
101952,2024-05-10,Foot Locker,Midwest,Ohio,Kids' Apparel,Outlet,47.58,66.0,3140.28
103138,06/11/2022,Walmart,West,Washington,Accessories,Online,70.2,68.0,4773.6
100428,05/08/2022,J.D. Sports,Southeast,Virginia,Outdoor Footwear,OUTLET,64.04,33.0,2113.32
103183,12/05/2024,Walmart,SOUTHEAST,Florida,Accessories,Outlet,71.81,47.0,5062.6050000000005
100667,13-10-2024,Sports Direct,Northeast,Massachusetts,Kids' Apparel,Online,80.41,19.0,1527.79
101543,02 Apr 2022,Adidas Online Store,SOUTH,Texas,Outdoor Footwear,OUTLET,61.19,59.0,3610.21
107341,2024-11-05,FOOT LOCKER,South,Louisiana,Outdoor Footwear,In-store,32.77,47.0,1540.19
106103,09/09/2024,Foot Locker,Northeast,New Jersey,Men's Apparel,Online,71.63,33.0,2363.79
100707,12/03/2024,Sports Direct,Midwest,Michigan,Women's Street Footwear,online,75.0,17.0,1275.0
107228,03/09/2024,J.D. Sports,Midwest,Illinois,Men's Street Footwear,In-store,20.65,25.0,516.25
107818,2024-06-10,KOHL'S,South,Tennessee,Outdoor Footwear,Online,74.47,46.0,3425.62
101415,06/02/2022,West Gear,Northeast,New Jersey,Outdoor Footwear,Online,46.45,40.0,1858.0
106785,22-09-2023,Foot Locker,Midwest,Michigan,Kids' Footwear,Online,67.31,39.0,2625.09
100537,13/06/2022,West Gear,Midwest,Michigan,Women's Athletic Footwear,Online,38.43,35.0,1345.05
100482,2022-02-26,  Kohl's ,South,Louisiana,Men's Athletic Footwear,In-store,70.54,57.0,4020.78
100490,03/24/2023,J.D. Sports,Northeast,New York,Kids' Apparel,in-store,76.35,56.0,4275.6
105285,05 Nov 2023,Sports Direct,Midwest,Michigan,Women's Apparel,outlet,,52.0,3884.92
106533,01-06-2024,Foot Locker,South,Tennessee,Kids' Apparel,Online,73.31,10.0,733.1
108651,07/11/2022,Kohl's,MIDWEST,Ohio,Men's Athletic Footwear,In-store,47.14,36.0,1697.04
107261,25-08-2023,amazon,West,Oregon,Kids' Apparel,Outlet,91.76,54.0,4955.04
105332,26/02/2022,J.D. Sports,West,Oregon,Men's Street Footwear,In-store,38.8,46.0,1784.8
105988,07/08/2022,  Walmart ,Southeast,Georgia,Women's Apparel,Outlet,28.32,69.0,1954.08
104195,09/02/2023,  Amazon ,Northeast,Pennsylvania,Kids' Footwear,Online,58.15,8.0,465.2
102602,07-12-2023,West Gear,Northeast,New York,Women's Apparel,In-store,40.12,35.0,1404.2
108981,06-10-2022,J.D. Sports,Midwest,Ohio,Women's Apparel,Online,40.53,1.0,40.53
100144,04/05/2022,Adidas Online Store,South,Oklahoma,Men's Street Footwear, Online,64.44,12.0,773.28
108916,26-12-2023,Adidas Online Store,SOUTHEAST,North Carolina,Kids' Apparel,In-store,56.35,100.0,5635.0
100455,21 Dec 2023,Foot Locker,Midwest,Ohio,Women's Apparel,ONLINE,25.2,40.0,1008.0
107342,10-06-2024,Sports Direct,Southeast,Florida,Men's Athletic Footwear,Outlet,64.85,33.0,2140.05
104564,2022-11-16,Adidas Online Store,SOUTHEAST,North Carolina,Accessories,Outlet,70.54,44.0,3103.76
101440,04/26/2023,West Gear,West,California,Kids' Footwear,Outlet,58.53,27.0,1580.31
100452,30 Sep 2023,Kohl's,SOUTH,,Men's Athletic Footwear,Online,40.45,32.0,
102263,29/08/2023,Sports Direct,Midwest,Illinois,Kids' Apparel,outlet,82.5,24.0,1980.0
102216,26/05/2023,Adidas Online Store,Southeast,Georgia,Women's Apparel,In-store,65.91,73.0,4811.43
109710,16-03-2024,adidas online store,Southeast,Georgia,Outdoor Footwear,Online,46.52,20.0,930.4
102956,08/09/2023,J.D. Sports,Northeast,New York,Women's Street Footwear,Outlet,53.14,57.0,3028.98
100611,2022-01-20,J.D. Sports,West,Arizona,Women's Street Footwear, Online,67.6,54.0,
100975,2023-03-08,Sports Direct,Northeast,New Jersey,Women's Athletic Footwear,In-store,49.46,60.0,2967.6
108295,24-04-2023,West Gear,Northeast,Pennsylvania,Kids' Footwear,Outlet,10.83,25.0,270.75
106712,20 Aug 2022,Walmart,Northeast,Massachusetts,Mens Athletic Footwear,IN-STORE,53.79,26.0,1398.54
107287,2024-11-11,Kohl's,Northeast,Massachusetts,Men's Street Footwear,Outlet,57.35,5.0,286.75
101262,13/04/2023,Walmart,Northeast,New York,Women's Athletic Footwear,Outlet,82.18,40.0,3287.2
103521,03/24/2022,West Gear,South,Louisiana,Women's Apparel,Online,36.31,27.0,980.37
105508,05/20/2024,Sports Direct,Northeast,New Jersey,Men's Apparel,Outlet,64.47,,3030.09
102746,01/02/2024,Kohl's,Northeast,New Jersey,Women's Apparel,Online,,30.0,1482.0
101617,08/24/2024,West Gear,Southeast,North Carolina,Kids' Footwear,In-store,46.22,58.0,2680.76
102197,11/04/2024,Sports Direct,West,Oregon,Kids' Footwear,Online,31.88,53.0,1689.64
101442,2024-11-14,Kohl's,MIDWEST,Ohio,Women's Street Footwear,Online,39.93,41.0,1637.13
108130,23-07-2022,Walmart,Midwest,Ohio,Kids' Apparel,In-store,62.78,35.0,2197.3
107861,03/16/2023,Adidas Online Store,Southeast,North Carolina,Women's Apparel,In-store,54.68,6.0,328.08
105156,08/11/2024,Adidas Online Store,Northeast,New York,Kids' Footwear,Outlet,39.01,42.0,1638.42
109653,15-08-2024,Adidas Online Store,SOUTH,Oklahoma,Men's Street Footwear,In-store,58.58,23.0,1347.34
101384,28 Oct 2023,Adidas Online Store,South,Oklahoma,Women's Athletic Footwear,In-store,81.81,59.0,4826.79
100418,2023-10-14,West Gear,West,Oregon,Women's Street Footwear,Outlet,,30.0,1239.3
101368,02/04/2023,Sports Direct,South,Texas,Women's Apparel,outlet,93.34,19.0,1773.46
103734,03/03/2022,Foot Locker,West,Oregon,Women's Athletic Footwear,Online,50.0,30.0,1500.0
101971,2024-07-05,West Gear,Midwest,Wisconsin,Men's Street Footwear,In-store,108.13,24.0,2595.12
104912,27 Jan 2022,West Gear,West,Washington,Men's Athletic Footwear,In-store,36.3,41.0,1488.3
108022,09/17/2023,Amazon,Midwest,Illinois,Kids' Apparel,Online,83.84,28.0,2347.52
101171,01 Dec 2022,j.d. sports,Northeast,Massachusetts,Men's Street Footwear,In-store,86.99,29.0,2522.71
103992,05-11-2023,  Foot Locker ,South,Tennessee,Kids' Footwear,In-store,59.81,93.0,5562.33
105510,2023-06-01,Foot Locker,Southeast,Georgia,Womens Apparel,Online,42.01,66.0,2772.66
108099,2024-10-25,sports direct,Midwest,,Women's Street Footwear,Outlet,,14.0,1281.14
104015,2024-02-13,Walmart,Midwest,Wisconsin,Accessories,Online,47.72,30.0,1431.6
102343,20 May 2024,West Gear,South,Louisiana,Kids' Apparel,Online,63.84,49.0,3128.16
101322,05 Jan 2023,amazon,Northeast,New York,Accessories,Online,50.93,50.0,2546.5
100594,31/05/2023,West Gear,Midwest,Wisconsin,Kids' Footwear,In-store,59.64,2.0,119.28
107633,20-01-2024,Foot Locker,South,Louisiana,Kids' Apparel,outlet,73.2,30.0,2196.0
101380,10/02/2022,Amazon,WEST,Oregon,Accessories,Outlet,81.02,35.0,2835.7
100154,2022-05-09,Amazon,NORTHEAST,New York,Women's Athletic Footwear,Online,53.59,62.0,3322.58
101860,11/12/2024,  Sports Direct ,MIDWEST,Wisconsin,Kids' Footwear,Outlet,75.7,24.0,1816.8
102562,14 Oct 2023,Sports Direct,Northeast,New Jersey,Women's Apparel,Online,72.39,37.0,2678.43
102657,06/15/2024,West Gear,West,Washington,Men's Athletic Footwear,Online,55.97,1.0,55.97
108448,28 Jan 2024,amazon,Northeast,New York,Outdoor Footwear,In-store,84.31,60.0,5058.6
106037,2023-07-10,Adidas Online Store,Midwest,Michigan,Men's Athletic Footwear,Outlet,32.51,37.0,1202.87
107425,15 Jun 2024,J.D. Sports,Northeast,New Jersey,Men's Athletic Footwear,Outlet,27.52,21.0,577.92
108946,16-01-2024,Walmart,SOUTH,Louisiana,Women's Athletic Footwear,Online,8.0,15.0,120.0
103483,20-04-2022,J.D. Sports,SOUTH,Texas,Accessories,Outlet,46.22,78.0,
102053,10-06-2024,ADIDAS ONLINE STORE,Midwest,Wisconsin,Outdoor Footwear,Outlet,98.01,39.0,3822.39
105317,19-09-2024,Amazon,Midwest,Illinois,Women's Apparel,Online,60.69,68.0,4126.92
109026,19-09-2023,Kohl's,West,California,Women's Street Footwear,,76.24,41.0,3125.84
100818,11 Jun 2024,Adidas Online Store,Southeast,North Carolina,Men's Athletic Footwear,In-store,22.16,50.0,1108.0
104737,10-06-2024,AMAZON,Northeast,Massachusetts,Women's Apparel,Online,50.48,41.0,2069.68
103916,02-04-2023,J.D. Sports,South,Tennessee,Women's Apparel,Online,51.46,51.0,2624.46
106742,29 Jun 2024,West Gear,Midwest,Ohio,Men's Apparel,Outlet,37.79,29.0,1095.91
108986,2024-01-09,Kohl's,Northeast,Pennsylvania,Men's Street Footwear, In-store,51.1,8.0,408.8
101880,15-12-2024,  Amazon ,Northeast,New York,Kids' Footwear,In-store,85.65,7.0,
107065,17-09-2023,Sports Direct,Northeast,New York,Women's Street Footwear,Outlet,63.35,12.0,
103399,29/08/2022,Kohl's,Midwest,Ohio,Kids' Apparel,In-store,,,720.39
108330,06/03/2022,Sports Direct,Northeast,New York,Kids' Apparel,Outlet,75.84,16.0,1213.44
106681,12/20/2024,Walmart,SOUTH,Texas,Kids' Apparel,Outlet,8.64,42.0,362.88
107940,2024-12-14,Adidas Online Store,MIDWEST,Illinois,Women's Street Footwear, In-store,64.25,55.0,3533.75
107163,08/08/2022,Kohl's,Midwest,Wisconsin,Women's Apparel,In-store,50.34,47.0,2365.98
103391,23/09/2023,Sports Direct,South,Texas,Women's Street Footwear,In-store,52.28,47.0,2457.16
106031,07 Apr 2022,J.D. Sports,Southeast,Virginia,Outdoor Footwear,Outlet,55.19,12.0,662.28
105068,03 Apr 2022,West Gear,South,Louisiana,Men's Street Footwear,Outlet,21.1,8.0,168.8
105099,31/01/2023,Kohl's,Southeast,Virginia,Women's Street Footwear,Outlet,20.56,32.0,
109726,23-12-2024,Kohl's,West,Arizona,Women's Street Footwear,Outlet,62.63,28.0,1753.64
100689,06-11-2024,Amazon,Southeast,Florida,Women's Street Footwear,In-store,50.46,28.0,1412.88
102982,05/06/2024,J.D. SPORTS,Northeast,Massachusetts,Men's Street Footwear,Online,45.74,38.0,1738.12
109668,05-03-2024,West Gear,Midwest,Wisconsin,Accessories,In-store,8.0,35.0,280.0
100790,16/06/2024,Amazon,Midwest,Ohio,Men's Street Footwear,Outlet,54.16,44.0,2383.04
100506,13-03-2024,West Gear,South,Texas,Kids' Apparel,online,40.4,32.0,1292.8
108486,27/09/2024,Kohl's,West,California,Men's Athletic Footwear, Online,39.43,42.0,1656.06
107152,14-06-2024,Kohl's,Midwest,Illinois,Women's Athletic Footwear,In-store,29.01,14.0,406.14
109239,20/03/2022,Amazon,West,Arizona,Womens Athletic Footwear,outlet,41.8,8.0,334.4
106995,13 Aug 2022,Adidas Online Store,Southeast,North Carolina,Women's Athletic Footwear,In-store,58.7,57.0,3345.9
103089,04/19/2024,walmart,Northeast,Massachusetts,Men's Street Footwear,online,45.98,18.0,827.64
100736,26 Feb 2024,Amazon,Northeast,New Jersey,Accessories,Outlet,75.68,30.0,2270.4
104551,2023-02-17,Sports Direct,Northeast,New York,Women's Apparel,Online,53.94,28.0,1510.32
103929,01/23/2022,Sports Direct,West,Arizona,Kids' Apparel,In-store,62.42,33.0,2059.86
103329,2023-02-02,J.D. Sports,Northeast,Massachusetts,Accessories,Outlet,12.16,18.0,218.88
103348,10/07/2024,Foot Locker,South,Oklahoma,Outdoor Footwear,Online,,6.0,366.72
109636,2023-08-20,walmart,Midwest,Ohio,Men's Apparel,Outlet,64.48,59.0,3804.32
100051,2022-01-09,J.D. Sports,South,Texas,Women's Street Footwear,Online,37.71,42.0,1583.82
109605,09/04/2024,Kohl's,South,Texas,Men's Street Footwear,Online,32.06,26.0,833.56
102027,11-11-2024,West Gear,South,Tennessee,Men's Apparel,Outlet,68.5,33.0,2260.5
104237,19-05-2024,Amazon,South,Oklahoma,Men's Athletic Footwear,IN-STORE,80.82,36.0,2909.52
105036,01/12/2024,Kohl's,Southeast,Georgia,Women's Street Footwear,Outlet,67.22,34.0,2285.48
108521,15/07/2023,Walmart,Northeast,Massachusetts,Women's Athletic Footwear,Online,57.25,82.0,4694.5
100342,30 Jan 2024,Sports Direct,Northeast,Pennsylvania,Kids' Apparel,In-store,74.87,42.0,3144.54
108290,29/09/2023,J.D. Sports,Midwest,Wisconsin,Men's Apparel,Online,69.78,34.0,2372.52
100026,31-03-2024,West Gear,WEST,Arizona,Kids' Apparel,Online,93.24,39.0,
107760,2023-05-26,amazon,South,Texas,Kids' Apparel,Online,44.3,7.0,310.1
102186,11/04/2023,KOHL'S,South,Oklahoma,Accessories,In-store,78.93,30.0,2367.9
106036,2024-02-04,Sports Direct,Northeast,Pennsylvania,Women's Apparel,online,48.85,21.0,1025.85
100309,2024-04-08,west gear,West,California,Kids' Footwear,Online,45.82,32.0,1466.24
108472,02-01-2023,walmart,Northeast,New York,Women's Apparel,In-store,87.59,28.0,2452.52
109597,26-10-2023,Foot Locker,SOUTH,Oklahoma,Outdoor Footwear,Outlet,85.23,43.0,3664.89
106353,07/04/2022,  Foot Locker ,NORTHEAST,New York,Women's Street Footwear,Outlet,38.44,62.0,2383.28
109649,2024-08-11,Sports Direct,West,Arizona,Kids' Apparel, Online,,45.0,
106201,07 Jul 2024,J.D. Sports,South,Tennessee,Women's Street Footwear,In-store,80.31,15.0,1204.65
102464,05/07/2023,J.D. Sports,West,California,Kids' Apparel,outlet,49.62,24.0,1190.88
102447,08-02-2023,Adidas Online Store,Southeast,Georgia,Accessories,Online,52.73,15.0,790.95
104670,2024-10-28,Walmart,Southeast,Georgia,Men's Athletic Footwear,Online,,40.0,894.8
103284,20 Jul 2022,J.D. Sports,SOUTHEAST,Virginia,Men's Athletic Footwear,In-store,,40.0,2689.2
109648,23-02-2023,J.D. Sports,South,Texas,Kids' Footwear,Online,78.64,28.0,2201.92
101720,04/17/2023,J.D. Sports,West,Arizona,Women's Street Footwear,Outlet,25.93,1.0,25.93
107368,2023-09-03,J.D. Sports,Northeast,Massachusetts,Women's Apparel,In-store,88.65,44.0,
106286,06/07/2023,Amazon,South,Tennessee,Women's Street Footwear,Online,13.78,46.0,633.88
102038,11-02-2024,Walmart,South,Texas,Women's Apparel,in-store,73.2,46.0,3367.2
100569,20/01/2022,Foot Locker,Southeast,North Carolina,Men's Athletic Footwear,In-store,78.07,59.0,4606.13
105596,04-12-2023,West Gear,Midwest,Illinois,Men's Athletic Footwear,Online,46.37,59.0,2735.83
101803,01-10-2022,Foot Locker,WEST,Oregon,Men's Apparel,In-store,46.5,22.0,1023.0
100954,18 Aug 2024,Foot Locker,Northeast,New York,Women's Athletic Footwear,Outlet,47.91,26.0,1245.66
104169,2024-12-10,Adidas Online Store,West,,Women's Athletic Footwear, Outlet,61.91,33.0,
105299,19-10-2024,J.D. Sports,West,Arizona,Women's Athletic Footwear,Outlet,73.63,1.0,73.63
106896,22-01-2022,Foot Locker,West,California,Kids' Footwear,Outlet,55.49,34.0,1886.66
104542,2023-12-26,Walmart,SOUTH,Oklahoma,Men's Athletic Footwear,Online,66.49,44.0,2925.56
108679,06/10/2024,Amazon,SOUTH,Texas,Women's Athletic Footwear,Outlet,24.15,22.0,531.3
106445,22-06-2023,Adidas Online Store,South,Oklahoma,Women's Apparel,Online,32.48,59.0,1916.32
102771,03-03-2024,J.D. Sports,Southeast,Virginia,Men's Apparel,In-store,69.92,33.0,2307.36
103223,2023-07-19,Amazon,Midwest,Michigan,Women's Apparel,In-store,63.0,25.0,1575.0
101298,2024-09-28,  Adidas Online Store ,South,Texas,Women's Athletic Footwear,in-store,8.9,73.0,649.7
106145,13 Mar 2023,FOOT LOCKER,Southeast,Florida,Kids' Apparel, In-store,48.85,57.0,2784.45
106881,07/02/2023,Walmart,SOUTH,Louisiana,Accessories,In-store,70.02,58.0,4061.16
102965,19-05-2022,West Gear,South,Texas,Kids' Apparel,IN-STORE,53.75,33.0,1773.75
105853,20-03-2024,Amazon,South,Texas,Women's Athletic Footwear,OUTLET,61.67,29.0,1788.43
101992,19 Oct 2024,Walmart,MIDWEST,Illinois,Accessories,Outlet,55.93,17.0,
102173,2023-09-28,Walmart,South,Texas,Men's Street Footwear,In-store,65.37,23.0,1503.51
109701,2023-12-17,SPORTS DIRECT,Northeast,Pennsylvania,Outdoor Footwear,Outlet,66.07,71.0,4690.97
104094,23 Dec 2023,J.D. SPORTS,Northeast,Pennsylvania,Women's Apparel,Online,31.21,8.0,249.68
106578,08/04/2023,West Gear,MIDWEST,Michigan,Women's Apparel,online,51.5,,2472.0
103145,2022-06-28,  Sports Direct ,West,California,Women's Apparel,OUTLET,23.61,33.0,779.13
103144,14 Feb 2024,J.D. Sports,Southeast,Florida,Accessories,Online,8.0,8.0,
108077,2024-01-09,Walmart,Midwest,Michigan,Men's Athletic Footwear,Outlet,38.29,32.0,1225.28
104121,11/21/2022,Amazon,Southeast,North Carolina,Kids' Footwear,In-store,43.83,57.0,2498.31
103961,11/28/2024,Kohl's,West,Arizona,Women's Street Footwear,Online,29.11,33.0,960.63
102556,08 Jan 2023,West Gear,South,Texas,Men's Athletic Footwear,Online,43.26,2.0,86.52
102887,06 May 2024,Amazon,West,Washington,Men's Street Footwear,In-store,62.4,32.0,1996.8
106996,2022-01-12,J.D. Sports,Northeast,New Jersey,Kids' Apparel,IN-STORE,61.39,33.0,2025.87
102061,22 Mar 2024,West Gear,South,Tennessee,Men's Street Footwear,Outlet,85.37,40.0,3414.8
108359,03/26/2022,Foot Locker,South,Louisiana,Outdoor Footwear,In-store,66.78,52.0,3472.56
107722,06/01/2023,Adidas Online Store,MIDWEST,Wisconsin,Kids' Footwear,Outlet,27.65,26.0,718.9
108280,18-09-2022,J.D. Sports,Northeast,Massachusetts,Men's Street Footwear,In-store,51.69,36.0,1860.84
107037,18 Nov 2022,J.D. Sports,Northeast,Pennsylvania,Men's Street Footwear,In-store,65.36,22.0,
102630,2023-10-05,Foot Locker,Northeast,New Jersey,Men's Street Footwear,In-store,42.19,27.0,1139.13
108005,26/06/2024,J.D. Sports,South,Tennessee,Accessories,Outlet,50.41,24.0,1209.84
104249,02/17/2022,Sports Direct,Northeast,Massachusetts,Women's Street Footwear,Online,31.7,64.0,
107833,07/04/2023,  Sports Direct ,Southeast,Georgia,Women's Athletic Footwear,Online,45.63,32.0,1460.16
105758,19/04/2024,Sports Direct,Southeast,Georgia,Men's Street Footwear,Outlet,83.07,42.0,3488.94
101699,22/09/2024,Walmart,Southeast,Florida,Men's Street Footwear,In-store,19.96,46.0,918.16
105439,2022-04-23,FOOT LOCKER,West,Oregon,Men's Street Footwear,Outlet,9.28,42.0,584.64
100509,2024-07-30,Foot Locker,Midwest,Illinois,Outdoor Footwear,In-store,81.86,1.0,81.86
101170,2024-01-30,Sports Direct,Southeast,Virginia,Accessories,Outlet,59.78,51.0,3048.78
109027,2023-09-26,West Gear,Midwest,Michigan,Kids' Footwear, Outlet,59.78,31.0,1853.18
103820,10/06/2022,Walmart,Southeast,Georgia,Outdoor Footwear,In-store,70.61,83.0,5860.63
104522,16/06/2024,Foot Locker,Midwest,Wisconsin,Accessories,Outlet,55.02,59.0,3246.18
105098,02/01/2024,Walmart,Northeast,New Jersey,Kids' Footwear, Outlet,63.83,55.0,3510.65
101252,26-09-2024,Sports Direct,Northeast,New York,Men's Street Footwear,Online,63.33,31.0,1963.23
108373,29/04/2022,West Gear,Midwest,Michigan,Kids' Footwear,OUTLET,87.13,29.0,2526.77
104376,02 Mar 2022,Adidas Online Store,Midwest,Ohio,Women's Athletic Footwear,In-store,31.81,14.0,445.34
101927,04/21/2024,Sports Direct,Midwest,Michigan,Accessories,In-store,90.08,35.0,3152.8
109274,2023-12-08,Sports Direct,Southeast,Virginia,Kids' Apparel,Outlet,27.44,1.0,27.44
107720,30/07/2024,  Amazon ,Southeast,Virginia,Kids' Apparel,Outlet,62.01,46.0,2852.46
104199,29 Jun 2023,Walmart,SOUTH,Tennessee,Kids' Footwear,Outlet,66.79,51.0,3406.29
100385,05/06/2024,Sports Direct,Midwest,Illinois,Men's Athletic Footwear,Outlet,36.61,9.0,329.49
109158,21/09/2023,Amazon,WEST,Oregon,Women's Athletic Footwear,Online,84.16,43.0,3618.88
102866,2022-01-18,J.D. Sports,West,Arizona,Outdoor Footwear,Online,,22.0,658.68
105196,30-10-2022,Walmart,Southeast,North Carolina,Men's Apparel,Outlet,77.38,1.0,77.38
103465,27-01-2022,Foot Locker,Northeast,New Jersey,Accessories,Outlet,63.12,39.0,2461.68
109176,2024-05-10,  Amazon ,NORTHEAST,New York,Men's Athletic Footwear,Online,48.35,50.0,2417.5
109592,2022-03-25,WALMART,South,Louisiana,Men's Street Footwear,In-store,75.68,37.0,2800.16
103902,28 Sep 2022,Sports Direct,South,Oklahoma,Women's Apparel, Outlet,69.52,23.0,1598.96
106800,03/18/2024,ADIDAS ONLINE STORE,Northeast,New York,Women's Apparel,Online,58.26,40.0,2330.4
109249,2022-01-31,Walmart,South,Texas,Outdoor Footwear,Outlet,71.53,16.0,1144.48
102627,12/28/2023,West Gear,Midwest,Michigan,Kids' Footwear,Online,43.89,28.0,1228.92
109109,19-04-2022,Adidas Online Store,West,Oregon,Kids' Apparel,Online,49.18,45.0,2213.1
102260,09/02/2023,Amazon,South,Texas,Women's Athletic Footwear,In-store,29.86,53.0,1582.58
109498,22 Sep 2023,Sports Direct,Northeast,Massachusetts,Kids' Footwear,IN-STORE,71.29,19.0,1354.51
106162,09 Jan 2023,West Gear,Midwest,Wisconsin,Outdoor Footwear,Online,56.08,1.0,56.08
105688,29 Jul 2023,J.D. Sports,Midwest,Michigan,Men's Apparel,Outlet,27.98,4.0,111.92
100488,14 Jun 2022,Amazon,West,Washington,Outdoor Footwear,Online,61.82,40.0,2472.8
100256,11/13/2022,Amazon,South,Oklahoma,Men's Apparel,Online,37.47,1.0,37.47
107225,12/14/2024,West Gear,West,Arizona,Men's Apparel,Outlet,40.3,58.0,2337.4
100118,2022-11-28,West Gear,South,Tennessee,Women's Street Footwear,Online,62.93,58.0,3649.94
100339,2024-01-28,Foot Locker,Northeast,New York,Men's Street Footwear,online,55.98,14.0,783.72
103616,22 Mar 2022,Adidas Online Store,Midwest,Michigan,Men's Street Footwear,In-store,30.66,56.0,1716.96
105991,2023-04-27,Sports Direct,West,California,Outdoor Footwear, In-store,48.98,46.0,2253.08
105474,14/09/2024,ADIDAS ONLINE STORE,Midwest,Illinois,Women's Apparel,Outlet,,58.0,5538.42
100565,07/09/2023,J.D. Sports,SOUTH,Oklahoma,Men's Apparel,In-store,59.91,41.0,2456.31
101246,24-07-2022,J.D. Sports,South,Texas,Women's Athletic Footwear,Online,51.14,43.0,2199.02
102283,2024-10-16,AMAZON,Southeast,Georgia,Men's Athletic Footwear,In-store,29.85,54.0,1611.9
104212,14 Jun 2023,Amazon,West,California,Women's Street Footwear,Outlet,46.63,74.0,3450.62
104992,10/07/2023,Adidas Online Store,South,Texas,Kids' Apparel,Outlet,73.07,14.0,1022.98
109174,10/24/2024,Kohl's,South,Texas,Women's Apparel,In-store,79.21,50.0,3960.5
105207,15-12-2022,J.D. Sports,South,  Tennessee  ,Men's Apparel, In-store,73.89,36.0,2660.04
105836,26/07/2023,Sports Direct,NORTHEAST,Massachusetts,Men's Apparel,Outlet,52.57,16.0,841.12
100277,08 Apr 2023,Kohl's,Southeast,Florida,Kids' Apparel,Online,56.29,18.0,1013.22
105940,08/16/2022,Sports Direct,South,Oklahoma,Women's Street Footwear,Online,64.88,39.0,2530.32
107805,01/02/2024,Sports Direct,Southeast,North Carolina,Men's Athletic Footwear,,40.3,43.0,1732.9
101471,20 Feb 2022,WEST GEAR,Southeast,North Carolina,Outdoor Footwear,Online,68.49,61.0,4177.89
107939,11-03-2023,Adidas Online Store,Southeast,Virginia,Men's Athletic Footwear,Outlet,66.25,8.0,530.0
106275,07/09/2022,Amazon,Southeast,North Carolina,Men's Athletic Footwear,Online,29.06,22.0,639.32
104272,2024-08-01,West Gear,NORTHEAST,New York,Men's Apparel,Outlet,55.33,4.0,221.32
109115,2024-09-09,kohl's,West,Washington,Men's Apparel,Online,72.46,43.0,3115.78
104091,03/18/2022,Adidas Online Store,West,Arizona,Women's Street Footwear,OUTLET,,46.0,1946.26
100268,07-03-2024,Sports Direct,South,Tennessee,Women's Apparel,,58.51,11.0,643.61
107138,19/03/2024,Sports Direct,Midwest,Michigan,Women's Street Footwear,Outlet,47.12,44.0,2073.28
100108,11/24/2023,Walmart,Midwest,Illinois,Men's Street Footwear,Outlet,64.51,23.0,1483.73
104170,16 Nov 2023,J.D. Sports,Southeast,Virginia,Accessories,Online,50.67,20.0,1013.4
105477,08-12-2022,  Kohl's ,South,Louisiana,Women's Apparel,In-store,31.23,32.0,999.36
103744,11/12/2024,Sports Direct,Midwest,Michigan,Women's Athletic Footwear,In-store,29.85,40.0,1194.0
102406,27/10/2022,Sports Direct,West,Washington,Kids' Apparel,outlet,59.44,39.0,2318.16
107843,05/26/2024,Amazon,West,Washington,Women's Apparel,Online,79.69,59.0,4701.71
101034,13-04-2023,Adidas Online Store,West,Oregon,Women's Apparel,in-store,74.77,47.0,3514.19
102902,05 Apr 2023,West Gear,West,California,Accessories,Online,48.92,34.0,1663.28
102394,03 Jun 2024,Amazon,Midwest,Illinois,Kids' Footwear,In-store,69.27,42.0,2909.34
101520,06 May 2024,West Gear,South,Tennessee,Kids' Apparel,Outlet,68.57,28.0,1919.96
104408,28-07-2023,Adidas Online Store,Southeast,Georgia,Men's Athletic Footwear,Online,54.37,6.0,326.22
103217,14/05/2023,Amazon,West,California,Outdoor Footwear,Outlet,41.69,,2042.81
100961,09/03/2022,Amazon,West,Washington,Women's Street Footwear,Online,0.0,54.0,
105775,09/11/2023,Sports Direct,Southeast,Georgia,Outdoor Footwear,Outlet,100.77,51.0,5139.27
101836,05-10-2023,Kohl's,South,Texas,Women's Street Footwear,Outlet,64.94,16.0,1039.04
103242,13 Jun 2024,Kohl's,West,Oregon,Women's Street Footwear,Outlet,96.82,28.0,2710.96
106834,09/21/2024,Adidas Online Store,Northeast,New York,Women's Apparel,Outlet,61.7,25.0,1542.5
103427,10-03-2023,SPORTS DIRECT,South,Tennessee,Kids' Footwear,Online,66.53,43.0,2860.79
109150,31 May 2024,Sports Direct,South,Louisiana,Men's Athletic Footwear,In-store,58.99,28.0,1651.72
109447,01-03-2023,  Kohl's ,Northeast,New Jersey,Outdoor Footwear,Online,56.84,51.0,2898.84
108831,04 Sep 2022,Sports Direct,South,Oklahoma,Men's Athletic Footwear,online,74.0,33.0,2442.0
109294,09 Dec 2022,Kohl's,Midwest,Wisconsin,Kids' Footwear,Outlet,38.02,43.0,1634.86
108824,08/18/2022,Amazon,Midwest,Wisconsin,Men's Athletic Footwear,Online,49.67,22.0,1092.74
102076,06-01-2022,Walmart,Northeast,Massachusetts,Women's Apparel,Online,41.73,8.0,333.84
104999,24 Feb 2023,Adidas Online Store,South,Tennessee,Men's Apparel,In-store,38.89,50.0,1944.5
102683,24-11-2024,Walmart,South,Louisiana,Women's Apparel,Outlet,54.69,9.0,492.21
101234,20 Jan 2024,  J.D. Sports ,Midwest,Illinois,Kids' Apparel,Outlet,65.02,29.0,
107136,05/08/2023,Sports Direct,Midwest,,Accessories, Outlet,62.85,46.0,2891.1
102381,28 Jun 2022,Walmart,WEST,California,Women's Athletic Footwear,OUTLET,36.06,44.0,1586.64
106715,01-06-2023,Adidas Online Store,South,Oklahoma,Men's Apparel,In-store,40.6,33.0,1339.8
101999,06-07-2024,Walmart,MIDWEST,Ohio,Men's Street Footwear,Online,74.35,55.0,4089.25
106569,2023-06-07,  Adidas Online Store ,Southeast,Virginia,Men's Athletic Footwear,Outlet,48.44,24.0,1162.56
100617,27 Nov 2024,WALMART,Northeast,New Jersey,Women's Apparel,In-store,74.91,24.0,1797.84
101862,2024-06-26,Amazon,Midwest,Ohio,Kids' Apparel,outlet,72.37,8.0,578.96
105154,01/28/2024,Adidas Online Store,South,Texas,Women's Street Footwear,Outlet,80.05,33.0,2641.65
106438,16 Sep 2024,West Gear,West,California,Women's Apparel,OUTLET,62.0,48.0,2976.0
100875,12/04/2023,Foot Locker,Northeast,Massachusetts,Men's Street Footwear,Outlet,40.28,1.0,40.28
101729,14 Mar 2023,Kohl's,Midwest,Illinois,Kids' Apparel,Online,46.58,37.0,1723.46
100367,18 Nov 2023,Foot Locker,South,Tennessee,Accessories,Outlet,70.47,20.0,1409.4
103416,07 Sep 2024,Amazon,South,Louisiana,Kids' Footwear,Outlet,23.17,27.0,625.59
107563,2024-06-21,AMAZON,West,California,Kids' Apparel,In-store,40.92,1.0,40.92
106349,09/18/2024,Foot Locker,Northeast,Massachusetts,Kids' Apparel,Outlet,71.04,42.0,2983.68
104311,09/03/2023,J.D. Sports,Southeast,Georgia,Accessories,Outlet,121.46,42.0,7651.98
102995,09/13/2022,J.D. Sports,South,Texas,Accessories,Online,52.49,21.0,1102.29
100788,2024-08-24,Adidas Online Store,Southeast,Georgia,Women's Apparel,In-store,73.46,20.0,1469.2
107046,10/28/2023,Foot Locker,Northeast,Pennsylvania,Kids' Footwear,In-store,67.85,,135.7
109010,05-08-2022,J.D. Sports,Northeast,Pennsylvania,Women's Apparel,Online,28.23,36.0,1016.28
108018,2024-10-25,Walmart,Midwest,Ohio,Women's Street Footwear, Outlet,46.49,13.0,604.37
107380,2024-09-19,Sports Direct,South,Oklahoma,Women's Apparel,Outlet,49.41,35.0,1729.35
102514,08 Dec 2023,Amazon,Midwest,Illinois,Accessories, Online,57.19,57.0,3259.83
104460,09 Apr 2022,Kohl's,West,Arizona,Womens Athletic Footwear,In-store,55.78,52.0,2900.56
109727,2022-03-22,Walmart,SOUTH,Tennessee,Kids' Footwear,Online,27.79,71.0,1973.09
107751,2023-06-13,amazon,South,Tennessee,Women's Street Footwear, Outlet,63.34,29.0,1836.86
108070,2023-05-11,Adidas Online Store,South,Oklahoma,Kids' Apparel,Outlet,65.6,62.0,4067.2
101046,2024-12-25,Walmart,MIDWEST,Illinois,Men's Athletic Footwear,Outlet,45.81,8.0,366.48
109607,2023-06-05,sports direct,Midwest,Michigan,Men's Street Footwear,Outlet,40.28,,563.92
103849,16/01/2022,Kohl's,South,Louisiana,Outdoor Footwear,in-store,47.01,35.0,1645.35
106591,2023-06-30,Amazon,Southeast,Virginia,Outdoor Footwear,Outlet,43.41,34.0,1475.94
104436,06/12/2022,West Gear,Northeast,Massachusetts,Women's Apparel,In-store,44.11,16.0,705.76
105101,11-05-2022,Kohl's,MIDWEST,Michigan,Kids' Apparel,Online,46.86,10.0,468.6
107974,01/01/2023,West Gear,South,Louisiana,Men's Apparel,Outlet,33.17,52.0,1724.84
108042,01/10/2022,Amazon,Midwest,Illinois,Women's Apparel,Online,39.38,6.0,236.28
107575,17-11-2024,Adidas Online Store,Midwest,Michigan,Women's Athletic Footwear,Outlet,58.21,38.0,2211.98
102133,2023-06-28,J.D. Sports,Northeast,New Jersey,Women's Athletic Footwear,,73.39,59.0,4330.01
107491,24/04/2024,Sports Direct,West,California,Men's Athletic Footwear,In-store,75.75,44.0,3333.0
104473,02-08-2023,Sports Direct,South,Oklahoma,Women's Apparel,In-store,54.25,20.0,1085.0
101661,26/10/2023,Amazon,Southeast,Florida,Outdoor Footwear,ONLINE,55.2,16.0,883.2
102533,24/09/2023,J.D. Sports,West,California,Women's Street Footwear,Online,71.94,40.0,2877.6
108165,2023-11-08,SPORTS DIRECT,West,California,Accessories,Outlet,67.78,65.0,4405.7
104974,22 Oct 2023,Kohl's,Southeast,North Carolina,Men's Athletic Footwear,Outlet,38.04,26.0,989.04
102468,02/03/2023,Kohl's,West,,Women's Apparel,Outlet,31.89,34.0,1084.26
102290,2024-07-24,Kohl's,West,California,Women's Apparel, Online,0.0,17.0,136.0
106557,2023-07-09,Foot Locker,Northeast,Massachusetts,Men's Athletic Footwear,In-store,85.95,16.0,1375.2
101790,2024-07-06,Foot Locker,West,California,Women's Athletic Footwear,In-store,41.53,46.0,1910.38
105212,21 Mar 2023,adidas online store,Southeast,Virginia,Kids' Footwear,outlet,58.21,3.0,174.63
108429,11/08/2023,Walmart,WEST,Oregon,Men's Street Footwear,In-store,80.03,37.0,2961.11
109149,28-07-2022,Kohl's,MIDWEST,Illinois,Kids' Apparel, In-store,90.11,42.0,3784.62
107038,02 Apr 2022,Kohl's,Midwest,Wisconsin,Men's Athletic Footwear,Outlet,62.73,31.0,1944.63
101231,28 Jan 2022,Foot Locker,Midwest,Michigan,Men's Apparel,Outlet,28.23,29.0,818.67
102781,2022-01-23,Kohl's,Southeast,Georgia,Men's Athletic Footwear,Outlet,79.29,71.0,5629.59
104387,2022-06-28,amazon,West,Arizona,Kids' Footwear,In-store,44.93,24.0,1078.32
108360,11/19/2022,Walmart,Midwest,Michigan,Men's Athletic Footwear,In-store,52.35,16.0,837.6
109575,21/11/2022,Sports Direct,WEST,Oregon,Kids' Footwear,Outlet,44.89,30.0,1346.7
100715,11/25/2024,Walmart,South,Texas,Men's Street Footwear,Online,63.21,31.0,1959.51
102964,09/10/2023,Walmart,South,Oklahoma,Accessories, Outlet,34.87,6.0,209.22
105449,10/22/2024,West Gear,Northeast,Pennsylvania,Men's Apparel,In-store,48.22,46.0,2218.12
103377,30/01/2024,FOOT LOCKER,South,,Women's Apparel,Online,62.86,25.0,1571.5
105564,21 Nov 2024,Amazon,Northeast,New York,Kids' Apparel,Outlet,44.79,38.0,1702.02
106941,2024-08-17,Kohl's,Northeast,New Jersey,Women's Athletic Footwear,Outlet,41.89,21.0,879.69
107652,16/01/2023,J.D. Sports,South,Tennessee,Men's Street Footwear,,24.1,44.0,1060.4
100630,26 Jul 2022,Sports Direct,Southeast,Georgia,Women's Athletic Footwear,Online,41.28,27.0,1114.56
108388,14-06-2023,Sports Direct,MIDWEST,Wisconsin,Women's Street Footwear, Online,41.24,70.0,2886.8
105063,30 Apr 2023,Walmart,South,Oklahoma,Men's Street Footwear,ONLINE,47.9,41.0,1963.9
103995,02/05/2024,West Gear,Southeast,Georgia,Kids' Apparel,In-store,51.72,33.0,1706.76
105321,09/06/2024,West Gear,Midwest,Wisconsin,Outdoor Footwear,In-store,8.0,35.0,280.0
108317,03-02-2024,J.D. Sports,West,Arizona,Women's Street Footwear,Outlet,61.03,36.0,2197.08
105579,08/02/2023,West Gear,Northeast,New York,Men's Athletic Footwear,OUTLET,51.78,27.0,
106024,27/11/2024,West Gear,West,Oregon,Kids' Apparel,In-store,41.26,23.0,948.98
108796,2024-12-04,West Gear,Midwest,Wisconsin,Men's Street Footwear,In-store,47.57,1.0,47.57
103462,15 Jul 2022,Walmart,Northeast,Pennsylvania,Kids' Footwear,Online,32.92,16.0,526.72
106811,10-11-2023,Adidas Online Store,Northeast,New Jersey,Men's Apparel,In-store,46.4,36.0,1670.4
105025,05/10/2023,Kohl's,Northeast,New York,Women's Athletic Footwear,Online,50.95,59.0,3006.05
108234,29 Jan 2024,West Gear,SOUTH,Tennessee,Kids' Apparel,IN-STORE,33.5,1.0,33.5
107852,22 Jan 2023,Amazon,West,Oregon,Outdoor Footwear,in-store,26.93,42.0,1696.59
108468,2024-08-20,Walmart,Midwest,Wisconsin,Outdoor Footwear,In-store,27.25,16.0,436.0
109378,01/01/2023,Foot Locker,Southeast,Florida,Women's Apparel,In-store,84.81,28.0,2374.68
104359,2023-04-26,Adidas Online Store,Southeast,Georgia,Accessories,In-store,28.32,20.0,566.4
103403,26-08-2024,Sports Direct,West,Arizona,Kids' Apparel,Outlet,44.09,36.0,1587.24
107848,02-05-2024,Walmart,Southeast,Georgia,Women's Apparel,Online,45.25,56.0,
103108,21 Sep 2023,Foot Locker,Midwest,Ohio,Kids' Footwear,In-store,51.83,46.0,2384.18
101761,2024-10-19,Amazon,Southeast,Florida,Women's Street Footwear,Outlet,34.73,55.0,1910.15
108787,2024-07-28,J.D. Sports,Southeast,Georgia,Women's Apparel,Outlet,59.71,42.0,2507.82
103257,03/27/2024,Foot Locker,MIDWEST,Wisconsin,Men's Apparel,In-store,43.66,64.0,2794.24
108217,2022-09-11,Kohl's,West,Arizona,Men's Street Footwear,Outlet,,38.0,1784.48
107909,2024-10-22,  J.D. Sports ,South,Tennessee,Women's Apparel,Online,55.45,69.0,3826.05
106650,30 Mar 2022,Kohl's,West,Arizona,Women's Apparel, Online,65.24,38.0,2479.12
105471,11/03/2024,Sports Direct,Midwest,Michigan,Outdoor Footwear,Online,36.06,28.0,1009.68
101079,24/07/2022,  Adidas Online Store ,Southeast,Virginia,Men's Apparel,In-store,45.95,50.0,2297.5
108182,21 Mar 2024,J.D. Sports,Midwest,Michigan,Women's Athletic Footwear,In-store,52.18,47.0,
103280,25 Jun 2023,Walmart,West,Oregon,Kids' Apparel,Outlet,66.82,35.0,2338.7
104759,04/08/2024,West Gear,SOUTHEAST,Georgia,Men's Street Footwear,Outlet,33.17,32.0,1061.44
108783,05 May 2024,  Foot Locker ,Northeast,New Jersey,Men's Street Footwear,Online,63.84,15.0,957.6
104998,09/10/2024,  Walmart ,Northeast,Pennsylvania,Kids' Apparel,Outlet,49.73,25.0,1243.25
109114,02/04/2024,  Kohl's ,South,Texas,Accessories,Online,67.07,39.0,2615.73
106185,2024-02-04,Walmart,Northeast,Pennsylvania,Men's Apparel,In-store,82.09,58.0,4761.22
108522,21 Oct 2023,Sports Direct,South,Texas,Women's Athletic Footwear,Online,50.79,6.0,304.74
104260,03/15/2022,West Gear,MIDWEST,Illinois,Women's Street Footwear,Outlet,74.49,41.0,3054.09
102740,27-02-2024,foot locker,Northeast,New York,Women's Athletic Footwear,Online,68.5,15.0,1027.5
107472,09/27/2024,Walmart,West,,Men's Street Footwear,Outlet,,35.0,776.3
103455,08/12/2022,Walmart,Northeast,New Jersey,Men's Apparel,Online,67.17,48.0,
104224,2024-03-29,Foot Locker,Northeast,New York,Outdoor Footwear,Outlet,,58.0,4944.5
108366,04-06-2022,Adidas Online Store,Northeast,New York,Men's Street Footwear,online,10.03,42.0,421.26
100879,10/01/2022,Adidas Online Store,Midwest,Michigan,Kids' Footwear,Outlet,53.6,17.0,911.2
100186,18-05-2022,  Sports Direct ,Midwest,Michigan,Accessories,In-store,66.72,3.0,200.16
102092,22/05/2024,Walmart,Northeast,New Jersey,Kids' Footwear,Online,59.53,47.0,2797.91
103557,31-10-2022,  Sports Direct ,South,Tennessee,Women's Apparel,In-store,67.26,27.0,1816.02
101911,20-06-2024,  Sports Direct ,Midwest,Michigan,Kids' Apparel,In-store,15.27,17.0,259.59
108424,19 Nov 2022,Amazon,South,Texas,Women's Apparel,Online,90.7,43.0,3900.1
107490,30/12/2023,Foot Locker,South,Texas,Women's Apparel,Outlet,47.44,57.0,2704.08
108987,2023-10-16,Sports Direct,West,Oregon,Accessories,Online,51.93,48.0,2492.64
100597,06-09-2024,West Gear,Midwest,Wisconsin,Kids' Apparel,Online,42.03,47.0,1975.41
102690,02 Jul 2023,Amazon,Midwest,Ohio,Kids' Apparel,In-store,76.95,-66.0,5078.7
106746,10 Jul 2024,West Gear,Midwest,Wisconsin,Women's Street Footwear,Online,53.66,8.0,429.28
104661,12/20/2023,J.D. Sports,West,Washington,Women's Athletic Footwear,In-store,87.21,46.0,4011.66
105515,27 Sep 2023,West Gear,West,Arizona,Accessories,IN-STORE,56.16,43.0,2414.88
107601,2023-08-16,Sports Direct,South,Texas,Kids' Footwear,Outlet,37.82,26.0,983.32
101601,28 Jan 2023,WEST GEAR,MIDWEST,,Mens Athletic Footwear,In-store,31.16,20.0,623.2
101080,31-01-2023,SPORTS DIRECT,Southeast,Georgia,Kids' Apparel,Online,37.41,12.0,448.92
101669,13-02-2023,Adidas Online Store,West,California,Men's Street Footwear,Online,19.11,56.0,
104837,13 Jul 2023,West Gear,SOUTHEAST,Virginia,Kids' Footwear,Outlet,23.44,16.0,375.04
100849,2024-07-25,Kohl's,Northeast,New Jersey,Men's Athletic Footwear,Online,32.68,46.0,2254.92
101829,24-04-2022,Adidas Online Store,West,,Men's Street Footwear,Online,,53.0,1955.7
103449,2022-11-12,Walmart,Midwest,Illinois,Kids' Apparel,Outlet,49.21,27.0,1328.67
103009,03/28/2023,Sports Direct,South,Louisiana,Outdoor Footwear,Outlet,78.98,25.0,1974.5
100189,02/06/2023,Kohl's,Northeast,New Jersey,Outdoor Footwear,Outlet,25.78,58.0,1495.24
102225,07/30/2022,Adidas Online Store,South,Oklahoma,Women's Apparel,Outlet,64.6,30.0,1938.0
106807,2023-04-23,Kohl's,Midwest,Illinois,Women's Street Footwear,Online,24.59,27.0,663.93
104104,13-07-2023,Kohl's,Northeast,Massachusetts,Women's Athletic Footwear,Online,37.11,44.0,1632.84
108346,2024-03-23,West Gear,Northeast,Pennsylvania,Women's Athletic Footwear,Outlet,41.83,52.0,2175.16
103595,2022-11-27,Sports Direct,Northeast,Massachusetts,Men's Street Footwear,Online,52.2,46.0,2401.2
104538,2022-08-09,West Gear,South,Tennessee,Women's Apparel,Outlet,62.09,90.0,5588.1
106163,15/04/2024,Walmart,West,Arizona,Men's Apparel,Outlet,38.77,1.0,38.77
100980,18 Oct 2022,Walmart,South,Oklahoma,Women's Apparel,Outlet,42.57,21.0,893.97
103317,03/21/2022,J.D. Sports,Midwest,Illinois,Kids' Footwear,Online,84.92,38.0,3226.96
100943,06-04-2022,Amazon,SOUTHEAST,Virginia,Men's Athletic Footwear,Outlet,80.56,47.0,3786.32
107182,2023-02-11,Foot Locker,Midwest,Wisconsin,Women's Apparel,in-store,61.26,45.0,2756.7
109488,08/02/2024,Sports Direct,Northeast,New York,Men's Apparel,Online,83.8,26.0,2178.8
109240,16 Apr 2024,Sports Direct,Northeast,Pennsylvania,Women's Street Footwear,Online,97.55,44.0,6438.299999999999
101194,20-09-2022,Amazon,West,Washington,Kids' Footwear,Online,55.06,48.0,2642.88
107532,2023-10-31,sports direct,South,Oklahoma,Women's Athletic Footwear,Outlet,33.3,14.0,
100228,2023-08-29,Adidas Online Store,Northeast,Massachusetts,Accessories,Outlet,42.18,48.0,2024.64
101563,03/13/2024,Adidas Online Store,Southeast,Virginia,Men's Apparel, Outlet,75.31,8.0,602.48
107745,28-07-2022,Sports Direct,Midwest,Ohio,Women's Apparel,Online,14.27,27.0,385.29
103163,11/15/2022,Walmart,Northeast,Pennsylvania,Women's Street Footwear,In-store,60.12,8.0,480.96
107482,08/10/2022,West Gear,South,Texas,Women's Street Footwear,Online,53.0,22.0,1166.0
104022,15 Apr 2024,Sports Direct,Southeast,Georgia,Women's Street Footwear,In-store,75.95,16.0,1215.2
103265,07/02/2023,walmart,South,Texas,Men's Apparel,,48.4,29.0,1403.6
102678,19/01/2024,J.D. Sports,West,Washington,Kids' Footwear,In-store,24.27,25.0,606.75
101937,28/07/2022,Kohl's,West,Arizona,Women's Street Footwear, In-store,62.64,24.0,1503.36
102937,10/28/2022,Adidas Online Store,Southeast,Florida,Outdoor Footwear,online,46.78,6.0,280.68
109226,24-06-2024,West Gear,Midwest,Michigan,Men's Street Footwear,In-store,38.99,4.0,155.96
101301,06/27/2022,  Amazon ,Southeast,North Carolina,Men's Apparel,Outlet,54.87,21.0,1152.27
108570,08/05/2024,Kohl's,South,Tennessee,Men's Apparel, Outlet,50.79,27.0,1371.33
100791,04-10-2024,West Gear,WEST,California,Kids' Apparel,Online,22.88,11.0,251.68
108274,10/04/2024,foot locker,Midwest,Michigan,Men's Street Footwear,In-store,54.58,26.0,1419.08
101745,15-11-2022,Amazon,Northeast,Massachusetts,Women's Apparel,In-store,56.99,22.0,1253.78
105521,23/11/2023,Sports Direct,Southeast,Florida,Kids' Apparel,In-store,53.92,3.0,161.76
101854,16 Nov 2022,Walmart,South,Texas,Men's Athletic Footwear,In-store,64.31,17.0,1093.27
103387,12 Aug 2022,Sports Direct,WEST,Arizona,Men's Street Footwear,Outlet,46.86,13.0,609.18
100404,18-09-2022,West Gear,South,,Kids' Apparel,Outlet,46.32,18.0,833.76
107699,12-05-2022,Adidas Online Store,Southeast,Florida,Women's Apparel,Outlet,65.01,1.0,65.01
101978,08-08-2022,Amazon,Midwest,Michigan,Men's Apparel,Online,54.8,63.0,3452.4
100874,06 Dec 2023,Foot Locker,Southeast,Virginia,Men's Street Footwear,In-store,46.9,35.0,1641.5
106767,23/09/2022,J.D. Sports,South,Tennessee,Outdoor Footwear,Outlet,,16.0,493.76
109564,06 Oct 2022,Foot Locker,Midwest,Ohio,Men's Athletic Footwear,In-store,73.58,12.0,882.96
101828,10/03/2022,Walmart,South,Oklahoma,Outdoor Footwear,In-store,89.34,39.0,3484.26
103174,09 Jan 2023,Adidas Online Store,Southeast,Virginia,Kids' Footwear,Online,86.27,39.0,3364.53
101537,05/03/2023,amazon,West,Oregon,Men's Street Footwear,IN-STORE,44.39,21.0,932.19
103351,2023-11-10,WEST GEAR,WEST,Oregon,Accessories,Outlet,64.56,52.0,3357.12
109238,06/11/2022,West Gear,Northeast,New York,Accessories,In-store,,46.0,2960.56
104071,2023-02-21,Walmart,Southeast,Virginia,Kids' Apparel,In-store,73.83,85.0,6275.55
105333,08/17/2023,Foot Locker,Northeast,New Jersey,Women's Apparel,online,59.44,43.0,2555.92
105989,04/01/2022,Amazon,Northeast,New Jersey,Outdoor Footwear,Online,,54.0,4223.88
100955,2022-10-07,  Walmart ,NORTHEAST,Massachusetts,Outdoor Footwear,In-store,23.44,-19.0,445.36
104645,06 Jan 2024,Amazon,Northeast,New York,Outdoor Footwear,In-store,,31.0,1585.34
100095,07/31/2024,Kohl's,Midwest,Ohio,Women's Athletic Footwear,Online,49.83,,2840.31
109441,17 Jul 2024,Foot Locker,Northeast,Pennsylvania,Women's Athletic Footwear,Outlet,78.09,23.0,1796.07
106132,2024-02-05,Foot Locker,Northeast,Massachusetts,Outdoor Footwear, Outlet,,15.0,
104698,21/03/2023,Foot Locker,West,Washington,Women's Athletic Footwear,Online,55.72,67.0,3733.24
100946,10/06/2024,Amazon,Northeast,Pennsylvania,Men's Athletic Footwear,Online,47.4,39.0,1848.6
100807,08 Jan 2024,foot locker,Northeast,Pennsylvania,Women's Street Footwear,In-store,50.06,53.0,2653.18
103143,2024-03-29,Foot Locker,South,Texas,Accessories,Outlet,,36.0,
100152,21/04/2024,J.D. Sports,Midwest,Michigan,Men's Street Footwear,Online,23.24,40.0,929.6
105572,03/12/2022,West Gear,Southeast,North Carolina,Kids' Footwear,,78.43,47.0,3686.21
102724,06/14/2023,Amazon,Southeast,North Carolina,Kids' Footwear,In-store,,40.0,2920.8
101275,27-04-2023,J.D. Sports,Northeast,Massachusetts,Women's Apparel,In-store,58.93,35.0,2062.55
106426,22 Jun 2022,SPORTS DIRECT,South,Tennessee,Kids' Apparel,Outlet,104.47,41.0,4283.27
101623,2022-11-04,Foot Locker,Southeast,Virginia,Kids' Footwear,Online,55.49,36.0,1997.64
106971,01/15/2024,Foot Locker,West,Washington,Kids' Footwear,In-store,36.76,40.0,1470.4
103665,29/08/2022,Sports Direct,West,Oregon,Men's Street Footwear,Online,57.66,47.0,2710.02
100986,03/19/2022,J.D. Sports,Southeast,Florida,Accessories,In-store,85.05,7.0,595.35
102743,2023-04-17,Walmart,West,California,Outdoor Footwear,Online,64.89,55.0,3568.95
100652,02/12/2022,Walmart,Midwest,Illinois,Kids' Apparel,In-store,68.82,37.0,2546.34
100216,30 Aug 2024,Kohl's,South,Oklahoma,Women's Apparel,Online,40.66,53.0,2154.98
100100,31 Aug 2022,J.D. SPORTS,Midwest,Michigan,Kids' Apparel,Outlet,73.78,37.0,2729.86
100145,20 Aug 2022,J.D. Sports,SOUTHEAST,Virginia,Women's Apparel, Online,28.17,52.0,1464.84
106006,21-12-2022,J.D. Sports,Northeast,Massachusetts,Women's Street Footwear,Online,44.02,55.0,2421.1
105379,2024-06-04,Walmart,West,Arizona,Kids' Footwear,Outlet,42.46,33.0,1401.18
109533,04/10/2023,West Gear,Northeast,New Jersey,Men's Street Footwear,In-store,48.79,2.0,97.58
103395,2024-12-20,Adidas Online Store,Southeast,,Women's Athletic Footwear,In-store,30.41,48.0,1459.68
106594,13 Feb 2022,  Kohl's ,Northeast,New York,Women's Athletic Footwear,Outlet,47.26,37.0,1748.62
109321,30/12/2023,Walmart,Southeast,,Men's Athletic Footwear, Outlet,23.05,39.0,898.95
104067,02/11/2022,Adidas Online Store,MIDWEST,Ohio,Men's Apparel,Outlet,34.9,61.0,2128.9
102838,01/13/2023,Walmart,South,Louisiana,Men's Athletic Footwear,Online,74.67,21.0,1568.07
100293,04-06-2022,Adidas Online Store,West,Oregon,Kids' Footwear,Online,80.29,41.0,3291.89
107127,24/08/2022,  Adidas Online Store ,Southeast,North Carolina,Kids' Apparel,Online,73.16,1.0,73.16
108982,11 Dec 2022,J.D. Sports,West,Arizona,Men's Apparel,In-store,,52.0,2097.16
108664,29/12/2024,Sports Direct,Southeast,Georgia,Women's Apparel,Online,71.69,51.0,3656.19
100794,05/05/2023,Walmart,NORTHEAST,Massachusetts,Kids' Apparel,outlet,52.04,33.0,1717.32
101670,25 Dec 2022,Foot Locker,Southeast,Georgia,Outdoor Footwear,In-store,92.49,60.0,5549.4
107347,11/22/2024,Sports Direct,Northeast,New Jersey,Women's Apparel,Outlet,80.06,30.0,2401.8
102548,2024-03-13,Adidas Online Store,West,Arizona,Men's Street Footwear,Outlet,43.11,36.0,1551.96
105496,12-03-2022,Amazon,Southeast,Florida,Kids' Footwear,Online,69.29,54.0,3741.66
102728,01/31/2023,Foot Locker,Southeast,North Carolina,Accessories,Outlet,97.56,10.0,975.6
104279,2024-10-13,Foot Locker,MIDWEST,Wisconsin,Men's Street Footwear,Outlet,42.4,1.0,42.4
106013,2023-07-22,  J.D. Sports ,Northeast,Massachusetts,Accessories,Online,76.78,44.0,3378.32
101146,07/09/2024,adidas online store,Midwest,Michigan,Accessories,OUTLET,,18.0,841.5
109097,2022-03-31,Sports Direct,West,Arizona,Men's Street Footwear,Online,12.6,46.0,579.6
103729,25-10-2024,j.d. sports,Northeast,Pennsylvania,Kids' Apparel,Online,49.16,50.0,2458.0
103739,15-03-2022,Foot Locker,West,Arizona,Accessories,Online,74.81,32.0,2393.92
107469,24-08-2022,Sports Direct,Southeast,Virginia,Kids' Apparel,Online,43.27,34.0,1471.18
103127,12 Sep 2022,j.d. sports,Northeast,Pennsylvania,Women's Athletic Footwear,In-store,66.14,20.0,1322.8
109598,2024-04-01,sports direct,South,Louisiana,Outdoor Footwear,OUTLET,58.31,25.0,1457.75
109511,06-11-2024,Adidas Online Store,Northeast,New Jersey,Men's Apparel,In-store,73.17,30.0,2195.1
105270,14-09-2023,J.D. Sports,South,Texas,Men's Street Footwear,Online,53.8,31.0,
101456,19 Mar 2023,J.D. Sports,West,Washington,Men's Athletic Footwear, In-store,22.4,33.0,739.2
101846,08/02/2022,West Gear,West,Arizona,Outdoor Footwear,In-store,46.63,27.0,1259.01
104214,18/09/2024,Amazon,Southeast,Georgia,Men's Street Footwear,In-store,66.04,6.0,396.24
100899,20-03-2023,Amazon,SOUTH,Louisiana,Women's Athletic Footwear,Outlet,39.43,6.0,236.58
108076,24/02/2022,J.D. Sports,SOUTHEAST,Georgia,Kids' Footwear,In-store,,43.0,2741.25
100498,2022-10-08,Walmart,South,Tennessee,Kids' Apparel,Online,41.72,35.0,1460.2
103788,12-09-2024,Amazon,Northeast,Pennsylvania,Kids' Apparel,Outlet,38.41,2.0,76.82
100356,22 Aug 2022,Walmart,West,California,Kids' Apparel,Outlet,43.14,17.0,733.38
103484,01/04/2022,Walmart,Midwest,Illinois,Women's Street Footwear,Outlet,62.37,35.0,2182.95
107528,2022-02-13,  Kohl's ,Northeast,New Jersey,Women's Street Footwear,,33.0,40.0,1320.0
100378,27-07-2023,J.D. Sports,Northeast,Pennsylvania,Outdoor Footwear,Online,34.92,64.0,3352.32
105236,04/23/2023,Foot Locker,Midwest,Illinois,Outdoor Footwear,In-store,66.6,51.0,5094.9
102467,2023-09-17,Amazon,Southeast,Florida,Women's Street Footwear, Outlet,110.32,58.0,6398.56
103833,15/03/2024,  Sports Direct ,West,Washington,Women's Apparel, Outlet,60.68,23.0,1395.64
104854,24 Jun 2022,Kohl's,South,Louisiana,Women's Athletic Footwear,In-store,29.1,38.0,1105.8
108655,07/20/2023,Amazon,SOUTHEAST,Florida,Accessories,Outlet,68.88,58.0,
101097,16-03-2024,Kohl's,Midwest,Wisconsin,Women's Street Footwear,Online,93.04,41.0,3814.64
100781,01/10/2023,West Gear,Southeast,Florida,Women's Street Footwear,Online,53.21,42.0,2234.82
104568,2022-01-14,Sports Direct,Southeast,Georgia,Men's Apparel,In-store,59.99,43.0,2579.57
105833,25-06-2024,West Gear,Southeast,Florida,Men's Athletic Footwear,Online,62.45,9.0,562.05
109617,2023-09-12,Adidas Online Store,South,Texas,Men's Street Footwear,In-store,67.92,5.0,339.6
106592,30 Aug 2023,Walmart,West,Washington,Women's Apparel,In-store,34.1,31.0,1057.1
105233,09/06/2023,Foot Locker,South,,Men's Athletic Footwear, In-store,35.33,30.0,1059.9
107579,2024-07-20,J.D. Sports,South,Louisiana,Women's Athletic Footwear,Online,33.87,28.0,948.36
106994,10/20/2023,Kohl's,Southeast,North Carolina,Kids' Footwear,In-store,46.08,36.0,1658.88
107205,18/04/2024,Kohl's,Northeast,Massachusetts,Men's Street Footwear,IN-STORE,56.87,44.0,2502.28
107544,02/25/2022,J.D. Sports,Midwest,,Kids' Footwear,In-store,56.03,63.0,3529.89
107645,01-12-2024,Kohl's,Northeast,New Jersey,Kids' Footwear,Outlet,58.89,70.0,4122.3
108761,30/09/2023,amazon,Northeast,New Jersey,Men's Athletic Footwear,In-store,70.09,10.0,700.9
102371,22/02/2023,ADIDAS ONLINE STORE,West,Arizona,Kids' Apparel,ONLINE,66.71,17.0,1134.07
103250,19 Feb 2022,Sports Direct,Southeast,Georgia,Men's Apparel,online,65.93,31.0,2043.83
102628,2024-12-12,Walmart,Northeast,New York,Men's Apparel,Online,48.65,32.0,1556.8
101410,02/21/2024,Adidas Online Store,South,Texas,Women's Athletic Footwear,OUTLET,68.02,37.0,2516.74
102814,06/11/2023,West Gear,Midwest,Wisconsin,Accessories, Outlet,51.48,28.0,1441.44
108952,01/08/2023,Walmart,Southeast,Georgia,Men's Street Footwear,Outlet,51.43,48.0,2468.64
106248,13/04/2022,Sports Direct,South,Oklahoma,Kids' Apparel,In-store,55.47,10.0,554.7
106086,03/17/2024,Kohl's,Southeast,Virginia,Women's Apparel,In-store,63.05,3.0,189.15
106338,03-10-2024,  Foot Locker ,Southeast,Virginia,Women's Athletic Footwear,Online,49.48,1.0,49.48
106752,08-12-2023,Sports Direct,West,Washington,Men's Street Footwear,Online,59.86,23.0,1376.78
107184,06/01/2022,Kohl's,Northeast,Pennsylvania,Accessories,In-store,60.58,36.0,2180.88
104866,25-10-2022,  West Gear ,Midwest,Ohio,Women's Street Footwear,In-store,39.15,64.0,2505.6
105771,01-05-2023,Foot Locker,Southeast,North Carolina,Men's Street Footwear,Online,51.1,13.0,664.3
101724,09 Jul 2023,Kohl's,Southeast,Georgia,Kids' Apparel,In-store,63.2,63.0,3981.6
109443,02/03/2023,AMAZON,Northeast,New Jersey,Men's Street Footwear,in-store,56.36,50.0,2818.0
108902,07/06/2024,Kohl's,Midwest,Ohio,Outdoor Footwear,In-store,56.67,6.0,340.02
105723,21-12-2022,Foot Locker,Northeast,New Jersey,Women's Street Footwear,Online,66.14,37.0,2447.18
102068,2022-12-26,West Gear,Northeast,Massachusetts,Men's Athletic Footwear,Online,42.9,,1029.6
100681,23 Jan 2023,Walmart,Midwest,Wisconsin,Accessories,Online,52.81,44.0,2323.64
108160,2024-01-23,Walmart,Southeast,Georgia,Accessories,In-store,88.8,29.0,2575.2
107717,27/05/2022,West Gear,West,Washington,Accessories,Outlet,35.09,29.0,1017.61
107197,09/11/2024,Amazon,Northeast,Massachusetts,Men's Athletic Footwear,Outlet,59.17,25.0,1479.25
101361,20/08/2022,Kohl's,Northeast,New Jersey,Men's Athletic Footwear,Outlet,70.92,37.0,2624.04
107929,19-10-2022,J.D. Sports,South,Oklahoma,Outdoor Footwear,In-store,38.57,22.0,848.54
101325,17/11/2022,Adidas Online Store,Southeast,Georgia,Accessories,In-store,66.37,39.0,2588.43
101224,2023-01-12,Amazon,South,Oklahoma,Accessories,OUTLET,42.35,48.0,2032.8
105651,19 Aug 2023,Walmart,Northeast,New Jersey,Women's Apparel,Online,59.81,,2512.02
108227,09/23/2023,Kohl's,West,Washington,Outdoor Footwear,In-store,,36.0,1815.84
103705,22-01-2024,amazon,Southeast,Virginia,Women's Apparel,Outlet,33.16,50.0,1658.0
101429,29/03/2024,Kohl's,Southeast,Georgia,Women's Apparel,In-store,76.39,29.0,2215.31
100601,26/10/2023,AMAZON,Northeast,New Jersey,Accessories,Outlet,33.25,32.0,1064.0
100650,20 Jun 2023,J.D. Sports,Midwest,Illinois,Men's Apparel,IN-STORE,17.91,76.0,1361.16
107029,2022-04-05,  Walmart ,Southeast,Florida,Women's Apparel,Outlet,68.19,45.0,3068.55
109628,19 Mar 2024,J.D. Sports,South,Louisiana,Kids' Apparel,Online,26.97,65.0,1753.05
104197,03/07/2023,Foot Locker,West,Washington,Women's Athletic Footwear,In-store,41.02,37.0,1517.74
108828,2023-11-29,Sports Direct,Midwest,Michigan,Women's Athletic Footwear,Outlet,,48.0,2025.12
105730,10-12-2024,Walmart,South,Tennessee,Men's Apparel,In-store,61.6,45.0,2772.0
105239,04/15/2023,Sports Direct,Northeast,Pennsylvania,Kids' Footwear,In-store,29.88,1.0,29.88
103307,2022-01-04,J.D. Sports,South,Oklahoma,Kids' Footwear,In-store,38.97,5.0,194.85
101953,22/03/2024,Amazon,Southeast,Virginia,Men's Athletic Footwear,In-store,42.6,26.0,1107.6
104598,2023-06-10,kohl's,Southeast,Georgia,Outdoor Footwear,Online,58.69,43.0,2523.67
108049,2024-07-18,Amazon,SOUTH,Oklahoma,Men's Athletic Footwear,in-store,58.04,5.0,290.2
103520,21-06-2022,Walmart,Southeast,North Carolina,Women's Apparel,Online,,1.0,50.27
103736,2022-07-21,J.D. Sports,Northeast,New York,Kids' Apparel,In-store,48.1,63.0,3030.3
109050,25/04/2022,Foot Locker,Northeast,New Jersey,Men's Apparel,In-store,19.98,43.0,859.14
105336,10/12/2024,Adidas Online Store,Southeast,Virginia,Women's Athletic Footwear,Online,61.59,34.0,2094.06
109033,01/10/2022,Amazon,South,Tennessee,Women's Street Footwear,,49.44,38.0,1878.72
103249,2024-05-14,West Gear,Southeast,Georgia,Accessories,In-store,51.41,20.0,1028.2
108557,2023-02-07,Adidas Online Store,West,Oregon,Kids' Footwear,Outlet,,67.0,3370.1
109189,08/10/2022,Walmart,Midwest,Michigan,Men's Apparel,Online,38.09,64.0,2437.76
101889,11/07/2022,Amazon,Northeast,New Jersey,Women's Athletic Footwear,Outlet,43.95,17.0,747.15
106405,01/01/2022,J.D. Sports,Midwest,Wisconsin,Women's Athletic Footwear,Online,83.17,59.0,4907.03
109680,31/08/2024,  West Gear ,MIDWEST,Illinois,Women's Athletic Footwear,Online,51.47,47.0,2419.09
103828,25/10/2024,Amazon,West,Arizona,Women's Athletic Footwear,Outlet,40.94,72.0,2947.68
108493,22/03/2022,Walmart,South,Texas,Men's Street Footwear,Online,46.45,26.0,1207.7
102208,15-07-2024,Walmart,Northeast,Massachusetts,Men's Apparel,In-store,8.0,44.0,352.0
107609,17 Feb 2023,J.D. Sports,Midwest,Wisconsin,Kids' Footwear,Outlet,58.08,24.0,1393.92
104157,15 Dec 2022,West Gear,South,Louisiana,Kids' Footwear,Online,42.29,43.0,1818.47
107759,11/02/2022,Foot Locker,Northeast,New York,Kids' Footwear,Outlet,53.19,60.0,4787.1
108369,05-03-2024,adidas online store,Northeast,,Men's Apparel,In-store,49.55,32.0,1585.6
103897,2024-01-14,Adidas Online Store,Northeast,New Jersey,Outdoor Footwear,In-store,34.89,68.0,2372.52
106041,02/18/2022,Kohl's,Southeast,Florida,Women's Apparel, Outlet,66.87,,2808.54
107655,16-11-2022,Sports Direct,Northeast,Massachusetts,Men's Street Footwear,In-store,37.56,40.0,1502.4
109413,14-10-2022,Kohl's,Southeast,North Carolina,Kids' Apparel,Outlet,78.64,9.0,707.76
100138,22-03-2024,Walmart,West,California,Kids' Footwear,Outlet,,53.0,3555.77
107572,09/03/2022,Sports Direct,Northeast,Pennsylvania,Men's Apparel, In-store,42.26,52.0,2197.52
104984,12/30/2023,Kohl's,Southeast,North Carolina,Women's Apparel,Outlet,68.41,59.0,4036.19
108306,01/20/2022,Foot Locker,West,Oregon,Kids' Footwear,Outlet,14.46,39.0,563.94
108015,21-07-2024,J.D. SPORTS,SOUTHEAST,Virginia,Women's Street Footwear,In-store,51.81,45.0,2331.45
100911,2024-11-08,Kohl's,Midwest,Wisconsin,Kids' Apparel,Online,26.95,26.0,700.7
106468,31/12/2023,J.D. Sports,Northeast,New Jersey,Women's Apparel,In-store,29.83,,536.94
109410,2022-07-20,WEST GEAR,Northeast,New York,Women's Apparel,Outlet,66.11,32.0,2115.52
104699,15 Apr 2024,West Gear,South,Louisiana,Outdoor Footwear,In-store,72.27,1.0,7227.0
105593,2022-06-26,  West Gear ,South,Louisiana,Men's Street Footwear,Outlet,44.33,45.0,1994.85
102162,08/07/2022,Sports Direct,South,,Women's Street Footwear,In-store,30.89,1.0,30.89
102808,03 Jan 2023,Walmart,West,Washington,Men's Street Footwear,Online,78.7,37.0,2911.9
102069,20-07-2022,Foot Locker,West,Oregon,Accessories,in-store,59.33,4.0,237.32
105104,04 Jan 2023,Walmart,Northeast,New York,Women's Street Footwear,Outlet,47.76,53.0,2531.28
102731,08/20/2023,J.D. SPORTS,Midwest,,Men's Street Footwear, In-store,91.58,31.0,2838.98
109640,24/01/2022,SPORTS DIRECT,Southeast,Georgia,Accessories,In-store,21.99,20.0,439.8
105463,26 Feb 2024,Kohl's,South,Oklahoma,Men's Athletic Footwear,Outlet,81.44,19.0,
103376,10 Sep 2022,Sports Direct,Northeast,New Jersey,Women's Athletic Footwear,,38.83,32.0,1242.56
100641,07/10/2023,Kohl's,South,Texas,Womens Street Footwear,OUTLET,78.94,58.0,4578.52
104886,11-02-2024,Amazon,South,Oklahoma,Women's Apparel,,96.59,33.0,3187.47
100907,2023-09-13,Walmart,Southeast,Virginia,Outdoor Footwear,Outlet,86.49,23.0,1989.27
107791,11 Dec 2024,J.D. Sports,Midwest,Illinois,Men's Apparel,Online,30.43,28.0,852.04
103890,28 Nov 2022,J.D. Sports,Southeast,Georgia,Men's Street Footwear,IN-STORE,,46.0,
108273,04/06/2024,  Sports Direct ,West,California,Accessories,Online,31.26,31.0,969.06
103642,15/11/2022,Foot Locker,West,Washington,Women's Street Footwear,In-store,63.14,60.0,3788.4
101692,10 Oct 2023,sports direct,West,Oregon,Women's Street Footwear,Outlet,36.0,63.0,3402.0
109340,14 May 2023,  Adidas Online Store ,South,Tennessee,Accessories,Outlet,51.12,1.0,51.12
106098,15 Aug 2024,Amazon,South,Texas,Men's Apparel,Outlet,24.71,18.0,444.78
104444,17-08-2023,Amazon,South,Tennessee,Women's Apparel, In-store,86.95,36.0,3130.2
107464,06/24/2022,Walmart,Midwest,Michigan,Men's Athletic Footwear,Online,62.77,33.0,2071.41
104076,11/07/2024,AMAZON,Midwest,Ohio,Women's Athletic Footwear,Outlet,50.41,44.0,2218.04
107938,16 Nov 2023,J.D. Sports,Midwest,Michigan,Women's Apparel,IN-STORE,75.82,55.0,
100456,23/12/2023,J.D. Sports,West,California,Women's Athletic Footwear,Outlet,85.38,56.0,4781.28
102155,01 Jun 2024,Foot Locker,Midwest,Wisconsin,Kids' Footwear,Outlet,40.96,38.0,1556.48
108045,03/14/2024,West Gear,Southeast,Florida,Men's Apparel, Online,0.0,18.0,1104.12
106377,2022-04-13,Walmart,West,California,Accessories,Outlet,46.25,49.0,2266.25
108242,19/05/2023,Adidas Online Store,Midwest,Michigan,Kids' Apparel,ONLINE,81.3,13.0,1056.9
109594,29 Mar 2022,Foot Locker,Midwest,Ohio,Kids' Apparel,Online,60.31,1.0,60.31
104350,2022-12-24,Sports Direct,Midwest,Ohio,Men's Apparel,Outlet,75.47,50.0,3773.5
107934,2022-06-29,Amazon,South,,Women's Street Footwear,Outlet,,65.0,3944.85
109452,16-12-2024,Foot Locker,South,Louisiana,Men's Street Footwear,Online,62.05,1.0,62.05
109195,22 Jul 2023,WEST GEAR,Midwest,Illinois,Women's Apparel,Outlet,68.71,20.0,1374.2
103719,2022-05-22,Adidas Online Store,South,Tennessee,Women's Athletic Footwear,Online,68.84,1.0,68.84
102547,06 Aug 2024,West Gear,Midwest,Michigan,Men's Apparel,in-store,103.18,4.0,412.72
109180,2022-06-30,J.D. Sports,South,Louisiana,Women's Athletic Footwear,Online,49.45,44.0,2175.8
100578,29 Dec 2022,West Gear,SOUTHEAST,Georgia,Men's Apparel, Online,82.91,1.0,82.91
102603,2022-01-10,Adidas Online Store,Southeast,Virginia,Women's Street Footwear,IN-STORE,37.8,26.0,982.8
102342,2024-05-05,Amazon,Midwest,Ohio,Men's Street Footwear,Online,,43.0,2313.4
104785,16 Oct 2024,Foot Locker,Midwest,Ohio,Men's Athletic Footwear, In-store,43.41,27.0,1172.07
104477,12 Feb 2022,Adidas Online Store,West,California,Kids' Footwear,Outlet,65.72,35.0,2300.2
105643,24/03/2024,AMAZON,South,Texas,Men's Apparel,OUTLET,39.01,9.0,351.09
107145,24/10/2023,  Foot Locker ,Southeast,Virginia,Kids' Apparel,Outlet,35.24,33.0,1162.92
108079,03/31/2022,Amazon,Southeast,Virginia,Women's Apparel,Outlet,61.45,24.0,1474.8
106262,03/19/2023,Foot Locker,Midwest,Wisconsin,Men's Apparel,In-store,,21.0,1382.85
100512,2024-11-16,West Gear,Northeast,Massachusetts,Women's Athletic Footwear,Outlet,63.33,26.0,1646.58
104617,01 Jun 2024,West Gear,Northeast,New Jersey,Women's Street Footwear,In-store,65.05,44.0,2862.2
104244,03/22/2024,West Gear,Midwest,Illinois,Men's Street Footwear,Online,71.59,32.0,2290.88
107942,12-11-2024,Walmart,Northeast,New Jersey,Accessories,Online,62.53,57.0,3564.21
105085,10-11-2023,Sports Direct,West,Washington,Women's Street Footwear,In-store,31.46,30.0,943.8
105287,2023-11-19,Adidas Online Store,Southeast,Virginia,Women's Apparel,Online,60.85,61.0,3711.85
100853,08/05/2022,Amazon,Southeast,North Carolina,Women's Street Footwear,In-store,17.39,37.0,643.43
102359,2023-06-01,Walmart,Midwest,Wisconsin,Women's Athletic Footwear,Outlet,72.8,66.0,7207.200000000001
109499,09-11-2023,West Gear,Midwest,Ohio,Men's Apparel,Outlet,76.0,60.0,4560.0
100678,03/27/2022,West Gear,West,Washington,Women's Athletic Footwear,Online,71.65,55.0,3940.75
100782,18-07-2022,  Foot Locker ,Midwest,Ohio,Women's Street Footwear,Outlet,27.68,77.0,2131.36
104070,26-05-2022,Amazon,Midwest,Illinois,Women's Apparel,Outlet,33.51,49.0,1641.99
106287,03/25/2023,Foot Locker,Southeast,Georgia,Accessories,In-store,64.9,17.0,1103.3
104053,14-12-2023,  West Gear ,Southeast,Virginia,Kids' Footwear,Outlet,70.89,30.0,2126.7
108035,23 Apr 2024,Foot Locker,Southeast,Virginia,Kids' Apparel,In-store,69.9,21.0,1467.9
105655,29 Dec 2024,West Gear,Southeast,Virginia,Mens Apparel,In-store,67.36,45.0,3031.2
105799,2023-09-29,J.D. Sports,Northeast,Massachusetts,Kids' Apparel,Online,,27.0,1470.96
104118,06/04/2022,Adidas Online Store,Southeast,Virginia,Women's Street Footwear,Online,82.37,11.0,906.07
105069,06/11/2022,Kohl's,Midwest,Wisconsin,Men's Apparel,In-store,73.21,28.0,
100494,14 Dec 2023,Amazon,Southeast,Virginia,Men's Street Footwear,Outlet,83.1,66.0,5484.6
106433,11/18/2023,Kohl's,South,Texas,Accessories,Online,67.73,54.0,3657.42
100645,03 Sep 2023,  Walmart ,Southeast,North Carolina,Women's Street Footwear,In-store,73.66,1.0,73.66
102194,2024-03-29,Sports Direct,Southeast,Virginia,Women's Street Footwear, Online,34.79,34.0,1182.86
100106,07/12/2024,Sports Direct,West,,Men's Street Footwear,Outlet,32.26,28.0,903.28
103873,10/27/2024,J.D. Sports,Northeast,Massachusetts,Outdoor Footwear,Outlet,51.33,31.0,1591.23
106959,04/05/2024,Walmart,West,California,Men's Athletic Footwear,in-store,,52.0,2619.24
101736,07/11/2022,adidas online store,West,California,Women's Street Footwear,Outlet,50.99,28.0,1427.72
103657,26/03/2022,J.D. Sports,West,Arizona,Women's Street Footwear,Online,47.85,36.0,1722.6
108949,04 Dec 2022,West Gear,Midwest,Ohio,Kids' Footwear,Outlet,56.31,27.0,1520.37
108001,14-08-2023,Kohl's,Southeast,Florida,Women's Athletic Footwear,Online,59.51,50.0,2975.5
102098,28-05-2024,Kohl's,South,Tennessee,Men's Apparel,In-store,51.39,,
102245,2022-11-12,Foot Locker,MIDWEST,Michigan,Kids' Apparel,Online,9.06,35.0,317.1
102921,07-01-2023,J.D. Sports,South,Oklahoma,Kids' Footwear,Online,97.26,63.0,6127.38
108313,29-11-2024,Foot Locker,MIDWEST,Michigan,Kids' Footwear,In-store,88.47,,4865.85
103662,04 May 2022,Sports Direct,Southeast,North Carolina,Kids' Apparel,Online,,58.0,3153.46
102051,02-01-2023,J.D. Sports,South,Oklahoma,Women's Athletic Footwear,Outlet,63.93,49.0,3132.57
100284,2023-08-24,Foot Locker,South,Texas,Women's Athletic Footwear,In-store,72.89,48.0,3498.72
104847,15 Jun 2024,Kohl's,Midwest,Michigan,Women's Street Footwear,In-store,81.68,22.0,
101785,08/06/2023,Amazon,West,Arizona,Kids' Apparel,Outlet,62.56,5.0,312.8
101801,22 Jun 2022,Walmart,Midwest,Ohio,Women's Athletic Footwear, Online,66.54,45.0,2994.3
108078,05 Jan 2022,Sports Direct,Midwest,Wisconsin,Men's Apparel,Online,,8.0,470.24
104815,07/05/2024,Sports Direct,NORTHEAST,Massachusetts,Accessories,ONLINE,29.47,52.0,1532.44
108275,06 May 2022,Foot Locker,Midwest,Michigan,Men's Athletic Footwear,Outlet,74.31,30.0,2229.3
103623,01/22/2024,Kohl's,Southeast,North Carolina,Accessories,In-store,30.16,71.0,2141.36
103115,02/22/2022,Walmart,South,Louisiana,Men's Street Footwear,Online,70.97,24.0,1703.28
107566,10/04/2023,  Amazon ,SOUTHEAST,Georgia,Kids' Apparel,Outlet,,17.0,
108236,24/03/2023,Foot Locker,West,Oregon,Kids' Footwear,Outlet,36.33,48.0,1743.84
100233,09/06/2022,Kohl's,South,,Kids' Footwear,Online,69.5,56.0,3892.0
101508,03/09/2023,Walmart,Midwest,Michigan,Accessories,Outlet,41.8,19.0,794.2
106151,24/11/2024,Walmart,Midwest,Ohio,Outdoor Footwear,In-store,43.8,40.0,1752.0
105552,16/10/2024,West Gear,Midwest,Wisconsin,Outdoor Footwear,Outlet,84.22,3.0,252.66
106528,08 Nov 2023,Walmart,Southeast,Virginia,Women's Street Footwear,,74.77,22.0,1644.94
102327,25-08-2022,Foot Locker,South,Oklahoma,Men's Street Footwear,Outlet,47.28,28.0,1323.84
101633,10/14/2023,Adidas Online Store,West,Washington,Women's Athletic Footwear,In-store,15.98,37.0,591.26
101164,2022-03-01,Kohl's,Midwest,Michigan,Outdoor Footwear,Outlet,80.54,25.0,
103931,03/03/2022,West Gear,Midwest,Michigan,Men's Apparel,In-store,60.85,10.0,608.5
109549,04 Dec 2024,J.D. Sports,Northeast,New York,Kids' Apparel,Outlet,31.25,65.0,2031.25
106207,2024-09-21,Amazon,Southeast,Florida,Accessories,Online,65.32,35.0,2286.2
107033,2024-01-26,  West Gear ,Southeast,North Carolina,Kids' Apparel,Outlet,27.64,39.0,1077.96
107510,2022-03-14,West Gear,Southeast,Virginia,Men's Athletic Footwear,Online,55.33,38.0,2102.54
107596,04/07/2022,Sports Direct,Northeast,New Jersey,Outdoor Footwear,Outlet,8.0,65.0,520.0
108696,04/11/2022,Adidas Online Store,Midwest,Michigan,Men's Athletic Footwear,Online,80.48,32.0,2575.36
105547,02 Aug 2024,West Gear,Southeast,North Carolina,Kids' Footwear,In-store,26.86,7.0,188.02
101561,09/09/2024,Walmart,South,Oklahoma,Kids' Apparel, In-store,8.0,1.0,8.0
108837,02/07/2022,J.D. Sports,Midwest,Illinois,Men's Apparel,In-store,51.48,24.0,1235.52
108155,2024-04-18,WEST GEAR,West,Oregon,Men's Street Footwear,Outlet,57.15,28.0,1600.2
101120,11/07/2024,Walmart,Midwest,Ohio,Men's Athletic Footwear,Outlet,,41.0,2833.92
103487,24/06/2022,Adidas Online Store,Northeast,Massachusetts,Kids' Footwear,Online,38.37,26.0,997.62
100387,2023-06-29,foot locker,West,California,Men's Street Footwear,Online,52.91,35.0,1851.85
105619,13-10-2023,Walmart,Northeast,Pennsylvania,Outdoor Footwear,Outlet,41.97,76.0,3189.72
100076,19/05/2023,Kohl's,Northeast,New York,Accessories,Outlet,55.29,1.0,55.29
102737,2022-09-24,West Gear,Northeast,Pennsylvania,Women's Athletic Footwear,In-store,89.07,,534.42
102473,01-04-2024,J.D. SPORTS,South,Texas,Women's Apparel,In-store,55.81,48.0,2678.88
102940,08/12/2024,foot locker,Southeast,Virginia,Men's Apparel,Outlet,76.32,1.0,
101985,2023-11-19,J.D. SPORTS,Southeast,North Carolina,Accessories,In-store,46.49,66.0,3068.34
102020,2024-12-23,Foot Locker,West,Oregon,Men's Street Footwear, In-store,37.41,40.0,1496.4
100664,17/05/2022,Kohl's,Southeast,Georgia,Women's Apparel,Online,83.09,26.0,2160.34
107795,23 Aug 2023,Kohl's,West,Arizona,Outdoor Footwear,Online,55.84,37.0,2066.08
102874,02/25/2022,West Gear,South,Oklahoma,Men's Athletic Footwear,In-store,58.09,36.0,2091.24
102862,14-12-2023,Sports Direct,Southeast,Georgia,Women's Street Footwear,Online,52.21,39.0,2036.19
108442,06/08/2024,J.D. Sports,West,California,Kids' Apparel,Outlet,32.79,25.0,819.75
104696,04/29/2022,Walmart,Northeast,New York,Men's Apparel,in-store,57.04,34.0,1939.36
107483,05/19/2022,West Gear,Midwest,,Kids' Apparel,Outlet,49.14,21.0,1031.94
102871,01/15/2024,J.D. Sports,MIDWEST,Illinois,Kids' Footwear,Outlet,74.82,42.0,3142.44
103578,27-04-2022,J.D. Sports,Southeast,North Carolina,Women's Apparel,Online,37.75,56.0,3171.0
109424,29/11/2022,Kohl's,South,Texas,Outdoor Footwear,Outlet,54.42,61.0,3319.62
105175,23/04/2022,Adidas Online Store,West,Washington,Kids' Apparel,In-store,42.51,37.0,
103039,2023-04-07,ADIDAS ONLINE STORE,South,Oklahoma,Women's Street Footwear,Outlet,67.04,28.0,2815.68
107389,30/04/2023,Sports Direct,South,Louisiana,Women's Street Footwear,Online,78.5,61.0,4788.5
107533,2022-08-28,  J.D. Sports ,Southeast,Virginia,Men's Athletic Footwear,In-store,77.83,11.0,856.13
109055,09/08/2023,Sports Direct,West,Oregon,Men's Apparel,outlet,56.38,41.0,2311.58
105312,01/26/2023,Foot Locker,Northeast,New Jersey,Men's Athletic Footwear,Online,50.27,43.0,2161.61
105523,2022-05-27,Adidas Online Store,Southeast,Florida,Men's Apparel,ONLINE,54.67,29.0,1585.43
102160,20 Nov 2023,  Sports Direct ,MIDWEST,Wisconsin,Women's Apparel,In-store,47.44,55.0,2609.2
105121,2023-11-29,Walmart,Midwest,Ohio,Outdoor Footwear,In-store,40.32,46.0,2782.08
103292,2023-05-10,Foot Locker,South,Texas,Kids' Footwear,In-store,42.06,36.0,1514.16
100812,14 Nov 2022,Sports Direct,South,Louisiana,Women's Athletic Footwear,In-store,35.98,31.0,1115.38
107546,19/12/2022,Amazon,Southeast,Virginia,Men's Athletic Footwear,Online,50.09,37.0,1853.33
103579,25 Nov 2023,Adidas Online Store,West,California,Men's Athletic Footwear,In-store,51.68,9.0,465.12
107001,06/03/2022,Adidas Online Store,Southeast,Florida,Kids' Footwear, Outlet,75.02,55.0,4126.1
106264,15 Sep 2022,Sports Direct,West,California,Women's Athletic Footwear,In-store,64.77,25.0,1619.25
104540,29/09/2024,Adidas Online Store,Midwest,Ohio,Men's Athletic Footwear,Outlet,72.73,7.0,509.11
109349,2024-01-24,Foot Locker,Southeast,Florida,Accessories,In-store,60.91,67.0,4080.97
106519,05/08/2023,West Gear,SOUTHEAST,Virginia,Men's Athletic Footwear,Online,73.81,30.0,2214.3
109025,2023-03-12,Kohl's,NORTHEAST,Pennsylvania,Men's Apparel,Outlet,73.3,61.0,4471.3
106960,09-06-2023,Foot Locker,West,Arizona,Men's Athletic Footwear,In-store,55.53,38.0,2110.14
101774,21 Jul 2022,  West Gear ,Midwest,Michigan,Men's Apparel,In-store,62.65,46.0,2881.9
106029,2023-01-04,Adidas Online Store,Midwest,Ohio,Accessories,Outlet,53.37,44.0,2348.28
105677,24 Nov 2023,J.D. Sports,Southeast,Georgia,Women's Apparel,Online,58.03,29.0,1682.87
108144,13-09-2022,Kohl's,Northeast,Massachusetts,Accessories,online,64.42,60.0,3865.2
106784,20/11/2023,Walmart,South,Oklahoma,Accessories,In-store,54.09,48.0,2596.32
106020,2022-05-22,West Gear,Southeast,Florida,Women's Athletic Footwear,Outlet,50.53,30.0,
100583,02/29/2024,  Adidas Online Store ,Midwest,Wisconsin,Women's Street Footwear,OUTLET,58.14,38.0,2209.32
108677,2024-07-12,J.D. Sports,South,Louisiana,Kids' Footwear,In-store,54.82,76.0,4166.32
109650,06 Jan 2023,West Gear,Northeast,New Jersey,Men's Apparel,In-store,65.62,65.0,4265.3
107164,23/04/2024,Kohl's,Southeast,Georgia,Accessories,Outlet,101.29,41.0,
107705,2024-09-13,Kohl's,South,Oklahoma,Kids' Apparel, In-store,73.69,22.0,1621.18
109412,25-03-2023,J.D. Sports,Midwest,Illinois,Accessories,Online,39.52,82.0,3240.64
107784,03/09/2022,Walmart,NORTHEAST,,Women's Street Footwear,ONLINE,33.94,18.0,610.92
100750,21 Feb 2024,Walmart,South,Oklahoma,Men's Athletic Footwear, Online,96.52,30.0,2895.6
105742,14/04/2022,Foot Locker,Northeast,New York,Women's Apparel,online,,68.0,4620.6
104074,02/05/2023,J.D. Sports,WEST,California,Men's Athletic Footwear,Online,29.59,24.0,
107912,01-06-2022,J.D. Sports,Midwest,Ohio,Kids' Apparel,Online,62.26,72.0,4482.72
101743,14 May 2024,West Gear,West,Washington,Kids' Footwear, Outlet,94.69,54.0,5113.26
107567,07/08/2022,J.D. Sports,Midwest,Ohio,Kids' Footwear,In-store,,27.0,1240.65
103870,25-05-2023,WALMART,Northeast,New York,Men's Apparel,In-store,64.47,22.0,1418.34
106968,03/05/2023,west gear,Southeast,Florida,Outdoor Footwear,ONLINE,,49.0,2364.25
104514,07/14/2023,Adidas Online Store,Midwest,Illinois,Men's Street Footwear, Online,34.65,30.0,1039.5
106529,15 Jan 2023,Walmart,Northeast,Massachusetts,Accessories,OUTLET,40.53,41.0,1661.73
105451,05 Jan 2024,Walmart,South,Oklahoma,Women's Apparel,In-store,61.09,25.0,1527.25
102564,12/18/2023,sports direct,Midwest,Ohio,Men's Athletic Footwear,Online,45.49,25.0,1137.25
100346,01 Feb 2024,West Gear,Midwest,Wisconsin,Kids' Apparel,Outlet,,26.0,1095.64
104676,21-08-2022,Foot Locker,West,Arizona,Men's Athletic Footwear,In-store,48.29,42.0,2028.18
106947,2022-08-28,J.D. Sports,South,Oklahoma,Women's Athletic Footwear,Outlet,,51.0,3324.18
102338,30 Jul 2024,J.D. Sports,Southeast,North Carolina,Women's Athletic Footwear,Online,48.33,43.0,2078.19
108441,2023-04-27,Adidas Online Store,Southeast,Florida,Women's Athletic Footwear, Outlet,52.11,21.0,1641.465
102474,2024-09-20,Amazon,Southeast,Virginia,Men's Street Footwear,In-store,17.62,1.0,17.62
107072,24-06-2024,Foot Locker,South,Tennessee,Men's Street Footwear,In-store,61.78,64.0,3953.92
101674,16-12-2023,Adidas Online Store,South,Tennessee,Women's Street Footwear,Online,37.84,43.0,1627.12
103726,03/28/2024,Amazon,South,Oklahoma,Men's Apparel,Outlet,47.6,9.0,428.4
108132,11/06/2022,Kohl's,Southeast,Georgia,Men's Apparel,In-store,28.14,18.0,506.52
100280,30 Jul 2023,Sports Direct,Midwest,Wisconsin,Kids' Apparel,In-store,32.56,40.0,1302.4
104296,05 May 2024,Sports Direct,Southeast,North Carolina,Kids' Apparel,Outlet,28.89,47.0,1357.83
106575,01-09-2024,  Adidas Online Store ,NORTHEAST,Pennsylvania,Women's Street Footwear,Online,83.98,30.0,2519.4
102499,30/03/2024,West Gear,Southeast,Virginia,Kids' Apparel,In-store,85.22,43.0,3664.46
100359,01 May 2024,West Gear,Southeast,Georgia,Kids' Footwear,Outlet,45.52,8.0,
104838,28 Apr 2022,  Kohl's ,Midwest,Michigan,Kids' Apparel,In-store,40.88,32.0,1308.16
106282,24 Apr 2023,KOHL'S,Southeast,North Carolina,Kids' Footwear,Online,66.73,51.0,3403.23
100826,2023-04-22,Sports Direct,West,Oregon,Kids' Apparel, Outlet,40.36,64.0,2583.04
100783,04/03/2023,Amazon,Northeast,Pennsylvania,Men's Athletic Footwear,Online,57.21,28.0,1601.88
100530,2022-10-17,Walmart,West,California,Men's Apparel,In-store,,28.0,906.08
108485,2022-12-31,J.D. Sports,South,Louisiana,Women's Apparel,Outlet,47.6,23.0,1094.8
106181,05/18/2022,J.D. Sports,West,Washington,Women's Athletic Footwear,In-store,50.89,26.0,1323.14
106699,2024-07-31,Foot Locker,Southeast,North Carolina,Outdoor Footwear,OUTLET,80.93,38.0,3075.34
106125,06/25/2023,J.D. Sports,West,Arizona,Kids' Footwear,Outlet,45.42,57.0,2588.94
102631,03 Apr 2024,Foot Locker,SOUTHEAST,Florida,Accessories,Online,43.11,48.0,2069.28
107240,2023-02-20,Amazon,West,,Accessories,Online,97.79,3.0,293.37
103966,02/20/2023,West Gear,Midwest,Michigan,Accessories,Outlet,15.31,34.0,520.54
103101,04/25/2023,Walmart,Southeast,Virginia,Accessories,Outlet,77.15,35.0,2700.25
104830,11 Mar 2024,West Gear,South,Oklahoma,Accessories,Online,67.21,15.0,
100183,2024-01-17,West Gear,Southeast,Virginia,Men's Athletic Footwear, Outlet,41.9,19.0,796.1
105291,2022-01-23,Walmart,Southeast,Georgia,Kids' Apparel,Outlet,,46.0,
105176,11/07/2024,West Gear,SOUTH,Louisiana,Men's Athletic Footwear, Outlet,8.0,28.0,224.0
106026,10/04/2024,Foot Locker,Southeast,Georgia,Women's Street Footwear,Online,99.65,25.0,2491.25
100787,04 Apr 2023,Amazon,Southeast,Georgia,Kids' Footwear,in-store,48.05,40.0,1922.0
107181,08/28/2022,J.D. Sports,SOUTHEAST,North Carolina,Kids' Apparel, Outlet,61.08,11.0,671.88
103306,2023-05-16,  J.D. Sports ,Southeast,Georgia,Women's Street Footwear,Outlet,53.11,29.0,1540.19
105959,07/10/2023,Kohl's,West,  Oregon  ,Men's Athletic Footwear,Outlet,32.11,31.0,995.41
102149,05/05/2023,West Gear,Midwest,Ohio,Kids' Footwear,In-store,45.56,63.0,2870.28
100966,2023-10-13,Sports Direct,Midwest,Wisconsin,Women's Apparel,In-store,45.31,48.0,2174.88
103766,07/19/2024,Sports Direct,Midwest,Wisconsin,Kids' Apparel,Online,40.01,45.0,1800.45
103837,08 Jul 2022,West Gear,Southeast,Florida,Outdoor Footwear,Online,35.48,33.0,1170.84
101559,25/06/2024,Sports Direct,Southeast,Virginia,Men's Athletic Footwear,Online,27.74,54.0,1497.96
101844,2024-04-11,Adidas Online Store,South,Texas,Kids' Footwear,Online,75.85,17.0,1289.45
108287,03 Apr 2022,Sports Direct,Northeast,,Accessories,Outlet,50.12,58.0,2906.96
105445,20 Sep 2024,West Gear,Midwest,Illinois,Mens Street Footwear,in-store,59.09,36.0,
107432,03/17/2022,Adidas Online Store,WEST,Oregon,Kids' Apparel,Outlet,33.16,26.0,862.16
108456,29-03-2022,Amazon,Northeast,New York,Men's Street Footwear,In-store,84.12,39.0,3280.68
103350,01/03/2022,West Gear,Southeast,Virginia,Women's Street Footwear,Outlet,95.86,23.0,2204.78
102240,17 Jul 2023,Adidas Online Store,West,Arizona,Men's Apparel,In-store,42.74,16.0,683.84
105525,2024-02-03,FOOT LOCKER,Northeast,New Jersey,Women's Street Footwear,Online,59.74,29.0,1732.46
104124,2023-05-13,Sports Direct,Southeast,Virginia,Women's Apparel,In-store,72.62,29.0,2105.98
100242,09/02/2024,Walmart,NORTHEAST,Massachusetts,Outdoor Footwear,Online,50.4,54.0,2721.6
103400,08/27/2023,Sports Direct,Southeast,Georgia,Kids' Footwear,Outlet,30.36,23.0,698.28
104531,03/12/2024,Sports Direct,Midwest,Illinois,Men's Street Footwear,In-store,40.9,21.0,858.9
103241,2023-10-05,Amazon,Midwest,Ohio,Kids' Apparel,Online,69.63,62.0,4317.06
104134,2024-07-12,WEST GEAR,South,Oklahoma,Accessories,Outlet,41.02,24.0,984.48
100861,03 Aug 2022,Walmart,Midwest,Wisconsin,Outdoor Footwear, In-store,37.72,,414.92
100255,03/05/2023,sports direct,Midwest,Ohio,Women's Apparel,Outlet,81.27,38.0,3088.26
109588,25-06-2022,Sports Direct,Midwest,Ohio,Men's Athletic Footwear,Online,37.83,29.0,1097.07
107443,2023-05-17,  Walmart ,Southeast,Georgia,Women's Athletic Footwear,In-store,58.42,1.0,58.42
101294,10 Mar 2023,  West Gear ,West,Washington,Men's Apparel,In-store,40.93,28.0,1146.04
100174,26/01/2024,Walmart,Northeast,New York,Women's Athletic Footwear,In-store,63.42,50.0,3171.0
102781,2022-01-23,Kohl's,Southeast,Georgia,Men's Athletic Footwear,Outlet,79.29,71.0,5629.59
101613,2022-05-17,Amazon,Northeast,Massachusetts,Men's Apparel,Outlet,52.69,67.0,3530.23
105933,10 Jan 2024,Kohl's,South,Texas,Kids' Apparel,Online,55.94,60.0,3356.4
102677,05/26/2022,Amazon,Southeast,Virginia,Women's Street Footwear,In-store,44.66,55.0,2456.3
102837,2024-01-13,Foot Locker,MIDWEST,Ohio,Women's Apparel,Online,10.59,7.0,74.13
101786,08 Jun 2022,Kohl's,South,Texas,Kids' Apparel, Outlet,51.88,37.0,1919.56
105870,2022-09-20,Foot Locker,West,Washington,Women's Apparel,In-store,64.43,,2770.49
109543,2023-08-17,Kohl's,Northeast,New York,Men's Athletic Footwear,Online,61.83,63.0,3895.29
107656,28-06-2024,Adidas Online Store,West,Oregon,Kids' Footwear,Outlet,30.98,21.0,650.58
103904,20-12-2023,KOHL'S,West,California,Women's Street Footwear,Online,54.11,47.0,2543.17
100416,22-10-2024,West Gear,South,Oklahoma,Kids' Footwear,Outlet,40.42,37.0,1495.54
108272,2024-12-17,Sports Direct,Southeast,Virginia,Men's Street Footwear,OUTLET,50.67,20.0,1013.4
108384,12-11-2022,Sports Direct,Midwest,Ohio,Outdoor Footwear,Online,40.53,39.0,1580.67
105004,2024-10-25,FOOT LOCKER,Southeast,North Carolina,Kids' Footwear,In-store,73.72,48.0,3538.56
103860,17/06/2023,West Gear,Southeast,Virginia,Outdoor Footwear,Outlet,38.42,59.0,2266.78
102536,30/06/2023,Adidas Online Store,Southeast,  North Carolina  ,Women's Street Footwear,online,18.35,18.0,330.3
100848,2022-10-11,J.D. Sports,South,Texas,Outdoor Footwear,Outlet,82.2,54.0,4438.8
106631,10/04/2022,Walmart,West,Washington,Outdoor Footwear,In-store,79.49,25.0,1987.25
106977,11 Feb 2022,Foot Locker,Southeast,Georgia,Accessories,In-store,41.82,58.0,2425.56
106652,24 Jul 2022,Sports Direct,Northeast,New Jersey,Kids' Footwear,In-store,50.29,29.0,1458.41
103118,01-07-2023,Walmart,West,,Women's Athletic Footwear,In-store,74.4,1.0,74.4
101372,2024-08-04,J.D. Sports,Midwest,Illinois,Women's Street Footwear,ONLINE,47.41,22.0,1043.02
109729,03/28/2024,Walmart,West,Oregon,Outdoor Footwear,In-store,33.56,48.0,1610.88
103345,05 Jan 2022,Walmart,WEST,Arizona,Kids' Footwear,in-store,35.54,27.0,959.58
106450,07 Oct 2024,Foot Locker,Northeast,New Jersey,Accessories,In-store,82.27,54.0,4442.58
101908,03/03/2023,Amazon,West,Oregon,Kids' Footwear,In-store,48.35,20.0,967.0
108458,16-12-2022,West Gear,Midwest,Michigan,Men's Street Footwear,Outlet,31.47,49.0,1542.03
107971,10/05/2024,Walmart,South,Tennessee,Men's Apparel,In-store,60.57,21.0,1271.97
109290,28/11/2024,Amazon,Midwest,Illinois,Kids' Apparel,Outlet,69.74,42.0,2929.08
104287,07-11-2023,Adidas Online Store,West,Washington,Women's Athletic Footwear,outlet,71.23,33.0,2350.59
107333,03/16/2023,Walmart,Midwest,Ohio,Women's Athletic Footwear,In-store,103.73,5.0,518.65
108387,28-07-2023,West Gear,South,Louisiana,Womens Apparel,In-store,36.49,,2189.4
106099,02-08-2023,Sports Direct,South,Oklahoma,Outdoor Footwear,In-store,40.88,62.0,2534.56
106487,13 Oct 2022,  Amazon ,Midwest,Ohio,Kids' Footwear,In-store,45.11,35.0,1578.85
105349,2022-03-03,Adidas Online Store,South,Louisiana,Kids' Apparel,Online,72.42,12.0,869.04
101973,03-12-2023,Kohl's,Midwest,Ohio,Kids' Footwear,Outlet,63.68,10.0,636.8
101642,16-09-2022,Foot Locker,Midwest,Illinois,Men's Athletic Footwear,Online,69.19,51.0,3528.69
108818,2024-11-28,Kohl's,MIDWEST,Wisconsin,Men's Athletic Footwear,IN-STORE,40.9,40.0,1636.0
107896,2024-06-25,Adidas Online Store,Midwest,  Illinois  ,Men's Apparel,In-store,0.0,54.0,3628.26
106081,08 Apr 2024,Kohl's,Midwest,,Men's Athletic Footwear,Outlet,8.0,37.0,296.0
105467,13 Jan 2024,Adidas Online Store,Southeast,North Carolina,Women's Athletic Footwear,Outlet,53.07,16.0,849.12
100582,14/05/2024,Adidas Online Store,South,Louisiana,Men's Apparel,Outlet,49.92,21.0,1048.32
107194,18-07-2023,West Gear,Midwest,Ohio,Kids' Footwear,Online,32.05,29.0,929.45
100755,23-12-2023,West Gear,West,California,Accessories,online,81.83,22.0,1800.26
101272,22 Aug 2022,J.D. SPORTS,Midwest,Illinois,Men's Street Footwear,Outlet,67.38,42.0,2829.96
108835,09 Oct 2022,West Gear,MIDWEST,Ohio,Men's Apparel,,40.58,25.0,1014.5
108970,12/21/2022,Adidas Online Store,West,California,Kids' Footwear,Outlet,52.13,66.0,3440.58
108277,2022-09-21,Foot Locker,West,Oregon,Outdoor Footwear,Outlet,48.43,79.0,
103978,01 Jul 2023,AMAZON,Northeast,Pennsylvania,Outdoor Footwear,Online,50.17,,1806.12
108577,10-06-2023,J.D. Sports,Southeast,Virginia,Accessories,Online,94.72,33.0,3125.76
107608,08/27/2024,Kohl's,West,Washington,Outdoor Footwear,Online,95.08,56.0,5324.48
102427,14/07/2023,Kohl's,Northeast,Pennsylvania,Men's Athletic Footwear,Outlet,51.51,27.0,1390.77
103464,08-06-2024,Kohl's,Midwest,Ohio,Men's Street Footwear,Online,31.45,4.0,125.8
109283,2022-12-18,Adidas Online Store,SOUTH,Oklahoma,Accessories,Online,83.95,29.0,2434.55
108480,05/12/2024,Sports Direct,South,Tennessee,Outdoor Footwear,In-store,69.76,29.0,2023.04
109159,21 Sep 2023,Sports Direct,Northeast,Pennsylvania,Kids' Footwear,Outlet,51.52,13.0,669.76
108844,01 Mar 2022,Sports Direct,Midwest,Michigan,Kids' Apparel,outlet,55.4,55.0,3047.0
102900,14-09-2024,Kohl's,Southeast,North Carolina,Women's Street Footwear,IN-STORE,59.13,59.0,3488.67
100796,12/10/2024,West Gear,Southeast,Virginia,Men's Street Footwear,Outlet,32.06,55.0,1763.3
103137,17 Sep 2024,J.D. Sports,Northeast,New York,Men's Apparel,In-store,65.72,50.0,3286.0
100810,07 Mar 2022,Amazon,Midwest,Wisconsin,Women's Athletic Footwear,Outlet,104.18,55.0,5729.9
102331,2022-06-12,J.D. Sports,Southeast,Georgia,Accessories,In-store,68.31,54.0,3688.74
104809,05-08-2024,West Gear,SOUTHEAST,Georgia,Women's Apparel,Outlet,61.75,46.0,2840.5
109514,30-07-2024,Foot Locker,Northeast,Massachusetts,Women's Athletic Footwear,Online,59.44,27.0,1604.88
102553,10/15/2022,Foot Locker,Northeast,Pennsylvania,Accessories,Outlet,30.75,12.0,369.0
102429,13/01/2024,Kohl's,Northeast,New Jersey,Outdoor Footwear,In-store,37.77,14.0,528.78
100338,14 Feb 2024,  Walmart ,Midwest,Illinois,Women's Athletic Footwear,In-store,,1.0,51.97
101943,13 Oct 2022,J.D. Sports,South,Tennessee,Men's Street Footwear,In-store,68.2,43.0,2932.6
105863,2023-02-07,Kohl's,South,Texas,Women's Street Footwear,Outlet,50.04,33.0,1651.32
103382,14-05-2023,West Gear,WEST,,Women's Apparel,In-store,64.97,35.0,2273.95
101441,14-04-2022,West Gear,South,Louisiana,Men's Apparel,ONLINE,97.58,49.0,4781.42
108661,24 Mar 2024,Kohl's,South,Tennessee,Women's Apparel,Outlet,61.98,16.0,
101414,2023-10-16,J.D. Sports,West,California,Women's Apparel,Online,42.28,62.0,2621.36
106790,16-08-2022,Foot Locker,Midwest,Illinois,Kids' Footwear, Outlet,73.83,44.0,3248.52
102700,01/27/2024,West Gear,Midwest,Michigan,Kids' Footwear,In-store,45.92,45.0,2066.4
109192,07/02/2024,J.D. Sports,West,Washington,Outdoor Footwear,Outlet,57.52,10.0,575.2
101704,13 Sep 2022,Amazon,Southeast,Florida,Kids' Apparel,Outlet,84.48,40.0,3379.2
106044,11/23/2023,Foot Locker,South,Tennessee,Men's Athletic Footwear,Online,76.16,73.0,5559.68
106327,21 Jan 2023,Amazon,South,Tennessee,Accessories,Outlet,42.09,36.0,1515.24
107296,22/11/2024,Kohl's,South,Tennessee,Women's Apparel,In-store,81.73,40.0,3269.2
104894,06/06/2022,J.D. Sports,South,Texas,Outdoor Footwear,In-store,8.0,42.0,336.0
108840,04/25/2023,Foot Locker,Southeast,North Carolina,Kids' Apparel,Online,33.65,76.0,2557.4
108786,2023-05-30,Kohl's,Midwest,Illinois,Men's Street Footwear,Outlet,15.96,46.0,734.16
104697,10/21/2022,Foot Locker,Southeast,North Carolina,Women's Apparel,In-store,40.79,30.0,1223.7
109736,2022-03-27,J.D. Sports,South,Louisiana,Men's Athletic Footwear,Online,78.27,56.0,4383.12
102549,2022-11-06,Amazon,South,Oklahoma,Women's Apparel,Online,61.72,52.0,3209.44
103246,03/08/2024,Sports Direct,Midwest,Illinois,Outdoor Footwear,Outlet,56.16,27.0,1516.32
102036,08/31/2024,Adidas Online Store,West,Oregon,Accessories,In-store,58.96,18.0,1061.28
107882,04/30/2024,Walmart,WEST,Arizona,Women's Athletic Footwear,In-store,30.92,34.0,1051.28
102487,07/10/2023,Amazon,South,Tennessee,Women's Apparel,Outlet,38.59,1.0,38.59
105937,31/01/2022,Sports Direct,West,California,Women's Athletic Footwear,In-store,49.03,73.0,3579.19
103254,28-01-2023,Sports Direct,Southeast,North Carolina,Women's Street Footwear,In-store,58.91,11.0,648.01
107422,07-11-2024,Kohl's,West,Oregon,Men's Street Footwear,Outlet,51.02,33.0,1683.66
108255,07/20/2023,Sports Direct,SOUTH,Oklahoma,Accessories,Online,42.8,57.0,
105582,2023-04-27,J.D. Sports,Northeast,New York,Men's Athletic Footwear,in-store,52.04,44.0,2289.76
104778,13-05-2022,WEST GEAR,West,California,Kids' Apparel,Outlet,29.18,76.0,2217.68
104655,01-01-2022,Amazon,Northeast,,Outdoor Footwear,Outlet,51.67,6.0,310.02
108713,03-12-2023,adidas online store,West,California,Men's Street Footwear,Online,17.92,68.0,1218.56
104724,18-08-2023,Foot Locker,Midwest,Wisconsin,Women's Apparel,Outlet,56.95,31.0,1765.45
100627,04/01/2023,Kohl's,West,Arizona,Women's Athletic Footwear,In-store,54.09,45.0,2434.05
100963,22/07/2022,Amazon,West,Arizona,Outdoor Footwear,Outlet,46.7,22.0,1027.4
105128,15 Jan 2022,Adidas Online Store,West,,Women's Athletic Footwear,Online,61.24,52.0,3184.48
101030,20/04/2023,Kohl's,SOUTHEAST,Florida,Women's Athletic Footwear,In-store,37.76,1.0,37.76
105726,04-02-2023,Adidas Online Store,Northeast,New Jersey,Women's Athletic Footwear,In-store,26.32,17.0,447.44
104750,03/07/2023,Kohl's,Northeast,Pennsylvania,Women's Athletic Footwear,ONLINE,51.83,21.0,1088.43
104369,05/10/2024,Sports Direct,Northeast,New York,Kids' Footwear,OUTLET,66.23,32.0,2119.36
102368,03/17/2024,walmart,Southeast,Georgia,Accessories,Outlet,82.61,31.0,2560.91
101644,08/13/2024,Sports Direct,Northeast,New Jersey,Men's Street Footwear,Online,84.47,29.0,2449.63
105150,12 May 2022,Foot Locker,West,Arizona,Women's Apparel,online,73.87,,4136.72
103348,10/07/2024,Foot Locker,South,Oklahoma,Outdoor Footwear,Online,,6.0,366.72
107580,09-09-2022,Sports Direct,Northeast,New York,Women's Athletic Footwear,Online,62.34,74.0,4613.16
105274,05/08/2023,J.D. Sports,West,Oregon,Outdoor Footwear,In-store,56.01,20.0,1120.2
107171,03/05/2023,Sports Direct,Midwest,Wisconsin,Women's Street Footwear,In-store,55.24,55.0,3038.2
107104,06/24/2022,Amazon,Northeast,Pennsylvania,Kids' Apparel,In-store,78.58,30.0,2357.4
102391,2023-12-15,Sports Direct,Northeast,Pennsylvania,Outdoor Footwear,Outlet,21.24,13.0,276.12
101865,02-08-2022,Foot Locker,West,California,Women's Street Footwear,In-store,53.76,23.0,1236.48
102716,08/21/2022,Sports Direct,South,Tennessee,Women's Apparel,Outlet,47.73,55.0,2625.15
104393,2024-03-12,Amazon,Southeast,Florida,Women's Athletic Footwear,online,53.5,31.0,1658.5
108187,20/12/2024,J.D. Sports,Northeast,New York,Accessories,In-store,36.53,14.0,511.42
109296,20-01-2023,adidas online store,Southeast,Georgia,Women's Athletic Footwear,Online,69.22,53.0,5502.99
107898,12-10-2023,Walmart,Northeast,Massachusetts,Men's Apparel,In-store,53.12,22.0,1168.64
102458,06/04/2024,Walmart,NORTHEAST,Pennsylvania,Kids' Footwear,Online,57.76,57.0,3292.32
108648,20/04/2024,Kohl's,NORTHEAST,New Jersey,Men's Athletic Footwear, Online,73.38,14.0,1027.32
109346,11/05/2022,FOOT LOCKER,South,Tennessee,Outdoor Footwear,Outlet,16.29,44.0,716.76
108028,04/04/2022,  J.D. Sports ,Southeast,Virginia,Men's Apparel,In-store,42.06,14.0,588.84
102392,19-11-2024,Walmart,NORTHEAST,Massachusetts,Accessories,Outlet,53.15,31.0,1647.65
104057,04/26/2023,Foot Locker,South,Oklahoma,Women's Street Footwear,In-store,69.16,38.0,2628.08
104994,25 May 2023,Kohl's,Southeast,Florida,Men's Street Footwear,IN-STORE,60.44,61.0,3686.84
106503,22 Aug 2022,West Gear,West,Arizona,Men's Street Footwear,Online,31.87,9.0,286.83
104177,04/25/2024,Walmart,NORTHEAST,New Jersey,Women's Apparel,Outlet,47.19,24.0,1132.56
108727,10/09/2023,J.D. Sports,Northeast,New Jersey,Women's Street Footwear,In-store,61.52,18.0,1107.36
101427,2023-12-22,Walmart,Northeast,New York,Mens Apparel,In-store,49.5,35.0,1732.5
109619,12 Mar 2023,West Gear,West,California,Women's Athletic Footwear,online,68.24,53.0,3616.72
103203,29/07/2023,Amazon,SOUTHEAST,Virginia,Women's Street Footwear,In-store,31.82,30.0,954.6
102278,2023-03-31,Amazon,South,Tennessee,Kids' Apparel,OUTLET,32.5,61.0,1982.5
101492,2022-05-02,West Gear,MIDWEST,Wisconsin,Men's Apparel,Outlet,80.45,17.0,1367.65
102088,04-03-2024,Adidas Online Store,South,Louisiana,Men's Street Footwear,Online,66.44,48.0,3189.12
101363,13 Jan 2023,Walmart,West,Washington,Kids' Footwear,Outlet,17.64,12.0,211.68
103909,21-09-2023,FOOT LOCKER,Northeast,New Jersey,Men's Street Footwear,Online,38.73,25.0,968.25
105973,07 Feb 2022,Walmart,WEST,Oregon,Outdoor Footwear,Outlet,68.23,6.0,409.38
107774,03/14/2022,  Amazon ,South,Texas,Women's Street Footwear,Outlet,32.23,33.0,1063.59
109161,01-07-2022,FOOT LOCKER,South,Tennessee,Outdoor Footwear,Outlet,90.09,1.0,90.09
106263,2023-07-03,Sports Direct,Southeast,Florida,Men's Athletic Footwear,Online,62.58,18.0,1689.66
107551,13/09/2023,Kohl's,Northeast,New Jersey,Women's Street Footwear,Outlet,57.55,45.0,2589.75
105569,31 Jul 2022,Amazon,West,California,Kids' Footwear,Outlet,72.9,35.0,2551.5
107937,11/22/2023,  Adidas Online Store ,WEST,Washington,Accessories,Outlet,53.25,46.0,2449.5
109638,03/09/2024,ADIDAS ONLINE STORE,Northeast,New Jersey,Women's Athletic Footwear,Outlet,68.51,37.0,2534.87
103829,02/08/2022,Kohl's,Midwest,Illinois,Accessories,In-store,65.88,36.0,2371.68
107442,26-11-2023,  Walmart ,Midwest,Michigan,Men's Athletic Footwear,Outlet,67.45,32.0,2158.4
104423,16-05-2022,J.D. Sports,West,,Men's Apparel,Outlet,55.63,60.0,3337.8
103110,12/25/2023,Foot Locker,Midwest,Ohio,Women's Apparel,Online,49.14,27.0,1326.78
106736,31 May 2022,J.D. Sports,Midwest,Michigan,Kids' Footwear,Outlet,76.32,19.0,1450.08
104924,07/20/2024,J.D. Sports,Midwest,Illinois,Kids' Footwear,Outlet,46.53,50.0,2326.5
101941,11 Jul 2024,Kohl's,West,Oregon,Men's Street Footwear,In-store,62.8,40.0,2512.0
103034,23-12-2022,Walmart,Midwest,Wisconsin,Men's Street Footwear,In-store,57.45,26.0,1493.7
108036,2022-11-21,  Walmart ,West,Washington,Women's Apparel,Online,56.56,52.0,2941.12
108163,03/23/2022,Walmart,Northeast,New York,Kids' Footwear,Online,55.19,22.0,1214.18
101087,01/31/2024,Amazon,Midwest,Illinois,Kids' Apparel,In-store,49.57,1.0,49.57
101581,27 Mar 2023,Kohl's,Southeast,Georgia,Women's Apparel,In-store,51.53,18.0,927.54
101914,2023-06-30,West Gear,South,Tennessee,Outdoor Footwear,Outlet,46.61,41.0,1911.01
104566,09/08/2024,J.D. Sports,South,Oklahoma,Kids' Footwear, Outlet,63.07,38.0,2396.66
104222,27 Sep 2023,West Gear,Northeast,New York,Women's Athletic Footwear,In-store,33.06,39.0,
100950,2023-10-13,Amazon,South,Tennessee,Kids' Apparel,Online,35.6,43.0,1530.8
101657,2022-10-25,Walmart,Northeast,New York,Accessories, In-store,48.9,39.0,1907.1
108556,10-07-2024,West Gear,South,  Texas  ,Kids' Apparel,ONLINE,58.5,41.0,2398.5
109520,2022-05-20,J.D. Sports,Northeast,New Jersey,Women's Street Footwear,In-store,48.9,65.0,3178.5
105684,18/03/2022,Sports Direct,SOUTH,Tennessee,Kids' Footwear,,63.27,,2340.99
107862,18-08-2023,J.D. Sports,Northeast,New York,Women's Athletic Footwear,Outlet,52.23,34.0,1775.82
102747,02/04/2023,West Gear,Southeast,Florida,Kids' Apparel,In-store,50.14,29.0,1454.06
104077,19/06/2023,Amazon,South,Oklahoma,Women's Apparel,In-store,59.82,1.0,59.82
101309,28/08/2023,Adidas Online Store,South,Oklahoma,Women's Street Footwear,Online,46.45,36.0,1672.2
107895,2024-04-07,Amazon,Northeast,Massachusetts,Women's Street Footwear,in-store,46.91,1.0,46.91
103523,27-03-2024,Walmart,Southeast,Florida,Accessories,In-store,26.64,11.0,293.04
101631,26-04-2022,Walmart,Midwest,Ohio,Women's Street Footwear, In-store,58.34,1.0,58.34
107525,11/24/2023,  Kohl's ,South,Texas,Accessories,Outlet,61.0,44.0,2684.0
104264,08/27/2024,Kohl's,West,California,Women's Street Footwear,Online,47.28,53.0,2505.84
106260,13-03-2022,Sports Direct,Southeast,Virginia,Men's Athletic Footwear,Online,80.17,54.0,4329.18
105946,2024-03-12,Amazon,Northeast,New Jersey,Men's Apparel,In-store,25.45,,1374.3
102434,26/03/2023,Sports Direct,South,Louisiana,Men's Apparel,In-store,62.81,36.0,2261.16
107901,11/12/2023,Adidas Online Store,West,Arizona,Men's Apparel,Online,74.38,2.0,148.76
102857,21-05-2024,Adidas Online Store,Southeast,Georgia,Men's Apparel,In-store,45.17,66.0,
103818,03 May 2024,Sports Direct,West,Washington,Kids' Footwear,Outlet,56.09,70.0,3926.3
100143,02/18/2022,Adidas Online Store,South,Oklahoma,Men's Street Footwear,In-store,70.21,33.0,
101379,19/11/2022,Sports Direct,South,Tennessee,Outdoor Footwear,In-store,58.24,37.0,2154.88
106648,08/04/2022,Amazon,West,Arizona,Women's Apparel,Online,19.11,18.0,
103636,12 May 2023,Foot Locker,Northeast,Pennsylvania,Men's Athletic Footwear,in-store,56.86,7.0,398.02
101138,08/05/2023,Kohl's,Northeast,New York,Kids' Footwear,Outlet,65.08,2.0,130.16
106815,2024-09-15,Foot Locker,South,Texas,Men's Apparel,online,76.9,21.0,1614.9
107117,02-12-2022,Foot Locker,SOUTHEAST,Florida,Men's Street Footwear,ONLINE,41.16,27.0,1111.32
100842,29/11/2022,Foot Locker,Midwest,Michigan,Men's Athletic Footwear,Outlet,42.84,37.0,1585.08
107726,2023-04-01,Walmart,Southeast,Florida,Accessories,In-store,82.82,58.0,4803.56
106253,05-07-2022,SPORTS DIRECT,Southeast,Florida,Outdoor Footwear,Outlet,41.87,48.0,2009.76
100855,02 Jul 2022,Foot Locker,South,Louisiana,Outdoor Footwear,Outlet,59.52,9.0,535.68
100998,29-01-2023,West Gear,Northeast,New Jersey,Men's Athletic Footwear,In-store,51.14,62.0,3170.68
100316,05-05-2022,Foot Locker,West,Oregon,Men's Street Footwear,In-store,50.25,33.0,1658.25
104396,02/22/2022,SPORTS DIRECT,South,Oklahoma,Women's Street Footwear,Outlet,64.03,46.0,2945.38
104388,24-09-2023,Sports Direct,NORTHEAST,New York,Kids' Footwear,Outlet,37.9,41.0,1553.9
100558,12-05-2023,Foot Locker,Southeast,Georgia,Women's Apparel,Online,57.21,13.0,743.73
107749,03/07/2023,Walmart,Midwest,Ohio,Men's Athletic Footwear,Outlet,60.71,48.0,2914.08
101111,27 Aug 2024,Adidas Online Store,Midwest,Illinois,Women's Apparel,In-store,13.93,29.0,403.97
108316,08/21/2023,J.D. Sports,NORTHEAST,Massachusetts,Outdoor Footwear,Online,61.22,44.0,2693.68
102850,03/06/2022,Kohl's,West,Arizona,Outdoor Footwear,Online,78.79,,2757.65
107277,2022-08-25,Adidas Online Store,South,Tennessee,Accessories,Outlet,52.07,34.0,1770.38
108179,09 Nov 2024,Foot Locker,Southeast,Georgia,Accessories,Online,17.31,64.0,1107.84
101439,2023-06-30,Sports Direct,Southeast,Virginia,Women's Athletic Footwear,Outlet,44.3,44.0,1949.2
101871,03/26/2023,West Gear,West,Oregon,Women's Athletic Footwear,Outlet,29.36,39.0,1145.04
102523,11 Oct 2023,Sports Direct,South,Tennessee,Men's Apparel,Outlet,58.01,12.0,696.12
102277,2024-05-31,Amazon,West,Arizona,Kids' Footwear,In-store,49.86,33.0,1645.38
102852,05/01/2024,J.D. Sports,South,Louisiana,Outdoor Footwear,Online,44.02,27.0,1188.54
105858,11-09-2022,adidas online store,WEST,Washington,Accessories,In-store,24.66,24.0,591.84
101917,2024-02-20,Walmart,Midwest,Ohio,Kids' Footwear,Outlet,78.13,19.0,1484.47
107556,22 Feb 2023,  Walmart ,South,Louisiana,Outdoor Footwear,In-store,97.42,53.0,5163.26
102400,10/04/2023,Walmart,West,California,Accessories,ONLINE,69.77,31.0,2162.87
108888,09/04/2023,Kohl's,West,Arizona,Women's Athletic Footwear,In-store,61.6,61.0,3757.6
102149,05/05/2023,West Gear,Midwest,Ohio,Kids' Footwear,In-store,45.56,63.0,2870.28
108745,06/01/2024,SPORTS DIRECT,West,Oregon,Men's Street Footwear,In-store,69.34,34.0,2357.56
105898,13-11-2023,Foot Locker,West,Arizona,Kids' Footwear,In-store,53.48,49.0,2620.52
106559,2022-06-30,SPORTS DIRECT,Northeast,New Jersey,Men's Apparel,In-store,56.52,45.0,
106056,08/20/2024,SPORTS DIRECT,West,California,Men's Street Footwear,,59.45,22.0,1307.9
108263,2024-03-21,J.D. Sports,South,Louisiana,Men's Athletic Footwear,Outlet,56.48,17.0,960.16
100904,04/30/2024,J.D. Sports,West,California,Men's Athletic Footwear,In-store,56.6,28.0,2377.2
102231,11 Aug 2024,Kohl's,Southeast,Georgia,Men's Street Footwear,Online,73.0,13.0,949.0
103668,2022-05-25,Adidas Online Store,Midwest,Wisconsin,Women's Apparel,in-store,55.23,29.0,1601.67
102633,04/09/2023,Adidas Online Store,West,,Men's Apparel,Online,,1.0,59.08
102623,20-11-2024,West Gear,Midwest,Wisconsin,Women's Athletic Footwear,IN-STORE,25.11,38.0,954.18
101896,04 Feb 2022,Adidas Online Store,South,Tennessee,Women's Apparel,In-store,67.65,45.0,3044.25
104983,13-01-2022,Walmart,West,California,Men's Athletic Footwear,Online,28.79,17.0,489.43
104462,2023-01-19,West Gear,Midwest,Illinois,Womens Street Footwear,In-store,34.0,35.0,1190.0
105965,10/06/2024,Foot Locker,West,California,Women's Street Footwear,Outlet,71.87,9.0,646.83
109630,26/04/2024,Foot Locker,Southeast,Georgia,Outdoor Footwear,Outlet,66.47,64.0,4254.08
100468,27 May 2023,Kohl's,Southeast,Georgia,Accessories,Outlet,89.49,,4921.95
107827,09/11/2024,Adidas Online Store,Southeast,Virginia,Women's Street Footwear,Online,53.44,50.0,2672.0
109099,29 May 2024,Sports Direct,Southeast,Georgia,Kids' Apparel,Outlet,26.98,41.0,1106.18
107082,07 Jun 2024,Sports Direct,Northeast,,Kids' Footwear,Outlet,74.33,33.0,2452.89
105116,06/03/2024,Sports Direct,Midwest,Ohio,Men's Apparel,In-store,61.9,49.0,3033.1
101088,2022-08-23,West Gear,Southeast,Virginia,Women's Athletic Footwear,In-store,49.44,46.0,2274.24
102516,21-10-2024,Adidas Online Store,Southeast,North Carolina,Accessories,Online,62.22,45.0,2799.9
107865,26 Jul 2022,Amazon,West,Arizona,Women's Apparel,Online,91.09,4.0,364.36
109137,2023-08-30,Amazon,Southeast,North Carolina,Women's Apparel,Online,63.09,20.0,1261.8
103413,2023-12-08,Adidas Online Store,Midwest,Wisconsin,Men's Apparel,Online,42.59,37.0,
100465,28/11/2023,Walmart,South,Texas,Kids' Footwear,Outlet,63.42,38.0,2409.96
101311,05 Oct 2022,Sports Direct,West,Washington,Men's Apparel,Outlet,44.43,22.0,977.46
103693,09 Nov 2024,Foot Locker,Midwest,,Men's Apparel,Online,78.29,33.0,2583.57
108256,11/09/2024,Walmart,Midwest,Illinois,Men's Apparel,outlet,65.4,14.0,915.6
103120,25-06-2023,J.D. Sports,Northeast,Massachusetts,Kids' Footwear,Online,40.06,11.0,440.66
102634,2022-05-15,Adidas Online Store,Midwest,Michigan,Kids' Footwear,In-store,63.99,63.0,4031.37
109196,29 Nov 2023,Walmart,Northeast,Pennsylvania,Women's Athletic Footwear,OUTLET,57.03,26.0,1482.78
104137,2023-02-16,Adidas Online Store,South,Tennessee,Women's Street Footwear,,62.13,13.0,807.69
109297,11/01/2023,Amazon,Northeast,New Jersey,Men's Athletic Footwear,In-store,46.7,50.0,2335.0
106220,05/13/2022,Adidas Online Store,South,Oklahoma,Accessories,Outlet,35.43,45.0,1594.35
107279,03 Apr 2023,Amazon,South,Texas,Accessories,Online,52.28,22.0,1150.16
108241,15/06/2022,Amazon,South,Tennessee,Men's Apparel, Outlet,84.11,41.0,3448.51
102735,30-03-2024,Walmart,West,California,Outdoor Footwear,Outlet,80.74,26.0,2099.24
109271,22/06/2024,Walmart,West,Arizona,Women's Athletic Footwear,outlet,68.2,40.0,2728.0
109072,01 Jan 2022,Sports Direct,South,Tennessee,Men's Athletic Footwear,In-store,26.37,49.0,1292.13
106744,06 Dec 2023,Walmart,South,Oklahoma,Men's Athletic Footwear,In-store,66.05,17.0,1122.85
101300,07/26/2022,  Walmart ,Northeast,Pennsylvania,Accessories,Outlet,60.39,20.0,1207.8
109129,24-02-2024,Amazon,Midwest,Michigan,Men's Apparel,In-store,37.98,27.0,1025.46
101446,11/02/2024,West Gear,Southeast,North Carolina,Women's Street Footwear,In-store,70.0,36.0,2520.0
108300,14-08-2024,Kohl's,West,Oregon,Outdoor Footwear,In-store,47.98,27.0,1295.46
105061,31/07/2024,Kohl's,West,Oregon,Accessories,Outlet,,74.0,4960.22
100722,15/07/2023,Walmart,Midwest,Wisconsin,Men's Athletic Footwear, Online,63.57,50.0,3178.5
105713,05-11-2022,Adidas Online Store,WEST,Arizona,Outdoor Footwear, In-store,26.41,35.0,924.35
101835,22/11/2022,J.D. Sports,Midwest,Wisconsin,Kids' Footwear,In-store,51.58,48.0,2475.84
100600,06/16/2023,Kohl's,Midwest,Illinois,Men's Street Footwear,Online,93.46,37.0,3458.02
104771,02/13/2022,Sports Direct,SOUTH,Louisiana,Women's Street Footwear,In-store,61.67,50.0,3083.5
102025,13-02-2023,Amazon,Southeast,Florida,Kids' Footwear,Online,81.95,34.0,2786.3
108611,06/22/2024,adidas online store,West,California,Outdoor Footwear,Outlet,53.34,23.0,1226.82
105982,03/18/2022,J.D. Sports,South,Oklahoma,Men's Apparel,Online,57.04,30.0,1711.2
108224,2022-01-22,Walmart,West,Washington,Women's Apparel,In-store,81.11,17.0,
101313,29 Aug 2022,j.d. sports,South,Louisiana,Men's Athletic Footwear,Online,50.11,38.0,1904.18
103883,2022-02-09,ADIDAS ONLINE STORE,NORTHEAST,New Jersey,Accessories,In-store,73.14,85.0,6216.9
107308,18/02/2024,Adidas Online Store,Southeast,Georgia,Women's Street Footwear,Online,46.41,11.0,510.51
100800,30 Aug 2024,West Gear,Midwest,Michigan,Men's Athletic Footwear,Online,62.8,41.0,2574.8
108832,13 Jan 2022,ADIDAS ONLINE STORE,Midwest,Michigan,Kids' Footwear, Outlet,37.61,11.0,413.71
101990,05/27/2022,Kohl's,Midwest,Michigan,Accessories,In-store,64.06,54.0,3459.24
107613,24/03/2023,West Gear,Midwest,Illinois,Women's Apparel,Online,94.94,54.0,5126.76
109735,07-12-2022,Kohl's,Southeast,North Carolina,Men's Apparel,In-store,51.45,49.0,2521.05
109501,2023-04-26,West Gear,Northeast,New York,Men's Athletic Footwear,,8.0,41.0,328.0
103095,09/10/2024,Walmart,Midwest,Illinois,Women's Athletic Footwear,OUTLET,49.87,24.0,1196.88
106654,12/09/2024,Amazon,West,Arizona,Kids' Footwear,in-store,73.03,58.0,4235.74
101526,2022-08-18,Adidas Online Store,South,Tennessee,Men's Athletic Footwear,Outlet,54.6,34.0,1856.4
106027,23 May 2022,Adidas Online Store,Northeast,Pennsylvania,Men's Athletic Footwear,Online,64.91,14.0,908.74
109087,24/07/2023,West Gear,Northeast,New Jersey,Outdoor Footwear,Outlet,62.85,23.0,1445.55
102727,07-04-2024,Adidas Online Store,Southeast,North Carolina,Women's Athletic Footwear,Online,44.61,38.0,1695.18
101362,03 Apr 2024,Walmart,Midwest,Wisconsin,Kids' Apparel,In-store,59.51,22.0,1309.22
106442,09/18/2022,Kohl's,Southeast,Florida,Women's Athletic Footwear,ONLINE,94.99,27.0,2564.73
106277,16 Apr 2024,Walmart,Midwest,Michigan,Men's Street Footwear,Outlet,32.81,26.0,853.06
101447,23 Jul 2024,Sports Direct,Southeast,Virginia,Men's Athletic Footwear,Outlet,54.24,52.0,2820.48
101945,05/05/2024,Adidas Online Store,MIDWEST,Michigan,Women's Street Footwear,In-store,80.55,52.0,4188.6
106075,2024-10-28,Walmart,Northeast,Pennsylvania,Women's Apparel,Online,44.39,46.0,2041.94
108984,24 Mar 2023,Walmart,West,California,Women's Apparel,In-store,43.35,1.0,43.35
104786,2024-09-19,Sports Direct,West,Washington,Kids' Footwear,In-store,43.23,60.0,2593.8
109608,2024-07-08,Amazon,Midwest,Ohio,Women's Athletic Footwear,Outlet,37.77,24.0,
104233,06/12/2023,J.D. Sports,Northeast,New Jersey,Men's Street Footwear,,78.34,51.0,3995.34
108867,02/20/2024,Amazon,SOUTHEAST,Florida,Men's Athletic Footwear,Outlet,44.38,7.0,310.66
109218,24 Oct 2023,j.d. sports,West,California,Women's Apparel,In-store,65.07,52.0,3383.64
104336,28/01/2022,amazon,South,Oklahoma,Women's Athletic Footwear,Online,89.01,53.0,4717.53
100203,03/03/2023,Amazon,West,Washington,Accessories,Outlet,57.78,,115.56
103767,2022-03-16,J.D. Sports,Northeast,New York,Men's Athletic Footwear,Outlet,60.99,15.0,914.85
105995,11/06/2022,West Gear,Southeast,Virginia,Women's Athletic Footwear,Outlet,41.09,15.0,924.5250000000001
108758,07/17/2022,Adidas Online Store,Northeast,New York,Kids' Footwear,Online,25.56,49.0,1252.44
101407,01-09-2023,  West Gear ,South,,Men's Street Footwear,In-store,17.43,49.0,854.07
103608,02 Oct 2023,West Gear,Midwest,Wisconsin,Men's Apparel,Outlet,87.21,23.0,2005.83
106288,08-04-2022,Kohl's,Midwest,Illinois,Women's Athletic Footwear,Online,65.79,33.0,2171.07
103806,03/01/2022,Sports Direct,Southeast,North Carolina,Women's Street Footwear,In-store,26.46,42.0,1111.32
102942,30-11-2022,Adidas Online Store,West,Washington,Women's Athletic Footwear,Outlet,76.67,51.0,3910.17
108620,2022-01-22,Foot Locker,Southeast,Florida,Women's Apparel,In-store,44.91,3.0,134.73
103141,07/06/2022,Adidas Online Store,SOUTH,Tennessee,Men's Apparel,In-store,64.34,1.0,64.34
101172,2022-05-26,West Gear,Northeast,Pennsylvania,Women's Apparel,outlet,67.52,28.0,1890.56
105734,02/01/2022,West Gear,South,Tennessee,Women's Street Footwear,In-store,28.35,3.0,85.05
100419,08/15/2022,Amazon,Midwest,Illinois,Accessories,In-store,74.96,12.0,899.52
104148,03/03/2024,Amazon,Southeast,Georgia,Kids' Apparel,In-store,47.82,41.0,1960.62
106265,12/06/2023,Amazon,Southeast,Virginia,Kids' Apparel,In-store,44.76,37.0,1656.12
106505,2023-05-11,Adidas Online Store,Midwest,,Outdoor Footwear,Online,67.4,4.0,
106726,07/12/2024,Adidas Online Store,South,Oklahoma,Women's Apparel,In-store,52.79,7.0,369.53
106499,29/03/2022,Foot Locker,Midwest,Illinois,Kids' Footwear,Outlet,81.3,24.0,1951.2
102177,2023-06-05,Foot Locker,South,Louisiana,Men's Apparel,Online,64.17,24.0,
101920,09/15/2022,Foot Locker,West,Washington,Men's Athletic Footwear,ONLINE,74.06,36.0,2666.16
104561,17 Feb 2023,  Amazon ,South,Oklahoma,Women's Apparel,Online,39.16,40.0,1566.4
105817,2022-12-31,Walmart,Northeast,New York,Kids' Apparel,Online,66.44,13.0,863.72
108296,11-12-2023,KOHL'S,Northeast,New York,Women's Apparel,In-store,44.14,50.0,2207.0
109711,20-05-2022,J.D. Sports,Northeast,Pennsylvania,Men's Apparel,Online,86.38,13.0,1122.94
101054,30 Dec 2024,Walmart,Southeast,Georgia,Men's Apparel,Online,81.19,45.0,5480.325000000001
107943,26-03-2024,Walmart,SOUTHEAST,Virginia,Women's Street Footwear,Online,29.17,52.0,1516.84
103588,07/06/2023,Amazon,South,Louisiana,Women's Athletic Footwear,In-store,45.73,4.0,182.92
109359,2024-02-02,J.D. Sports,Southeast,Florida,Women's Athletic Footwear, In-store,,36.0,2063.88
105751,02/01/2023,Walmart,West,Oregon,Men's Athletic Footwear,In-store,,1.0,28.54
107272,10/25/2023,Amazon,Northeast,Pennsylvania,Men's Athletic Footwear, Outlet,59.73,27.0,1612.71
105292,22/06/2022,West Gear,Northeast,New York,Accessories,Outlet,54.45,65.0,3539.25
108425,10/05/2024,Walmart,WEST,Oregon,Accessories,Online,44.67,18.0,804.06
100195,10/08/2024,Foot Locker,SOUTHEAST,,Outdoor Footwear,Outlet,63.07,32.0,2018.24
102386,15-10-2023,Kohl's,Northeast,New Jersey,Women's Athletic Footwear,Online,76.57,43.0,3292.51
109112,2024-12-21,Amazon,WEST,Arizona,Kids' Footwear,Outlet,50.45,56.0,2825.2
101565,15/12/2023,J.D. Sports,West,Oregon,Men's Street Footwear,In-store,75.59,30.0,2267.7
106595,12/08/2022,West Gear,South,Texas,Kids' Footwear,Online,39.42,42.0,1655.64
104274,22/01/2022,Kohl's,Southeast,Georgia,Outdoor Footwear,In-store,50.3,10.0,503.0
108938,07-12-2024,J.D. Sports,West,,Kids' Footwear,In-store,62.17,45.0,2797.65
104526,03/22/2023,Amazon,West,California,Kids' Footwear,Online,75.01,26.0,2925.39
106501,09/12/2024,Walmart,West,California,Outdoor Footwear,Outlet,94.65,8.0,757.2
105930,2024-08-11,Walmart,South,Texas,Kids' Footwear,Online,38.32,22.0,843.04
105136,17-04-2023,Kohl's,South,Louisiana,Men's Athletic Footwear,Online,66.92,36.0,2409.12
102445,03-08-2023,Sports Direct,Northeast,New Jersey,Outdoor Footwear,In-store,63.49,53.0,3364.97
101926,16-05-2023,FOOT LOCKER,Midwest,Illinois,Women's Athletic Footwear,Online,70.8,31.0,2194.8
102147,29/07/2023,Kohl's,Midwest,Illinois,Outdoor Footwear,Online,49.23,,4381.47
104150,14/04/2023,Sports Direct,Southeast,Florida,Kids' Footwear,Outlet,71.63,25.0,1790.75
107266,14 Sep 2024,J.D. Sports,South,Tennessee,Outdoor Footwear,Outlet,38.2,36.0,1375.2
100077,16-03-2024,Adidas Online Store,West,California,Kids' Apparel,Online,51.12,48.0,2453.76
109664,06-03-2022,Foot Locker,Northeast,New York,Women's Athletic Footwear,Outlet,60.06,30.0,1801.8
102685,25/05/2022,J.D. Sports,WEST,Arizona,Men's Athletic Footwear,In-store,52.99,61.0,3232.39
103607,02/04/2024,Kohl's,South,Tennessee,Outdoor Footwear,Online,62.34,41.0,2555.94
104136,2022-01-29,J.D. Sports,Midwest,Ohio,Women's Apparel,In-store,52.59,35.0,1840.65
102482,09-04-2022,Kohl's,Midwest,Wisconsin,Men's Apparel,Online,30.57,30.0,917.1
100967,27-01-2024,West Gear,Southeast,Virginia,Men's Apparel, Outlet,38.69,30.0,1160.7
107955,18 Apr 2023,Kohl's,Southeast,Florida,Men's Apparel,Online,49.81,49.0,2440.69
100235,28-02-2022,walmart,Northeast,New Jersey,Women's Street Footwear,Online,56.91,30.0,1707.3
103188,01/02/2024,adidas online store,West,California,Kids' Footwear,In-store,79.93,66.0,5275.38
100204,17/03/2022,Kohl's,SOUTH,Louisiana,Women's Apparel,Outlet,81.75,20.0,1635.0
107322,2023-01-30,adidas online store,NORTHEAST,Massachusetts,Kids' Footwear,In-store,52.79,42.0,2217.18
100328,2022-01-20,Kohl's,West,Arizona,Men's Apparel,Online,87.24,37.0,3227.88
104147,30 Mar 2022,J.D. Sports,South,Oklahoma,Accessories,In-store,74.1,36.0,2667.6
102950,26-10-2023,Foot Locker,Midwest,Ohio,Men's Athletic Footwear,Outlet,60.59,2.0,121.18
108777,07/08/2023,  Foot Locker ,Southeast,Florida,Outdoor Footwear,Outlet,102.59,,6463.17
105133,12-10-2023,J.D. Sports,Southeast,North Carolina,Kids' Footwear, Outlet,37.84,,1210.88
105835,30 Jan 2023,Foot Locker,Midwest,Illinois,Women's Street Footwear,Outlet,8.0,51.0,408.0
107508,08/02/2022,J.D. Sports,South,Oklahoma,Accessories,In-store,80.55,36.0,2899.8
106232,25 Oct 2023,Kohl's,West,Oregon,Men's Apparel,Outlet,30.05,43.0,1292.15
107004,23-05-2022,Sports Direct,South,Texas,Men's Street Footwear,Outlet,,57.0,5237.73
103819,15/03/2022,Foot Locker,Midwest,Wisconsin,Women's Apparel,In-store,30.87,50.0,
103352,03/07/2024,Adidas Online Store,West,Oregon,Accessories, Online,71.03,33.0,2343.99
106903,2024-08-04,ADIDAS ONLINE STORE,South,,Women's Athletic Footwear,Outlet,39.82,38.0,1513.16
102656,06 Jul 2022,West Gear,West,Arizona,Women's Street Footwear,Online,66.78,66.0,4407.48
104642,29-11-2022,KOHL'S,West,Oregon,Men's Apparel,in-store,61.37,20.0,1227.4
103697,10 Jan 2022,Kohl's,South,Tennessee,Kids' Apparel,In-store,43.11,16.0,689.76
106102,03/08/2024,Amazon,Midwest,Ohio,Women's Athletic Footwear,Online,,37.0,1467.79
104440,10 Jul 2022,Kohl's,WEST,Arizona,Outdoor Footwear,Outlet,58.56,1.0,58.56
108879,23 Oct 2023,Walmart,Southeast,Florida,Kids' Apparel,In-store,84.67,8.0,677.36
102296,11-11-2022,Foot Locker,Midwest,Wisconsin,Men's Apparel,ONLINE,30.06,50.0,1503.0
101365,21-06-2022,Kohl's,Northeast,New York,Womens Apparel,In-store,69.29,8.0,554.32
105411,18-07-2022,Foot Locker,South,Texas,Women's Athletic Footwear,Online,,26.0,1457.3
106647,22/02/2023,J.D. SPORTS,South,Texas,Mens Apparel,Outlet,48.83,40.0,1953.2
103375,2022-03-01,Walmart,West,Arizona,Women's Street Footwear,In-store,42.05,45.0,1892.25
108864,24-11-2022,Kohl's,West,California,Women's Apparel,IN-STORE,,43.0,
104458,08/09/2024,Kohl's,South,Tennessee,Men's Street Footwear,Outlet,37.03,80.0,2962.4
105374,2024-04-20,Amazon,Midwest,Illinois,Men's Athletic Footwear,Outlet,26.48,61.0,
106008,12/06/2022,Kohl's,West,California,Men's Athletic Footwear,Online,36.53,10.0,365.3
102645,30 Mar 2023,Sports Direct,South,Tennessee,Outdoor Footwear,In-store,51.95,5.0,259.75
106324,24/03/2023,Adidas Online Store,Northeast,Pennsylvania,Kids' Apparel,In-store,69.31,58.0,4019.98
107714,12/27/2023,Kohl's,Midwest,Michigan,Kids' Footwear,In-store,37.24,22.0,819.28
107996,2024-02-16,sports direct,Southeast,Georgia,Outdoor Footwear,In-store,46.0,46.0,2116.0
108511,29/09/2023,West Gear,Southeast,Virginia,Outdoor Footwear,In-store,59.88,,958.08
102987,10/11/2024,Sports Direct,Midwest,Ohio,Women's Athletic Footwear,Online,76.45,17.0,1299.65
100701,13-01-2024,West Gear,South,Tennessee,Men's Apparel,OUTLET,65.95,40.0,2638.0
106724,22 Feb 2024,Adidas Online Store,Northeast,New Jersey,Accessories,Outlet,58.96,46.0,2712.16
108841,01/19/2024,Foot Locker,Southeast,Georgia,Kids' Apparel,Online,49.16,31.0,1523.96
102905,09/18/2023,J.D. Sports,West,Oregon,Outdoor Footwear,Outlet,52.85,1.0,52.85
105672,2024-01-05,Foot Locker,West,Arizona,Kids' Footwear,In-store,77.48,20.0,1549.6
108971,2022-12-14,West Gear,Southeast,Virginia,Men's Athletic Footwear, Online,71.37,53.0,3782.61
101923,2024-01-14,J.D. Sports,Midwest,Ohio,Accessories,In-store,8.0,68.0,544.0
109688,13/06/2022,Kohl's,West,Arizona,Men's Apparel,In-store,34.88,61.0,2127.68
103038,22 Oct 2022,Foot Locker,SOUTH,Texas,Women's Athletic Footwear,Online,32.77,51.0,1671.27
101897,18 Aug 2022,Foot Locker,Southeast,Georgia,Accessories,Outlet,74.89,23.0,1722.47
108760,09/10/2022,ADIDAS ONLINE STORE,West,California,Kids' Apparel,Online,70.95,42.0,2979.9
109205,2022-01-11,Walmart,Northeast,Massachusetts,Outdoor Footwear,Online,72.52,,2175.6
101653,02-10-2022,  Sports Direct ,West,Oregon,Accessories,Online,24.3,28.0,680.4
103010,09/24/2024,West Gear,Northeast,Pennsylvania,Kids' Footwear,In-store,69.33,25.0,1733.25
105221,2024-05-11,West Gear,South,Tennessee,Women's Apparel,Outlet,62.65,4.0,250.6
103560,01/23/2024,Foot Locker,Midwest,Ohio,Outdoor Footwear,In-store,53.74,37.0,1988.38
107984,09 May 2023,Walmart,West,California,Accessories,In-store,57.31,47.0,2693.57
100272,12 Jan 2023,Adidas Online Store,South,Louisiana,Kids' Apparel,In-store,73.92,6.0,443.52
108460,17-05-2022,Amazon,South,Louisiana,Accessories,Online,39.55,31.0,1226.05
109694,10 May 2023,Kohl's,South,  Texas  ,Kids' Footwear, In-store,58.07,63.0,5487.615
106206,24/03/2023,J.D. Sports,Northeast,New York,Kids' Apparel,In-store,59.12,9.0,532.08
104935,08-09-2023,Foot Locker,Southeast,North Carolina,Accessories,Outlet,26.06,23.0,599.38
105613,06/04/2023,Adidas Online Store,West,Washington,Accessories,in-store,75.03,38.0,2851.14
103480,25/10/2022,West Gear,Midwest,Illinois,Kids' Footwear,Outlet,71.18,27.0,
106880,27/03/2024,Kohl's,West,Arizona,Accessories,Online,25.29,61.0,1542.69
105912,07-05-2024,Walmart,West,Washington,Women's Street Footwear,Outlet,59.85,21.0,1256.85
105506,01/07/2024,  Kohl's ,NORTHEAST,Pennsylvania,Men's Street Footwear,In-store,65.73,35.0,2300.55
104495,06/09/2024,walmart,Northeast,Pennsylvania,Men's Apparel,Outlet,83.97,37.0,
105075,2023-06-20,Adidas Online Store,MIDWEST,Ohio,Men's Athletic Footwear,In-store,39.35,,787.0
107679,09/17/2024,Amazon,West,Washington,Outdoor Footwear,In-store,84.92,23.0,1953.16
101698,27 Nov 2024,Amazon,Midwest,Ohio,Kids' Apparel,Online,70.94,47.0,3334.18
103373,31 Mar 2024,Foot Locker,West,Oregon,Men's Street Footwear,In-store,47.0,69.0,3243.0
103604,03-08-2023,Foot Locker,South,Tennessee,Women's Street Footwear,Outlet,58.63,60.0,3517.8
106474,02-06-2023,West Gear,Midwest,Illinois,Men's Apparel,Outlet,65.41,29.0,1896.89
105790,22 Jul 2022,Foot Locker,West,California,Men's Athletic Footwear,Outlet,67.83,63.0,4273.29
103587,14/07/2023,Amazon,Northeast,Pennsylvania,Men's Athletic Footwear,Online,59.3,14.0,830.2
100193,2023-05-26,AMAZON,South,Tennessee,Kids' Footwear,Outlet,8.0,4.0,32.0
107008,09/08/2022,Amazon,Northeast,Massachusetts,Men's Apparel,In-store,48.17,13.0,626.21
102923,2022-08-17,West Gear,Midwest,Illinois,Womens Athletic Footwear,OUTLET,,47.0,3327.6
105044,2022-05-17,Foot Locker,West,California,Women's Apparel,Outlet,48.0,63.0,
108349,03/03/2022,Sports Direct,NORTHEAST,New York,Accessories,Outlet,78.12,4.0,312.48
104165,2023-07-16,Adidas Online Store,West,Arizona,Men's Apparel, Outlet,31.82,54.0,1718.28
108433,27 May 2023,J.D. Sports,South,Oklahoma,Kids' Footwear,In-store,16.26,80.0,
100275,14/09/2023,amazon,West,Oregon,Men's Athletic Footwear,In-store,63.89,31.0,1980.59
109036,25/05/2024,Adidas Online Store,Midwest,Wisconsin,Kids' Footwear,Online,55.28,46.0,2542.88
102490,15 Nov 2023,FOOT LOCKER,Midwest,Illinois,Kids' Footwear,Online,54.07,35.0,1892.45
102806,05/15/2023,Amazon,South,Texas,Women's Apparel, Online,55.94,36.0,2013.84
102329,30 Jul 2023,Walmart,West,Arizona,Kids' Apparel,Online,38.68,,386.8
104375,10/12/2022,West Gear,Southeast,North Carolina,Men's Apparel,Online,69.75,,2371.5
104690,15/10/2024,Kohl's,Northeast,New York,Kids' Apparel,Online,75.2,12.0,1353.6
106302,2023-10-20,  Sports Direct ,Northeast,New Jersey,Outdoor Footwear,Online,47.13,4.0,188.52
100181,16/01/2024,Adidas Online Store,South,Louisiana,Kids' Footwear, In-store,67.53,55.0,3714.15
109471,2024-06-05,Walmart,West,California,Women's Athletic Footwear,Outlet,51.75,40.0,2070.0
103663,2022-01-01,J.D. Sports,Northeast,Pennsylvania,Men's Athletic Footwear,Outlet,34.76,39.0,1355.64
103645,20 Nov 2023,Walmart,Northeast,Pennsylvania,Kids' Apparel,Outlet,32.97,7.0,230.79
106228,04/04/2024,Amazon,Midwest,Wisconsin,Kids' Apparel,Outlet,41.26,36.0,1485.36
107080,19-11-2022,Walmart,South,Louisiana,Women's Apparel,Online,43.48,18.0,782.64
101932,23-03-2023,West Gear,South,Tennessee,Accessories,Online,43.03,,344.24
102336,22 Jan 2022,Walmart,West,Arizona,Men's Street Footwear,In-store,63.56,49.0,3114.44
101137,08/02/2024,Foot Locker,West,Arizona,Kids' Apparel,Online,50.13,68.0,3408.84
101141,09/20/2024,  West Gear ,Midwest,Illinois,Outdoor Footwear,In-store,54.88,78.0,4280.64
109661,28-06-2023,West Gear,Northeast,Massachusetts,Women's Apparel, In-store,71.19,24.0,1708.56
100199,13 Feb 2024,West Gear,NORTHEAST,Massachusetts,Men's Street Footwear, Online,55.77,44.0,2453.88
105252,14-06-2023,Amazon,Southeast,Georgia,Women's Apparel,In-store,81.82,38.0,3109.16
109381,11/10/2023,Sports Direct,Northeast,Pennsylvania,Women's Street Footwear,Outlet,98.8,78.0,7706.4
107297,12/23/2024,J.D. Sports,Midwest,Illinois,Men's Athletic Footwear,Online,70.27,40.0,2810.8
105301,23-05-2022,Adidas Online Store,Southeast,North Carolina,Men's Street Footwear,Online,60.09,37.0,2223.33
106604,2024-07-02,Adidas Online Store,South,Tennessee,Kids' Footwear,Online,34.3,27.0,926.1
104965,02/21/2022,sports direct,West,Oregon,Men's Street Footwear,Online,66.09,46.0,3040.14
109020,07/08/2023,Kohl's,Midwest,Wisconsin,Women's Apparel,Online,48.95,39.0,1909.05
103598,02/28/2024,J.D. Sports,Midwest,Michigan,Women's Street Footwear,Outlet,30.53,11.0,335.83
104908,31/10/2024,Sports Direct,West,Arizona,Outdoor Footwear,Online,50.98,71.0,3619.58
104392,15 Oct 2022,Adidas Online Store,West,Washington,Women's Apparel,In-store,57.74,29.0,1674.46
106290,03/11/2022,  Kohl's ,WEST,Arizona,Women's Street Footwear,Online,63.6,44.0,2798.4
101463,04 May 2023,walmart,SOUTH,Tennessee,Kids' Apparel, In-store,71.55,1.0,71.55
103724,2022-03-27,Kohl's,Northeast,New York,Kids' Footwear,in-store,75.73,10.0,757.3
105388,10/12/2023,Amazon,Southeast,Georgia,Kids' Apparel,online,75.05,75.0,5628.75
106792,05/18/2024,Kohl's,NORTHEAST,New Jersey,Accessories,Outlet,46.53,59.0,
105115,10/08/2024,Amazon,South,Tennessee,Men's Street Footwear,Online,59.86,62.0,3711.32
102598,26/01/2023,Amazon,West,Oregon,Women's Street Footwear,OUTLET,54.49,49.0,2670.01
100620,24-05-2023,FOOT LOCKER,South,Tennessee,Men's Apparel,Outlet,84.81,55.0,4664.55
102341,03-05-2023,Sports Direct,South,Oklahoma,Kids' Footwear,Online,48.06,44.0,2114.64
103232,10/10/2022,Walmart,Southeast,North Carolina,Women's Apparel,In-store,75.61,78.0,5897.58
108690,10/07/2024,Walmart,South,Louisiana,Women's Apparel,Online,29.17,47.0,1370.99
102174,2024-12-10,Foot Locker,NORTHEAST,New Jersey,Women's Street Footwear,In-store,47.33,44.0,2082.52
103718,01/30/2022,J.D. Sports,West,California,Kids' Apparel,In-store,74.0,61.0,4514.0
107446,2022-03-05,Walmart,Midwest,Ohio,Men's Street Footwear, Online,51.78,,
100884,04/08/2024,J.D. Sports,Northeast,New York,Men's Street Footwear,In-store,41.26,52.0,2145.52
100757,10/08/2024,Amazon,Midwest,Michigan,Men's Apparel,In-store,56.51,22.0,1243.22
108213,03/20/2024,West Gear,Midwest,,Accessories,In-store,65.9,1.0,65.9
101793,2023-10-09,West Gear,Southeast,Florida,Women's Street Footwear,In-store,43.85,57.0,2499.45
103430,2023-07-28,Kohl's,South,Louisiana,Men's Apparel,Outlet,41.17,52.0,2140.84
103366,04/22/2022,J.D. Sports,Midwest,Wisconsin,Kids' Footwear,In-store,53.25,63.0,3354.75
109038,2024-09-13,Kohl's,South,Texas,Men's Athletic Footwear,Outlet,50.31,37.0,1861.47
100958,24 Feb 2024,Amazon,Southeast,Georgia,Men's Athletic Footwear,Online,105.56,36.0,3800.16
102560,03 Feb 2024,Adidas Online Store,Southeast,North Carolina,Men's Street Footwear,In-store,47.61,69.0,3285.09
102052,07/16/2024,West Gear,Midwest,Ohio,Outdoor Footwear,Outlet,58.4,64.0,
100318,2024-06-17,Walmart,West,California,Women's Apparel,Online,66.98,14.0,937.72
102712,28 Oct 2023,Foot Locker,Southeast,Florida,Women's Street Footwear,Online,40.47,43.0,1740.21
108585,2023-08-31,Amazon,Southeast,Virginia,Women's Apparel,Outlet,72.67,21.0,1526.07
100134,12 May 2023,J.D. Sports,Northeast,Massachusetts,Men's Apparel,Outlet,44.68,41.0,1831.88
106170,24 Jul 2022,Kohl's,West,California,Men's Street Footwear,In-store,,33.0,2041.38
106628,2024-02-20,West Gear,West,California,Kids' Footwear,In-store,,25.0,420.0
106568,24 Jan 2022,Foot Locker,West,Arizona,Men's Apparel, Online,,68.0,4347.24
100866,12-04-2024,Sports Direct,Northeast,Massachusetts,Accessories,Online,54.54,41.0,2236.14
105518,24/04/2023,Foot Locker,Southeast,Florida,Kids' Footwear,Online,60.6,61.0,3696.6
109351,28-02-2022,Sports Direct,West,Arizona,Men's Apparel, In-store,59.7,41.0,2447.7
103634,25 Oct 2024,  Amazon ,Northeast,New York,Men's Street Footwear,Outlet,,58.0,3553.08
108600,2024-09-22,J.D. Sports,West,Oregon,Women's Athletic Footwear,In-store,67.92,29.0,1969.68
107364,09/11/2023,Foot Locker,South,Oklahoma,Women's Athletic Footwear,Online,72.83,50.0,3641.5
108685,2023-02-12,Sports Direct,South,Oklahoma,Men's Athletic Footwear,Outlet,,22.0,782.98
101935,02/08/2022,Kohl's,Southeast,North Carolina,Men's Street Footwear,online,73.27,43.0,3150.61
102583,26 Sep 2023,  West Gear ,West,Oregon,Men's Athletic Footwear,In-store,44.67,63.0,2814.21
100243,28 Nov 2024,Adidas Online Store,Midwest,Illinois,Men's Street Footwear,Outlet,46.38,22.0,1020.36
104253,08/19/2023,Kohl's,MIDWEST,Ohio,Outdoor Footwear,In-store,47.61,3.0,142.83
105997,08/15/2022,Amazon,Southeast,Georgia,Women's Apparel,In-store,83.36,43.0,3584.48
103353,24 Dec 2023,West Gear,West,Arizona,Outdoor Footwear,Online,76.69,43.0,3297.67
105647,22-07-2022,  Walmart ,West,,Men's Street Footwear,Outlet,30.0,35.0,1050.0
109436,24 Feb 2023,Adidas Online Store,South,,Men's Athletic Footwear,ONLINE,72.87,45.0,3279.15
100705,30 Aug 2022,Sports Direct,Northeast,Massachusetts,Women's Street Footwear,Online,74.77,9.0,672.93
101005,03 Jan 2023,Sports Direct,West,Oregon,Kids' Apparel,Outlet,50.69,6.0,304.14
107834,08 May 2024,West Gear,West,Arizona,Men's Street Footwear,Outlet,32.39,27.0,874.53
100712,27/02/2024,Adidas Online Store,Midwest,Illinois,Men's Apparel,In-store,55.77,75.0,4182.75
105189,05/04/2023,West Gear,Northeast,New York,Kids' Apparel,OUTLET,8.0,21.0,168.0
101134,10/21/2022,West Gear,West,Oregon,Accessories,In-store,31.59,50.0,1579.5
108958,2024-04-23,J.D. Sports,West,,Men's Athletic Footwear,Outlet,48.7,57.0,2775.9
103154,18/03/2022,Foot Locker,South,Louisiana,Kids' Apparel,In-store,77.69,13.0,1009.97
108355,10/06/2023,Amazon,Southeast,,Accessories,Online,56.03,28.0,1568.84
101902,19-05-2022,West Gear,Southeast,Virginia,Women's Athletic Footwear,ONLINE,33.44,25.0,836.0
105867,14-07-2023,Sports Direct,Midwest,Ohio,Outdoor Footwear,In-store,65.2,44.0,
107166,08-08-2022,J.D. Sports,West,Oregon,Men's Street Footwear,Online,29.97,56.0,1678.32
107578,10 Aug 2022,Amazon,Midwest,Michigan,Women's Apparel,Online,35.32,1.0,35.32
101084,2022-07-27,Amazon,Northeast,New Jersey,Women's Street Footwear,Outlet,,49.0,729.61
101762,22/10/2024,West Gear,Southeast,North Carolina,Accessories,Online,31.16,6.0,186.96
105692,16-10-2022,J.D. Sports,West,Arizona,Men's Apparel, Online,84.47,34.0,2871.98
107991,11/10/2023,Foot Locker,Northeast,Massachusetts,Women's Athletic Footwear,In-store,30.57,45.0,1375.65
102269,2022-12-08,Kohl's,South,Tennessee,Women's Athletic Footwear,Outlet,75.59,40.0,3023.6
107264,30/03/2024,Foot Locker,Southeast,North Carolina,Kids' Apparel,In-store,37.15,35.0,1300.25
101547,28/09/2024,  Sports Direct ,South,Tennessee,Men's Street Footwear,outlet,50.28,,3670.44
104082,07 Aug 2022,Amazon,Northeast,New Jersey,Men's Street Footwear,In-store,44.28,48.0,2125.44
106787,2023-03-26,Kohl's,Southeast,Florida,Kids' Footwear,OUTLET,43.78,43.0,1882.54
107980,2024-06-12,Amazon,Southeast,North Carolina,Men's Street Footwear,In-store,27.9,1.0,27.9
107383,10/11/2023,J.D. Sports,Northeast,New York,Men's Street Footwear,Online,56.01,40.0,2240.4
102350,03-02-2024,J.D. Sports,Northeast,Pennsylvania,Men's Athletic Footwear,Online,99.17,13.0,1289.21
106465,14/11/2023,Amazon,Midwest,Ohio,Outdoor Footwear,outlet,35.53,,568.48
109665,05-05-2024,J.D. Sports,South,Oklahoma,Men's Athletic Footwear,in-store,58.15,1.0,58.15
107271,25/02/2022,Foot Locker,Southeast,North Carolina,Women's Athletic Footwear,in-store,64.43,35.0,2255.05
107404,03/12/2022,Adidas Online Store,Southeast,Georgia,Men's Apparel,Online,62.06,1.0,62.06
100784,24/09/2022,AMAZON,Northeast,New York,Men's Street Footwear,Outlet,85.48,48.0,4103.04
109093,01 Oct 2024,Adidas Online Store,Northeast,New York,Men's Apparel,Online,38.77,12.0,465.24
100972,2024-05-23,Foot Locker,Northeast,New Jersey,Men's Apparel,In-store,,43.0,1548.0
101185,2023-11-29,West Gear,WEST,Arizona,Men's Street Footwear,Outlet,31.79,23.0,731.17
108595,16-12-2022,Kohl's,Northeast,Pennsylvania,Men's Street Footwear,In-store,56.89,70.0,3982.3
105621,2023-06-09,  West Gear ,Midwest,Wisconsin,Men's Apparel,ONLINE,60.11,19.0,1142.09
100671,13/04/2022,Kohl's,Southeast,Virginia,Kids' Apparel,Online,79.12,47.0,3718.64
101771,03-02-2024,J.D. Sports,Midwest,Ohio,Men's Apparel,In-store,62.23,57.0,3547.11
108050,10/02/2023,Amazon,Midwest,,Men's Apparel,in-store,63.71,14.0,891.94
108222,2023-10-28,West Gear,Northeast,Massachusetts,Outdoor Footwear,Online,59.03,1.0,59.03
107474,08 Aug 2024,Sports Direct,Southeast,Virginia,Women's Street Footwear,Outlet,,38.0,1852.88
105269,20 Jul 2024,Foot Locker,West,California,Kids' Apparel,Online,47.97,39.0,1870.83
100732,04-12-2023,Foot Locker,Midwest,,Kids' Apparel,In-store,62.52,31.0,1938.12
106577,16-09-2024,Foot Locker,West,California,Men's Athletic Footwear,Outlet,36.18,1.0,36.18
100362,2024-04-17,Walmart,Midwest,Ohio,Kids' Footwear,In-store,16.71,37.0,618.27
106210,27 Sep 2024,Walmart,Midwest,Illinois,Women's Athletic Footwear,IN-STORE,68.49,16.0,1095.84
103518,24 Dec 2024,Kohl's,Midwest,,Women's Athletic Footwear,Online,16.86,5.0,84.3
105784,02-12-2023,Kohl's,Northeast,Pennsylvania,Men's Athletic Footwear, Outlet,53.45,43.0,2298.35
103342,30/05/2024,Walmart,Southeast,Georgia,Women's Athletic Footwear,Online,75.98,24.0,1823.52
102019,19/03/2024,West Gear,South,Oklahoma,Kids' Footwear,Outlet,75.67,51.0,
107643,13 Mar 2023,Sports Direct,Northeast,Massachusetts,Men's Street Footwear,Outlet,67.7,43.0,2911.1
104513,12/30/2024,  West Gear ,Northeast,Massachusetts,Outdoor Footwear,,58.8,41.0,2410.8
102711,02 Jun 2023,West Gear,Midwest,Wisconsin,Men's Apparel,ONLINE,74.32,4.0,297.28
106836,2022-05-17,  J.D. Sports ,Midwest,Ohio,Kids' Footwear,ONLINE,39.26,51.0,2002.26
103142,22 Dec 2024,Walmart,West,Oregon,Kids' Footwear,Outlet,22.56,39.0,879.84
105401,28/04/2024,Adidas Online Store,Midwest,Ohio,Kids' Apparel,IN-STORE,51.6,34.0,1754.4
101468,03/01/2022,Amazon,Midwest,Illinois,Women's Street Footwear,Online,28.8,22.0,633.6
100997,01/06/2024,Foot Locker,Midwest,Ohio,Kids' Footwear,Outlet,34.06,37.0,1260.22
103960,18 Mar 2023,J.D. Sports,West,Washington,Women's Apparel,,66.1,66.0,4362.6
100430,2022-05-10,Amazon,Southeast,Florida,Men's Athletic Footwear,Online,51.32,53.0,2719.96
102097,09-04-2024,Adidas Online Store,West,California,Men's Athletic Footwear,In-store,73.33,43.0,3153.19
103260,2023-03-09,  Kohl's ,Midwest,Ohio,Women's Athletic Footwear,outlet,55.61,4.0,222.44
109156,2024-12-25,Walmart,NORTHEAST,Massachusetts,Men's Apparel, Online,41.77,34.0,1420.18
102776,2024-07-22,J.D. Sports,South,Louisiana,Men's Athletic Footwear,Outlet,56.91,12.0,682.92
105714,19 Aug 2022,Kohl's,Northeast,Massachusetts,Women's Athletic Footwear,in-store,76.33,42.0,3205.86
100072,04/05/2023,Foot Locker,Midwest,Ohio,Accessories,Online,44.38,12.0,532.56
101397,13 Sep 2024,KOHL'S,Northeast,Massachusetts,Accessories,IN-STORE,87.68,22.0,1928.96
102360,11 Aug 2022,Sports Direct,Southeast,Virginia,Women's Apparel,In-store,38.42,41.0,1575.22
104029,03/07/2023,West Gear,Southeast,Florida,Men's Apparel,Online,32.1,32.0,1027.2
101933,07/12/2023,West Gear,Midwest,Wisconsin,Womens Athletic Footwear,Online,64.43,35.0,2255.05
100702,01/25/2022,West Gear,WEST,Oregon,Men's Apparel,outlet,17.92,57.0,1021.44
109247,12-05-2023,Sports Direct,South,Louisiana,Men's Apparel,ONLINE,23.46,28.0,656.88
105546,2024-02-06,Kohl's,West,,Accessories,Outlet,87.71,36.0,3157.56
105298,09/30/2024,Sports Direct,Midwest,Wisconsin,Kids' Footwear,In-store,57.34,57.0,3268.38
105190,18-04-2024,West Gear,South,Tennessee,Men's Street Footwear,Online,85.97,22.0,1891.34
109734,05-07-2023,Amazon,Southeast,Virginia,Men's Athletic Footwear,,70.96,13.0,922.48
101535,26-10-2022,Adidas Online Store,South,Louisiana,Women's Street Footwear,Outlet,42.09,-2.0,84.18
105599,19-10-2024,Foot Locker,Southeast,Georgia,Kids' Footwear,Outlet,91.67,17.0,1558.39
109252,08/15/2024,Foot Locker,Midwest,Illinois,Women's Street Footwear,ONLINE,60.64,62.0,3759.68
106088,21/10/2023,Adidas Online Store,South,Texas,Women's Apparel,Outlet,71.44,36.0,2571.84
104320,04/07/2023,Kohl's,Northeast,New Jersey,Men's Apparel,In-store,28.65,15.0,429.75
104535,19 Oct 2023,J.D. Sports,Midwest,Michigan,Women's Street Footwear,Outlet,90.38,67.0,6055.46
103369,2022-05-21,Walmart,South,Tennessee,Men's Athletic Footwear,In-store,71.58,46.0,
104930,05/21/2023,Walmart,Southeast,North Carolina,Men's Street Footwear,Online,,3.0,256.68
107176,29 Nov 2022,Sports Direct,MIDWEST,Illinois,Men's Athletic Footwear,Outlet,57.84,3.0,173.52
108375,2023-06-07,Sports Direct,South,Louisiana,Men's Apparel,Outlet,42.68,26.0,1109.68
101024,30-07-2023,Sports Direct,Midwest,Ohio,Women's Street Footwear,outlet,33.96,44.0,1494.24
107410,08/04/2024,Amazon,Southeast,North Carolina,Kids' Footwear,Online,9.34,43.0,
106581,08/06/2024,West Gear,South,Oklahoma,Kids' Footwear,Online,80.69,41.0,3308.29
102770,14 Feb 2023,Sports Direct,Midwest,Michigan,Women's Apparel,Outlet,37.24,38.0,1415.12
100988,2023-09-24,Walmart,Midwest,Illinois,Men's Athletic Footwear,Outlet,102.16,37.0,3779.92
105364,05/05/2024,Adidas Online Store,South,Oklahoma,Accessories,Outlet,74.79,63.0,4711.77
107523,12 Apr 2022,Adidas Online Store,Southeast,Georgia,Women's Street Footwear,In-store,63.2,,1580.0
102594,05/21/2024,West Gear,Southeast,North Carolina,Women's Athletic Footwear,Outlet,70.74,,70.74
108700,24 Jun 2023,Sports Direct,South,Texas,Men's Apparel,Online,69.66,49.0,3413.34
105697,06/25/2023,Adidas Online Store,South,Texas,Accessories,Outlet,67.01,37.0,2479.37
105238,2022-07-07,Sports Direct,West,Washington,Women's Athletic Footwear, Online,,28.0,1321.04
108876,04/26/2023,J.D. SPORTS,Northeast,New Jersey,Accessories,Outlet,50.14,55.0,2757.7
104027,04 Jul 2024,J.D. Sports,West,Washington,Kids' Apparel,in-store,84.47,15.0,1267.05
104608,2022-12-13,J.D. Sports,SOUTHEAST,North Carolina,Women's Apparel,Outlet,,58.0,2095.54
100935,10-03-2022,J.D. Sports,Midwest,Illinois,Accessories,Online,83.97,23.0,1931.31
109172,20-09-2024,West Gear,Northeast,,Accessories,Online,112.55,7.0,787.85
103524,26-08-2022,Walmart,Midwest,Wisconsin,Men's Street Footwear, Outlet,,-24.0,
108669,07 Feb 2022,West Gear,Southeast,Florida,Kids' Footwear,Outlet,78.27,26.0,2035.02
100629,27 Aug 2023,Sports Direct,Southeast,Florida,Kids' Apparel,In-store,73.08,30.0,2192.4
107331,12/15/2023,Walmart,Northeast,Pennsylvania,Men's Athletic Footwear,In-store,23.09,21.0,484.89
101751,15-03-2023,AMAZON,West,California,Accessories,In-store,60.61,63.0,3818.43
102815,29 Apr 2024,West Gear,Midwest,Michigan,Women's Athletic Footwear,Outlet,40.85,,1634.0
105770,10/02/2024,West Gear,South,Oklahoma,Kids' Apparel,OUTLET,27.85,57.0,1587.45
105263,22-05-2022,Adidas Online Store,Midwest,Wisconsin,Outdoor Footwear,Online,44.71,42.0,1877.82
106611,12/18/2022,J.D. SPORTS,Southeast,Virginia,Accessories,Outlet,55.3,37.0,2046.1
100017,28 Aug 2022,Walmart,Northeast,Pennsylvania,Women's Street Footwear,Online,21.98,45.0,989.1
100837,2022-12-21,Foot Locker,West,Oregon,Men's Athletic Footwear,In-store,61.96,23.0,1425.08
101646,01/10/2024,J.D. Sports,West,Oregon,Men's Street Footwear,In-store,46.57,42.0,1955.94
100568,09/06/2024,Foot Locker,Southeast,North Carolina,Kids' Apparel,IN-STORE,30.88,44.0,1358.72
100079,2022-01-30,Walmart,Southeast,Virginia,Men's Street Footwear,In-store,23.87,50.0,1193.5
108802,25/07/2024,West Gear,Northeast,Pennsylvania,Women's Athletic Footwear,Outlet,93.83,52.0,4879.16
104452,23 Apr 2023,Amazon,Southeast,Virginia,Men's Athletic Footwear,Online,42.76,55.0,2351.8
105363,10-03-2024,Walmart,Southeast,Virginia,Men's Apparel,In-store,45.33,38.0,1722.54
101881,04/11/2023,West Gear,MIDWEST,Michigan,Men's Street Footwear,Outlet,47.56,65.0,3091.4
100716,07/26/2024,Walmart,Northeast,New York,Women's Athletic Footwear,In-store,115.15,86.0,9902.9
100730,09-10-2023,Walmart,Northeast,Massachusetts,Women's Street Footwear,Online,76.86,75.0,5764.5
104850,2023-04-05,Adidas Online Store,Midwest,Ohio,Accessories,Outlet,76.68,3.0,230.04
102223,10/20/2023,Adidas Online Store,Southeast,North Carolina,Accessories,Outlet,58.51,71.0,4154.21
107994,04/06/2022,  Sports Direct ,Midwest,Ohio,Accessories, In-store,63.65,43.0,2736.95
108159,08/24/2024,J.D. Sports,South,Oklahoma,Outdoor Footwear,Online,61.27,41.0,2512.07
105057,02 Nov 2023,Sports Direct,Midwest,Michigan,Kids' Footwear,outlet,49.41,35.0,1729.35
107286,2023-04-15,Walmart,Northeast,Pennsylvania,Womens Athletic Footwear,In-store,8.0,60.0,480.0
106100,26 Jan 2023,J.D. Sports,WEST,Washington,Outdoor Footwear,,49.76,52.0,2587.52
104418,06-05-2022,Adidas Online Store,Northeast,New Jersey,Kids' Apparel,In-store,20.5,38.0,779.0
103029,2022-06-19,KOHL'S,SOUTH,Texas,Men's Apparel,Outlet,58.53,35.0,2048.55
102425,06/05/2023,J.D. Sports,Midwest,  Michigan  ,Kids' Footwear,Online,73.16,62.0,4535.92
106336,07 Oct 2024,Amazon,Southeast,Virginia,Women's Street Footwear,In-store,54.32,,1358.0
106586,15/08/2022,Kohl's,South,Tennessee,Men's Street Footwear,Outlet,61.8,26.0,1606.8
100759,22/07/2024,Kohl's,Northeast,New York,Accessories,Outlet,65.56,1.0,65.56
107526,10/01/2023,  Foot Locker ,West,Washington,Kids' Footwear,Online,75.82,35.0,2653.7
102435,18 Aug 2022,Kohl's,Southeast,Georgia,Men's Athletic Footwear,In-store,39.29,1.0,39.29
109032,2024-09-08,J.D. Sports,Northeast,Pennsylvania,Kids' Apparel,Outlet,68.94,37.0,2550.78
107107,2024-11-05,Kohl's,West,California,Kids' Apparel,In-store,49.5,43.0,2128.5
104685,21-05-2023,West Gear,Midwest,Michigan,Women's Athletic Footwear,Outlet,46.06,26.0,1197.56
101606,17-04-2022,Walmart,Midwest,Ohio,Women's Apparel,Online,53.57,19.0,1017.83
106622,2024-01-13,West Gear,South,Oklahoma,Kids' Footwear,OUTLET,26.72,46.0,1229.12
103174,09 Jan 2023,Adidas Online Store,Southeast,Virginia,Kids' Footwear,Online,86.27,39.0,3364.53
100970,26/05/2022,Adidas Online Store,South,Texas,Men's Street Footwear,In-store,30.56,9.0,275.04
108681,06-01-2023,Adidas Online Store,South,Oklahoma,Accessories,In-store,34.53,63.0,2175.39
102016,07/22/2023,WALMART,South,Tennessee,Men's Athletic Footwear,Outlet,54.6,15.0,819.0
100541,06-07-2024,Kohl's,Southeast,Florida,Men's Street Footwear,Outlet,31.81,1.0,31.81
102823,01 Apr 2023,J.D. Sports,West,California,Men's Athletic Footwear,Outlet,57.48,29.0,1666.92
109696,16 Aug 2022,  J.D. Sports ,West,California,Outdoor Footwear,In-store,72.89,57.0,4154.73
107459,2023-08-27,Adidas Online Store,Midwest,Illinois,Men's Apparel,In-store,54.57,30.0,1637.1
101475,12-05-2024,J.D. Sports,Northeast,Massachusetts,Kids' Apparel,Online,43.16,1.0,43.16
107901,11/12/2023,Adidas Online Store,West,Arizona,Men's Apparel,Online,74.38,2.0,148.76
109333,02 Oct 2022,West Gear,South,Tennessee,Women's Athletic Footwear,Online,50.19,67.0,3362.73
107269,07/11/2023,West Gear,South,Tennessee,Kids' Apparel,Online,61.13,77.0,4707.01
107159,04/23/2022,Foot Locker,Northeast,Massachusetts,Women's Street Footwear,In-store,102.71,73.0,7497.83
101491,18/09/2024,Sports Direct,Midwest,Ohio,Women's Street Footwear,Outlet,82.02,55.0,6766.650000000001
101122,2023-06-11,Kohl's,South,Louisiana,Kids' Footwear,Outlet,8.0,66.0,528.0
109288,2024-07-31,West Gear,South,Texas,Women's Street Footwear,Online,51.26,32.0,1640.32
101268,01/15/2022,Foot Locker,South,Oklahoma,Men's Apparel,Online,41.75,53.0,2212.75
104594,2024-07-10,West Gear,South,  Oklahoma  ,Outdoor Footwear,In-store,32.55,48.0,1562.4
109446,07/07/2023,Foot Locker,South,Texas,Women's Apparel,Online,66.5,31.0,2061.5
103764,25/05/2024,Adidas Online Store,Midwest,Wisconsin,Women's Apparel,Online,36.82,71.0,2614.22
100733,19/06/2022,Walmart,Northeast,New Jersey,Kids' Apparel,Outlet,101.11,21.0,3184.965
104582,16/11/2022,adidas online store,Midwest,,Outdoor Footwear,Outlet,70.56,41.0,2892.96
109676,2023-06-16,Foot Locker,Midwest,Wisconsin,Women's Athletic Footwear,Outlet,51.32,24.0,1231.68
107079,11/04/2022,West Gear,Midwest,Michigan,Women's Apparel,Outlet,67.08,65.0,4360.2
108643,30/11/2023,Sports Direct,Northeast,Pennsylvania,Outdoor Footwear,Outlet,38.96,39.0,1519.44
100424,02-03-2022,West Gear,Midwest,Wisconsin,Outdoor Footwear,in-store,92.88,1.0,92.88
106166,09/21/2023,Adidas Online Store,MIDWEST,Michigan,Men's Street Footwear,Online,74.94,73.0,
108755,07/09/2023,SPORTS DIRECT,Southeast,Georgia,Outdoor Footwear,Online,91.74,32.0,2935.68
109510,06/04/2023,  West Gear ,West,,Kids' Footwear,Online,53.19,25.0,1329.75
103971,28 Oct 2024,Walmart,Northeast,Massachusetts,Men's Apparel,Outlet,,41.0,987.69
101299,06/09/2023,J.D. Sports,South,Louisiana,Men's Street Footwear,Outlet,62.68,,2883.28
100642,07/26/2022,Foot Locker,SOUTHEAST,North Carolina,Outdoor Footwear,Online,61.82,44.0,2720.08
106375,2023-07-20,Walmart,WEST,Oregon,Men's Street Footwear,Outlet,47.83,52.0,2487.16
106048,24-03-2023,Sports Direct,South,Oklahoma,Accessories,Online,51.44,23.0,1183.12
107998,12/19/2022,  Foot Locker ,Southeast,Virginia,Outdoor Footwear,Outlet,48.28,62.0,2993.36
100088,30-10-2023,Sports Direct,Southeast,Florida,Outdoor Footwear,Outlet,36.19,32.0,1158.08
100608,29/04/2024,Adidas Online Store,Northeast,Pennsylvania,Kids' Footwear,Online,76.59,20.0,1531.8
109007,2024-10-13,SPORTS DIRECT,Midwest,Wisconsin,Men's Street Footwear,In-store,69.53,45.0,3128.85
104330,26-04-2023,Walmart,Midwest,Illinois,Outdoor Footwear,ONLINE,49.74,45.0,2238.3
107894,2023-06-05,Sports Direct,Midwest,Ohio,Accessories,online,33.57,45.0,1510.65
104552,17/08/2022,Foot Locker,West,California,Outdoor Footwear,Outlet,55.6,62.0,3447.2
101532,21-09-2022,Amazon,Midwest,Michigan,Men's Street Footwear,In-store,71.55,18.0,1287.9
100343,2023-12-22,  Sports Direct ,Southeast,Georgia,Men's Street Footwear,Outlet,42.27,1.0,
108392,12/23/2024,Walmart,Northeast,New York,Men's Athletic Footwear,Outlet,69.16,46.0,3181.36
107084,03/31/2023,Foot Locker,South,Texas,Men's Athletic Footwear,Outlet,87.72,41.0,3596.52
103229,25 Nov 2024,Kohl's,Midwest,Wisconsin,Outdoor Footwear,In-store,58.23,18.0,1048.14
104544,12 Aug 2024,J.D. Sports,South,Texas,Accessories,Outlet,47.9,91.0,4358.9
107130,05-07-2022,Kohl's,Northeast,Massachusetts,Women's Apparel,Outlet,70.38,73.0,5137.74
109104,05/24/2023,Foot Locker,SOUTHEAST,Georgia,Women's Athletic Footwear,Outlet,43.6,26.0,1133.6
105058,2023-03-14,Kohl's,Northeast,New Jersey,Women's Apparel,Online,28.12,54.0,1518.48
102430,09/29/2024,Sports Direct,Southeast,Virginia,Women's Athletic Footwear,Online,69.87,17.0,1187.79
104954,08-06-2023,KOHL'S,West,Arizona,Women's Athletic Footwear,Outlet,66.58,53.0,3528.74
103211,08/03/2024,West Gear,Midwest,Illinois,Women's Athletic Footwear,Online,54.72,26.0,1422.72
106486,26 Oct 2022,Sports Direct,West,Arizona,Outdoor Footwear,In-store,32.91,,1283.49
100762,15/12/2023,Sports Direct,West,Oregon,Men's Apparel,Outlet,16.21,40.0,648.4
101155,25/01/2022,Kohl's,Northeast,Pennsylvania,Women's Athletic Footwear,Outlet,18.57,16.0,297.12
109044,14/04/2024,Foot Locker,Southeast,North Carolina,Men's Street Footwear,In-store,69.37,22.0,1526.14
104334,25 Sep 2024,West Gear,Midwest,Ohio,Accessories,Outlet,37.89,36.0,1364.04
108298,11/04/2024,Foot Locker,Midwest,Michigan,Accessories,Outlet,8.0,71.0,568.0
106516,02/26/2024,Sports Direct,WEST,Oregon,Men's Athletic Footwear,outlet,23.25,52.0,1209.0
102145,17-07-2023,  Walmart ,Southeast,North Carolina,Women's Street Footwear,,,41.0,2856.88
102267,2022-08-09,Sports Direct,Northeast,Massachusetts,Accessories,In-store,59.06,18.0,1063.08
103053,2022-12-05,Foot Locker,South,Louisiana,Kids' Apparel,In-store,41.31,35.0,1445.85
100032,12/03/2023,West Gear,West,Oregon,Women's Street Footwear,In-store,53.01,68.0,3604.68
101008,26 Dec 2023,Foot Locker,Northeast,New Jersey,Women's Street Footwear,In-store,46.83,,655.62
107349,12-05-2022,West Gear,Midwest,Illinois,Men's Apparel,Online,45.56,68.0,3098.08
102903,02/07/2023,Walmart,NORTHEAST,Massachusetts,Men's Apparel,In-store,55.97,59.0,3302.23
105358,13 Feb 2023,West Gear,West,Oregon,Women's Street Footwear,In-store,55.05,36.0,1981.8
109076,06/03/2023,Sports Direct,Midwest,Wisconsin,Women's Apparel,In-store,64.03,70.0,448210.00000000006
106055,16 Dec 2023,Sports Direct,Northeast,New York,Kids' Apparel,In-store,25.0,23.0,575.0
102911,30/10/2024,Walmart,South,Tennessee,Kids' Apparel,,45.28,55.0,2490.4
105732,14/08/2022,West Gear,SOUTH,Tennessee,Women's Apparel,Outlet,43.19,60.0,
105413,15 Nov 2024,Kohl's,South,Louisiana,Women's Athletic Footwear,In-store,57.99,54.0,3131.46
108506,04 Jun 2022,Walmart,South,Oklahoma,Women's Street Footwear,In-store,57.43,16.0,918.88
108100,04-06-2023,Sports Direct,South,Texas,Kids' Apparel,Online,62.06,28.0,
105409,02-10-2022,West Gear,Midwest,Illinois,Women's Apparel,In-store,61.61,24.0,1478.64
108720,11/02/2024,Walmart,Midwest,Ohio,Kids' Apparel,Outlet,70.79,40.0,2831.6
104987,08/06/2024,kohl's,WEST,Arizona,Women's Street Footwear, Online,8.0,39.0,312.0
108612,27-05-2024,Amazon,Southeast,North Carolina,Women's Apparel,Outlet,82.49,43.0,3547.07
105456,2024-08-13,Walmart,MIDWEST,Ohio,Kids' Footwear,Online,41.64,20.0,832.8
101640,20/02/2024,Sports Direct,Southeast,Florida,Women's Street Footwear,In-store,40.53,1.0,40.53
109544,2024-05-28,Amazon,South,Texas,Women's Apparel,Online,41.76,30.0,1252.8
107381,02/08/2023,Sports Direct,Southeast,Virginia,Women's Street Footwear,Online,75.63,25.0,1890.75
101513,12 Sep 2024,J.D. Sports,Northeast,Massachusetts,Women's Athletic Footwear,Outlet,56.57,2.0,113.14
100246,02-10-2024,Foot Locker,Southeast,North Carolina,Men's Street Footwear,,42.7,50.0,2135.0
108749,11/01/2024,  J.D. Sports ,Midwest,Wisconsin,Accessories,Online,25.76,30.0,772.8
107724,04/10/2024,J.D. Sports,West,Washington,Outdoor Footwear,In-store,41.3,26.0,1073.8
103659,11/08/2023,J.D. Sports,West,California,Women's Athletic Footwear,In-store,35.98,59.0,2122.82
100240,21 Nov 2023,kohl's,Southeast,Florida,Men's Apparel,OUTLET,63.42,15.0,951.3
108490,2022-12-21,Sports Direct,South,Texas,Kids' Apparel,Online,60.76,27.0,1640.52
105073,21 Nov 2022,Walmart,SOUTH,Tennessee,Women's Apparel, Outlet,51.64,40.0,2065.6
106963,2023-08-11,Amazon,South,Texas,Accessories,Outlet,39.38,53.0,2087.14
103316,10/01/2022,AMAZON,West,Washington,Women's Street Footwear,Online,44.48,1.0,44.48
100916,09/01/2022,Sports Direct,West,Oregon,Accessories,Online,62.41,46.0,2870.86
104218,01/03/2024,Walmart,Southeast,Florida,Women's Apparel,Online,29.94,43.0,1287.42
108176,04/01/2024,  Walmart ,SOUTHEAST,North Carolina,Men's Athletic Footwear,In-store,55.02,48.0,2640.96
106101,17-12-2024,Foot Locker,Midwest,Illinois,Outdoor Footwear,In-store,80.18,40.0,3207.2
107275,2023-11-09,Sports Direct,West,Oregon,Kids' Apparel,Online,69.64,59.0,4108.76
106833,2024-08-17,Kohl's,West,Washington,Women's Athletic Footwear,In-store,68.96,40.0,2758.4
102899,2024-07-07,J.D. Sports,West,Oregon,Men's Street Footwear,In-store,,31.0,2742.26
109560,11/03/2024,walmart,SOUTHEAST,Florida,Women's Street Footwear,Online,58.97,29.0,
100593,02/20/2024,Sports Direct,Southeast,Virginia,Men's Street Footwear, Outlet,10.33,58.0,599.14
100780,2022-01-21,Walmart,Southeast,North Carolina,Men's Apparel,Online,,,346.04
105470,01-06-2022,J.D. Sports,South,Texas,Kids' Apparel,Online,56.31,19.0,1069.89
105002,10/12/2023,Walmart,West,California,Women's Apparel,In-store,69.67,56.0,3901.52
106301,2024-02-28,Sports Direct,South,Louisiana,Accessories,In-store,81.12,40.0,3244.8
103252,2023-02-14,Foot Locker,South,Louisiana,Kids' Footwear,In-store,48.66,6.0,291.96
108341,22 Oct 2023,Sports Direct,Northeast,Pennsylvania,Women's Street Footwear,OUTLET,92.88,40.0,3715.2
103749,12/02/2024,Foot Locker,West,Oregon,Women's Athletic Footwear,Online,15.98,,271.66
101061,25 Nov 2023,SPORTS DIRECT,South,Oklahoma,Women's Athletic Footwear,Outlet,75.47,35.0,3962.1749999999997
102851,04-04-2022,Walmart,West,Arizona,Kids' Footwear,Outlet,26.53,6.0,159.18
109457,2022-08-05,j.d. sports,Southeast,Virginia,Men's Athletic Footwear,Outlet,33.27,30.0,998.1
107535,2023-03-06,Amazon,Northeast,  New Jersey  ,Women's Apparel, In-store,73.0,47.0,3431.0
103040,04/28/2023,Foot Locker,West,Arizona,Accessories,IN-STORE,46.78,39.0,1824.42
103799,24/04/2022,Amazon,Northeast,Pennsylvania,Men's Athletic Footwear,Online,51.76,44.0,2277.44
103499,2023-01-16,Walmart,Midwest,Michigan,Women's Apparel,Outlet,86.43,40.0,3457.2
101226,12/21/2022,kohl's,Midwest,Michigan,Outdoor Footwear,In-store,72.76,27.0,1964.52
102597,23-08-2024,West Gear,Midwest,Ohio,Men's Street Footwear,outlet,33.26,36.0,1197.36
109000,17-10-2024,adidas online store,SOUTH,Louisiana,Men's Athletic Footwear,In-store,50.4,58.0,2923.2
109210,06/06/2023,Walmart,South,Texas,Men's Street Footwear,In-store,67.39,17.0,1145.63
102755,17-02-2024,WEST GEAR,Northeast,New York,Kids' Apparel,Outlet,51.2,44.0,2252.8
101100,11/29/2022,Foot Locker,Northeast,Massachusetts,Men's Apparel,Outlet,53.73,-8.0,
106039,2023-10-24,Kohl's,West,Oregon,Kids' Apparel,In-store,72.82,3.0,218.46
104724,18-08-2023,Foot Locker,Midwest,Wisconsin,Women's Apparel,Outlet,56.95,31.0,1765.45
100010,2023-09-07,Sports Direct,Midwest,Ohio,Women's Athletic Footwear,In-store,60.49,4.0,241.96
108291,09 Oct 2024,Adidas Online Store,South,Texas,Women's Apparel,In-store,53.01,55.0,2915.55
104437,25 Dec 2022,Sports Direct,West,California,Outdoor Footwear,In-store,89.38,25.0,2234.5
103234,29 Mar 2023,Amazon,Southeast,Virginia,Men's Apparel,Outlet,50.4,30.0,
109561,30 May 2022,Walmart,NORTHEAST,Pennsylvania,Accessories,ONLINE,57.43,28.0,1608.04
103412,04/07/2022,Walmart,Southeast,,Womens Street Footwear,In-store,80.27,50.0,4013.5
106858,18 Oct 2022,  Foot Locker ,Midwest,,Outdoor Footwear,Online,51.39,32.0,1644.48
108857,03/09/2024,KOHL'S,Northeast,New Jersey,Women's Apparel,In-store,54.79,49.0,2684.71
106111,09-04-2023,Kohl's,Midwest,Wisconsin,Accessories,Outlet,37.65,40.0,1506.0
101643,2023-03-10,Adidas Online Store,South,Oklahoma,Men's Apparel,Online,87.31,38.0,3317.78
100214,15 Sep 2023,Foot Locker,NORTHEAST,New York,Outdoor Footwear, Outlet,25.63,34.0,871.42
109019,03/24/2023,Walmart,Southeast,,Outdoor Footwear,Outlet,66.13,1.0,66.13
108709,06 Apr 2023,Kohl's,Midwest,Wisconsin,Accessories,In-store,43.12,38.0,1638.56
108174,30 Mar 2023,Walmart,SOUTH,Oklahoma,Kids' Apparel,online,46.8,15.0,702.0
107398,01/10/2024,Adidas Online Store,Southeast,Florida,Men's Street Footwear,online,27.88,13.0,362.44
105533,20/08/2023,Kohl's,Midwest,Wisconsin,Men's Street Footwear,outlet,69.56,41.0,2851.96
103140,27 Dec 2022,Amazon,Midwest,Michigan,Men's Apparel,Online,21.64,1.0,21.64
109475,15 Apr 2022,Adidas Online Store,Southeast,Florida,Women's Athletic Footwear,Outlet,75.43,20.0,1508.6
105320,03/10/2022,Sports Direct,Midwest,Illinois,Men's Athletic Footwear,Online,76.45,43.0,
106471,21-10-2022,Sports Direct,Midwest,Illinois,Outdoor Footwear,In-store,29.23,17.0,496.91
100698,01 Jul 2023,Walmart,Midwest,Wisconsin,Kids' Footwear,Outlet,44.59,48.0,2140.32
107030,03-10-2022,sports direct,Midwest,Michigan,Men's Athletic Footwear,In-store,34.85,67.0,2334.95
101976,10-07-2024,Foot Locker,Midwest,Michigan,Accessories,in-store,90.31,58.0,5237.98
109495,23-03-2022,Amazon,South,Tennessee,Kids' Footwear,In-store,81.19,1.0,81.19
109056,2022-06-29,Sports Direct,Northeast,Pennsylvania,Women's Street Footwear,Online,,2.0,19.0
101592,2023-05-24,Foot Locker,Northeast,Pennsylvania,Men's Athletic Footwear, Outlet,61.13,32.0,1956.16
105077,07-04-2024,Foot Locker,NORTHEAST,Pennsylvania,Kids' Apparel,Online,56.28,56.0,3151.68
104755,2022-12-05,J.D. Sports,NORTHEAST,Pennsylvania,Women's Athletic Footwear,Outlet,65.98,15.0,989.7
100522,17/12/2024,West Gear,WEST,Washington,Women's Apparel,Outlet,44.68,36.0,1608.48
109345,2022-11-11,J.D. SPORTS,Southeast,Georgia,Kids' Apparel,Outlet,43.27,30.0,1298.1
108378,2023-06-05,Walmart,Midwest,Michigan,Outdoor Footwear,In-store,47.72,8.0,381.76
106821,17-05-2023,Adidas Online Store,Southeast,Florida,Accessories,In-store,65.75,16.0,1052.0
104802,11/30/2022,Adidas Online Store,South,Louisiana,Men's Apparel,Outlet,,11.0,649.11
109397,2023-05-23,West Gear,West,Arizona,Kids' Footwear,Outlet,36.52,77.0,2812.04
106702,10/12/2022,J.D. Sports,Northeast,Pennsylvania,Women's Athletic Footwear,Outlet,34.36,38.0,1305.68
104584,30-11-2024,Adidas Online Store,Southeast,Florida,Men's Athletic Footwear,In-store,,56.0,2542.4
107157,10-12-2023,j.d. sports,Northeast,Pennsylvania,Women's Athletic Footwear,In-store,15.51,17.0,263.67
102115,01/14/2024,Walmart,Midwest,Illinois,Outdoor Footwear,in-store,25.74,34.0,875.16
103950,02/08/2024,j.d. sports,Southeast,Virginia,Outdoor Footwear,Outlet,65.21,14.0,912.94
103468,23-12-2023,J.D. Sports,Southeast,Florida,Men's Apparel,In-store,50.99,33.0,1682.67
105338,17-11-2024,J.D. Sports,Midwest,Illinois,Women's Street Footwear,In-store,63.4,39.0,2472.6
108845,27/09/2022,J.D. Sports,SOUTHEAST,North Carolina,Women's Apparel,In-store,47.85,16.0,765.6
108466,04-09-2024,West Gear,South,Louisiana,Men's Street Footwear,In-store,48.81,21.0,1025.01
100882,2022-07-25,WALMART,Southeast,North Carolina,Women's Athletic Footwear,In-store,56.54,,735.02
106107,19 May 2024,  Kohl's ,Southeast,Virginia,Kids' Apparel,Outlet,59.54,22.0,1309.88
105260,23 May 2024,Adidas Online Store,NORTHEAST,New Jersey,Men's Athletic Footwear,In-store,51.73,2.0,103.46
106772,04-07-2022,Kohl's,Southeast,Virginia,Men's Street Footwear,Outlet,31.43,15.0,471.45
104939,10-06-2024,Kohl's,South,Texas,Women's Apparel,In-store,95.64,16.0,1530.24
104775,08/08/2022,West Gear,South,Texas,Accessories,In-store,60.82,68.0,4135.76
104767,10 Nov 2022,Adidas Online Store,West,,Men's Street Footwear,Outlet,31.41,1.0,31.41
103867,06/29/2024,West Gear,South,Oklahoma,Kids' Apparel,Outlet,42.86,34.0,1457.24
101159,08-04-2024,West Gear,South,Tennessee,Kids' Apparel,In-store,41.59,,232904.0
102605,28/12/2023,West Gear,South,Louisiana,Women's Apparel,Online,36.55,8.0,292.4
107450,18 Aug 2023,  Amazon ,Midwest,Wisconsin,Men's Athletic Footwear,online,84.13,54.0,4543.02
102769,08-07-2024,KOHL'S,Northeast,New Jersey,Women's Street Footwear,In-store,47.43,28.0,1328.04
104496,29 Feb 2024,West Gear,South,Texas,Kids' Footwear,Outlet,57.06,15.0,855.9
105883,23 Jan 2024,Adidas Online Store,Northeast,Massachusetts,Kids' Apparel,In-store,30.41,36.0,1094.76
105519,20/04/2024,Sports Direct,South,Tennessee,Women's Apparel,Outlet,50.59,1.0,50.59
103570,19 Apr 2024,Amazon,Northeast,Pennsylvania,Men's Athletic Footwear,Outlet,43.92,38.0,1668.96
100942,21/11/2023,WALMART,South,Louisiana,Accessories,Outlet,50.26,42.0,2110.92
106180,2023-02-04,Foot Locker,Midwest,Michigan,Women's Apparel,Outlet,10.6,1.0,10.6
107640,28 Jan 2022,SPORTS DIRECT,WEST,California,Women's Athletic Footwear, Outlet,43.26,1.0,43.26
106738,24-08-2024,Kohl's,Midwest,Wisconsin,Kids' Footwear,In-store,61.96,37.0,2292.52
106825,12 Dec 2024,AMAZON,West,Arizona,Women's Street Footwear,Outlet,72.25,59.0,4262.75
106374,26-02-2024,Adidas Online Store,West,Arizona,Women's Apparel,Online,69.89,32.0,2236.48
104920,29/01/2024,Kohl's,South,Oklahoma,Womens Athletic Footwear,In-store,50.07,48.0,2403.36
102118,22 Sep 2023,Walmart,Northeast,New Jersey,Kids' Apparel,Online,35.84,30.0,1075.2
105253,28-09-2024,Adidas Online Store,MIDWEST,Illinois,Kids' Footwear,online,30.45,30.0,913.5
103716,06/24/2022,Kohl's,South,  Texas  ,Men's Apparel,Online,40.8,41.0,1672.8
109558,2022-08-17,Amazon,West,Oregon,Men's Athletic Footwear,Online,57.53,17.0,978.01
105674,05-09-2023,  Amazon ,Southeast,North Carolina,Kids' Footwear,in-store,46.49,40.0,1859.6
102535,2023-01-04,Walmart,Southeast,,Kids' Footwear,In-store,67.6,41.0,2771.6
102013,2024-10-26,  J.D. Sports ,Northeast,New Jersey,Men's Street Footwear,Online,69.31,30.0,2079.3
102526,12 Dec 2022,Amazon,Southeast,Florida,Kids' Apparel,Outlet,57.63,16.0,922.08
103044,10/14/2022,Kohl's,West,Washington,Men's Apparel,OUTLET,56.25,29.0,1631.25
103822,25/07/2023,Walmart,Northeast,Massachusetts,Men's Street Footwear,Outlet,,15.0,1445.4
106536,26/05/2023,Adidas Online Store,West,Oregon,Women's Apparel,Outlet,32.63,38.0,1239.94
105127,11-10-2022,Adidas Online Store,Northeast,New York,Accessories,Online,60.33,23.0,1387.59
108269,02/23/2022,amazon,SOUTHEAST,North Carolina,Accessories, In-store,40.2,27.0,1085.4
104401,30-06-2022,West Gear,Northeast,New York,Accessories,In-store,45.85,37.0,
106690,14/12/2024,West Gear,Northeast,Pennsylvania,Women's Street Footwear,Outlet,36.39,21.0,764.19
104215,2024-05-18,Sports Direct,Southeast,North Carolina,Kids' Apparel,Outlet,32.34,12.0,388.08
104967,08/04/2022,West Gear,South,Tennessee,Women's Athletic Footwear,In-store,44.72,14.0,626.08
106425,26/10/2023,West Gear,WEST,Oregon,Kids' Apparel,outlet,66.56,65.0,4326.4
101529,10/07/2024,West Gear,Southeast,North Carolina,Men's Athletic Footwear,online,70.44,29.0,2042.76
100657,11/27/2024,Adidas Online Store,Midwest,Illinois,Kids' Footwear,Online,61.26,56.0,3430.56
108319,2024-12-22,Walmart,Southeast,North Carolina,Kids' Footwear,Online,75.95,13.0,987.35
101859,2022-05-25,West Gear,South,Tennessee,Women's Apparel,Outlet,42.0,,1176.0
108926,06/28/2024,Kohl's,Midwest,Michigan,Men's Street Footwear,,23.81,33.0,785.73
100990,06 Dec 2022,West Gear,West,Oregon,Accessories,Outlet,37.92,11.0,417.12
109356,28 Mar 2022,Walmart,Southeast,  North Carolina  ,Accessories,Outlet,58.96,46.0,2712.16
107190,03 Jan 2022,Amazon,Midwest,Michigan,Women's Apparel,Online,81.39,48.0,3906.72
101459,13/01/2022,  West Gear ,SOUTHEAST,Florida,Women's Apparel,In-store,36.27,,1414.53
105246,25 Aug 2023,Foot Locker,Southeast,North Carolina,Men's Athletic Footwear,Outlet,67.22,27.0,1814.94
100872,2022-11-01,AMAZON,Southeast,Florida,Accessories,Outlet,68.78,35.0,2407.3
104764,05/05/2022,Kohl's,Midwest,Wisconsin,Men's Street Footwear,In-store,69.12,,69.12
108769,2022-12-22,J.D. Sports,Southeast,Virginia,Women's Apparel,In-store,28.09,21.0,589.89
100135,09/22/2023,Kohl's,West,Washington,Men's Street Footwear,Outlet,44.94,47.0,2112.18
108208,08/17/2024,Walmart,Southeast,Georgia,Men's Street Footwear,Online,65.66,49.0,3217.34
102041,08/08/2023,J.D. SPORTS,South,Tennessee,Outdoor Footwear,Online,79.36,33.0,2618.88
107540,2022-07-31,  Kohl's ,South,Texas,Men's Apparel, In-store,49.39,47.0,2321.33
102783,11/09/2024,Walmart,MIDWEST,Wisconsin,Kids' Footwear,Online,40.34,37.0,1492.58
101822,03 Sep 2024,Adidas Online Store,Southeast,Georgia,Outdoor Footwear,In-store,36.36,42.0,1527.12
104025,17 Sep 2022,J.D. Sports,West,Washington,Outdoor Footwear,Online,45.55,39.0,1776.45
104412,21 Aug 2024,adidas online store,Southeast,Georgia,Men's Apparel,Outlet,86.06,37.0,3184.22
106662,12/28/2024,J.D. Sports,South,Oklahoma,Women's Apparel,In-store,22.72,16.0,363.52
105981,2024-09-25,ADIDAS ONLINE STORE,Midwest,Michigan,Men's Athletic Footwear, Online,18.55,57.0,1057.35
105114,05-02-2023,Sports Direct,SOUTH,Louisiana,Accessories,Online,71.23,46.0,3276.58
102591,22/06/2024,Foot Locker,West,Oregon,Women's Athletic Footwear,Online,47.29,54.0,2553.66
109567,23 Jan 2022,Amazon,Midwest,,Men's Athletic Footwear,,57.64,19.0,1095.16
102909,22 May 2024,Walmart,Northeast,,Women's Street Footwear,Outlet,57.8,31.0,1791.8
102379,01/06/2022,WALMART,Midwest,Michigan,Accessories,Outlet,72.4,60.0,4344.0
109453,23-05-2023,Sports Direct,West,Washington,Men's Athletic Footwear,In-store,16.86,10.0,168.6
100111,2022-07-28,Amazon,Midwest,Wisconsin,Men's Street Footwear,outlet,58.57,69.0,4041.33
107806,12/05/2023,West Gear,Midwest,Wisconsin,Outdoor Footwear,Outlet,52.13,34.0,1772.42
104178,2023-03-17,Walmart,Southeast,North Carolina,Outdoor Footwear, Online,47.31,20.0,946.2
108432,10 Mar 2024,Walmart,South,Texas,Men's Street Footwear,In-store,66.07,23.0,2279.415
108109,2022-12-03,Adidas Online Store,Southeast,North Carolina,Women's Athletic Footwear,in-store,68.72,,
103096,24/01/2024,west gear,Southeast,Florida,Accessories,Outlet,26.29,31.0,814.99
102113,09-10-2022,Adidas Online Store,West,Washington,Kids' Footwear, In-store,28.75,26.0,747.5
108707,27/11/2023,J.D. Sports,West,California,Women's Apparel,ONLINE,54.29,42.0,2280.18
103362,08/01/2024,amazon,Northeast,New York,Men's Athletic Footwear,Outlet,46.89,21.0,984.69
101686,12/22/2023,Walmart,West,Arizona,Men's Street Footwear, Online,49.84,42.0,2093.28
108473,12 May 2023,Sports Direct,Southeast,Georgia,Men's Apparel,Online,96.8,38.0,3678.4
109596,17 Jun 2022,J.D. Sports,Midwest,Ohio,Men's Apparel,In-store,44.6,11.0,490.6
105478,28/03/2022,Foot Locker,Northeast,New Jersey,Men's Apparel,Online,48.06,57.0,2739.42
100474,23 Aug 2022,  J.D. Sports ,Southeast,Georgia,Kids' Footwear,In-store,64.09,32.0,2050.88
103148,03/12/2023,Foot Locker,South,Tennessee,Women's Athletic Footwear,In-store,43.5,47.0,2044.5
104852,02-08-2022,Walmart,Midwest,Illinois,Kids' Apparel,In-store,64.41,22.0,1417.02
105440,04/05/2023,Sports Direct,South,Texas,Women's Athletic Footwear, Online,58.21,75.0,4365.75
107564,18/08/2024,Adidas Online Store,Southeast,North Carolina,Men's Athletic Footwear,In-store,28.18,53.0,1493.54
109376,25-12-2023,foot locker,Southeast,North Carolina,Women's Athletic Footwear,ONLINE,91.45,14.0,1280.3
107151,26-07-2024,Sports Direct,South,Oklahoma,Outdoor Footwear,In-store,46.86,25.0,1171.5
106842,11/15/2023,J.D. Sports,South,,Women's Apparel,Online,44.05,53.0,2334.65
102105,27-08-2023,West Gear,Midwest,Ohio,Outdoor Footwear,Outlet,68.48,1.0,68.48
108162,13 Oct 2022,Adidas Online Store,South,Louisiana,Kids' Footwear,Outlet,55.97,9.0,503.73
103720,07/01/2022,West Gear,Southeast,Georgia,Mens Athletic Footwear,,59.23,47.0,2783.81
103093,24/02/2022,Amazon,Midwest,Wisconsin,Men's Athletic Footwear,In-store,102.15,8.0,817.2
101758,10/03/2024,Adidas Online Store,Northeast,New Jersey,Kids' Apparel,Outlet,,24.0,1851.6
102215,01-09-2023,Sports Direct,Northeast,New York,Accessories,,88.98,34.0,3025.32
100374,28-05-2023,Sports Direct,Southeast,Georgia,Men's Athletic Footwear,Outlet,63.44,76.0,4821.44
108203,2023-11-18,Foot Locker,South,Louisiana,Outdoor Footwear,,58.34,8.0,466.72
108610,2024-09-08,Amazon,South,Oklahoma,Men's Street Footwear,In-store,48.68,79.0,3845.72
106749,06/29/2023,West Gear,WEST,California,Kids' Apparel,Online,51.93,42.0,2181.06
107355,2023-07-21,Adidas Online Store,Midwest,Ohio,Accessories,In-store,61.1,18.0,1099.8
101388,15/09/2023,J.D. Sports,West,Washington,Women's Athletic Footwear,Online,68.4,59.0,4035.6
100011,30-05-2022,Walmart,South,Tennessee,Kids' Apparel,Outlet,88.01,38.0,3344.38
102204,09 Jun 2023,Sports Direct,Southeast,Georgia,Women's Athletic Footwear,In-store,48.8,52.0,2537.6
107518,2022-12-31,Amazon,Northeast,,Men's Street Footwear,in-store,31.42,48.0,1508.16
107635,06/18/2023,West Gear,Midwest,Illinois,Men's Athletic Footwear,Online,53.55,4.0,214.2
103874,2024-10-29,Sports Direct,Midwest,Wisconsin,Men's Street Footwear,In-store,85.05,46.0,3912.3
105366,20/12/2024,Sports Direct,SOUTHEAST,Florida,Outdoor Footwear,Online,52.1,1.0,52.1
103918,07-03-2022,Amazon,Midwest,,Women's Athletic Footwear,In-store,55.01,29.0,1595.29
102697,09-12-2023,Adidas Online Store,Midwest,Wisconsin,Kids' Apparel,Outlet,52.18,38.0,1982.84
109487,20-05-2023,Foot Locker,South,Oklahoma,Men's Street Footwear, In-store,47.16,32.0,1509.12
106156,06-01-2024,Kohl's,South,Tennessee,Kids' Footwear,Outlet,50.81,18.0,914.58
108683,12 Mar 2022,Foot Locker,Southeast,,Outdoor Footwear,Outlet,40.87,86.0,3514.82
102971,02 Dec 2023,Walmart,Southeast,Georgia,Women's Athletic Footwear,In-store,66.6,27.0,1798.2
100104,07/11/2024,  Walmart ,Southeast,North Carolina,Women's Street Footwear,ONLINE,61.0,51.0,
100443,19 Sep 2022,Kohl's,Southeast,Florida,Men's Apparel,Online,69.41,66.0,4581.06
103782,2023-09-15,Foot Locker,Midwest,Michigan,Accessories,In-store,47.47,36.0,1708.92
104625,2022-04-09,Adidas Online Store,Southeast,North Carolina,Women's Athletic Footwear,Outlet,66.34,13.0,862.42
107150,07/02/2022,kohl's,South,Oklahoma,Women's Apparel,Online,35.27,5.0,176.35
105275,2023-12-04,West Gear,Midwest,Michigan,Kids' Footwear,Online,41.77,62.0,2589.74
107729,10/27/2022,Kohl's,Southeast,Virginia,Women's Athletic Footwear,Online,48.49,46.0,2230.54
108744,12/07/2024,J.D. Sports,Southeast,North Carolina,Men's Apparel,Online,103.59,1.0,103.59
105797,08/07/2022,West Gear,Northeast,New York,Kids' Footwear,Outlet,52.78,4.0,211.12
108278,21 Dec 2023,Foot Locker,Midwest,Illinois,Men's Athletic Footwear, Online,16.03,50.0,801.5
100171,03/24/2022,Kohl's,Northeast,Pennsylvania,Kids' Apparel,Outlet,90.65,13.0,1178.45
103325,30 Apr 2024,J.D. Sports,South,Tennessee,Men's Athletic Footwear,,53.77,40.0,2150.8
104230,2024-06-11,Sports Direct,Midwest,Wisconsin,Men's Athletic Footwear, Online,37.72,35.0,1320.2
100046,07/30/2022,  Sports Direct ,Midwest,Ohio,Men's Street Footwear,In-store,65.97,48.0,3166.56
108015,2023-05-09,Walmart,West,Washington,Women's Apparel,In-store,47.2,48.0,3398.3999999999996
107486,12/02/2022,Walmart,Northeast,New Jersey,Kids' Footwear,In-store,42.11,19.0,800.09
106208,30-07-2022,Amazon,West,California,Men's Street Footwear,In-store,105.47,60.0,6328.2
108450,02/14/2024,WEST GEAR,West,,Kids' Apparel,In-store,65.74,45.0,2958.3
106522,01-10-2024,Adidas Online Store,Midwest,Wisconsin,Men's Apparel,Online,29.57,49.0,1448.93
108959,23-06-2022,West Gear,Southeast,Florida,Women's Athletic Footwear,Outlet,46.0,42.0,1932.0
100056,28-12-2024,Amazon,SOUTH,Oklahoma,Kids' Apparel,Online,49.24,40.0,
101156,2024-10-06,Foot Locker,Northeast,New York,Kids' Footwear,Outlet,39.87,24.0,956.88
102774,01/10/2024,  J.D. Sports ,Northeast,New Jersey,Women's Athletic Footwear,Online,50.8,35.0,1778.0
102107,13-01-2023,sports direct,Southeast,Georgia,Outdoor Footwear,Outlet,34.97,21.0,734.37
101199,02/08/2024,  West Gear ,Southeast,Florida,Women's Athletic Footwear,Outlet,75.16,28.0,2104.48
106760,04/02/2022,Sports Direct,Northeast,Pennsylvania,Kids' Apparel,Online,68.55,27.0,1850.85
102889,23/11/2022,Adidas Online Store,Southeast,Georgia,Women's Street Footwear,In-store,87.33,26.0,2270.58
101464,06/08/2024,  Foot Locker ,NORTHEAST,Pennsylvania,Women's Apparel,Online,95.34,20.0,1906.8
109506,2024-07-01,J.D. Sports,Northeast,Pennsylvania,Men's Athletic Footwear,Outlet,34.83,45.0,1567.35
105932,12/06/2022,foot locker,Northeast,Pennsylvania,Kids' Apparel,Outlet,48.32,2.0,96.64
108908,07/06/2023,West Gear,Midwest,Michigan,Women's Street Footwear,In-store,39.86,45.0,1793.7
106488,07 Aug 2023,Kohl's,SOUTH,,Accessories,Outlet,42.28,7.0,295.96
109388,2022-08-29,ADIDAS ONLINE STORE,Southeast,Virginia,Men's Apparel,Online,51.32,52.0,2668.64
109400,14-06-2023,J.D. Sports,MIDWEST,Illinois,Accessories,Online,50.11,61.0,3056.71
106466,28/11/2022,Adidas Online Store,South,Oklahoma,Women's Apparel,Outlet,89.46,,
101242,01-11-2022,West Gear,Southeast,Georgia,Accessories,Online,29.76,21.0,624.96
102119,03/23/2023,Walmart,Northeast,Massachusetts,Outdoor Footwear,Online,35.73,71.0,2536.83
104665,07/15/2024,Amazon,West,California,Men's Apparel,Outlet,32.23,,2062.72
104368,09-09-2024,Sports Direct,Southeast,North Carolina,Women's Street Footwear,In-store,37.51,37.0,1387.87
102545,08/11/2024,West Gear,Midwest,Wisconsin,Men's Street Footwear,In-store,61.47,1.0,61.47
109715,29-10-2023,Adidas Online Store,Midwest,Ohio,Outdoor Footwear,online,59.07,51.0,4518.8550000000005
106223,2024-08-18,Sports Direct,Northeast,Massachusetts,Kids' Footwear,Online,62.88,29.0,1823.52
106892,12-08-2024,Adidas Online Store,West,Arizona,Kids' Apparel,Online,47.43,27.0,1280.61
107002,2022-07-19,Amazon,West,Oregon,Kids' Footwear,Outlet,41.14,32.0,1316.48
102951,26 Oct 2024,West Gear,Northeast,New Jersey,Men's Athletic Footwear,Online,32.43,41.0,1329.63
109303,04/09/2024,J.D. Sports,Southeast,Florida,Accessories,Outlet,53.55,41.0,2195.55
105405,04/04/2022,Amazon,West,,Kids' Apparel,Outlet,74.36,30.0,2230.8
101044,06/03/2023,West Gear,South,Tennessee,Women's Apparel,Outlet,30.58,41.0,1253.78
107211,2024-10-12,Foot Locker,West,Arizona,Accessories,Online,40.75,57.0,2322.75
108975,29 Dec 2024,J.D. Sports,South,Louisiana,Kids' Footwear,Outlet,65.52,55.0,3603.6
102585,2023-07-24,Foot Locker,West,Washington,Accessories,Outlet,50.3,28.0,1408.4
108031,2022-04-23,Sports Direct,Southeast,  North Carolina  ,Women's Athletic Footwear,Online,26.66,74.0,1972.84
101757,10 Dec 2024,Foot Locker,Midwest,Ohio,Men's Apparel,In-store,58.73,54.0,3171.42
100286,10/12/2022,Kohl's,Midwest,Ohio,Kids' Footwear,Online,48.3,49.0,
107877,06/02/2022,Adidas Online Store,SOUTH,Louisiana,Kids' Apparel,In-store,69.37,12.0,832.44
106775,2023-02-08,Kohl's,Southeast,Virginia,Accessories,In-store,41.18,35.0,1441.3
104482,24-06-2023,west gear,West,California,Kids' Footwear,outlet,87.01,44.0,3828.44
108152,30/09/2022,J.D. Sports,West,Oregon,Men's Apparel,Outlet,36.68,54.0,1980.72
100483,01/16/2023,Sports Direct,Northeast,Pennsylvania,Men's Apparel,Outlet,77.52,38.0,2945.76
108188,23 Jan 2022,Foot Locker,Midwest,Wisconsin,Men's Apparel,Online,76.34,40.0,3053.6
103126,21-11-2023,Sports Direct,South,Oklahoma,Men's Street Footwear,In-store,,,2548.65
103713,22 Aug 2022,Sports Direct,South,Texas,Kids' Apparel,Online,34.58,75.0,2593.5
108244,05/06/2022,Amazon,Midwest,Michigan,Accessories,Online,60.33,,1266.93
106389,2022-03-11,J.D. Sports,South,Tennessee,Women's Athletic Footwear,in-store,64.72,9.0,582.48
104944,12/24/2022,Adidas Online Store,Southeast,North Carolina,Kids' Footwear,ONLINE,108.41,38.0,4119.58
105641,21 Aug 2022,Amazon,West,Oregon,Women's Athletic Footwear,Online,13.33,15.0,199.95
103592,27/10/2024,Walmart,South,Oklahoma,Men's Athletic Footwear,Online,58.83,31.0,1823.73
106542,13 Apr 2023,Foot Locker,South,Louisiana,Women's Apparel,In-store,74.99,95.0,7124.05
107697,04/05/2022,west gear,Northeast,Massachusetts,Women's Apparel,In-store,61.46,30.0,1843.8
102611,2024-12-06,West Gear,Southeast,Virginia,Women's Street Footwear,IN-STORE,17.1,35.0,598.5
100516,15/08/2022,West Gear,Northeast,Pennsylvania,Men's Street Footwear,Outlet,90.1,68.0,6126.8
107384,05-08-2024,Kohl's,MIDWEST,Ohio,Men's Street Footwear,Outlet,49.51,25.0,1237.75
100396,12-05-2023,J.D. Sports,South,Tennessee,Men's Apparel,In-store,55.67,55.0,3061.85
102120,22 Sep 2022,Adidas Online Store,Northeast,New York,Kids' Footwear,Online,53.85,75.0,4038.75
102124,2022-06-09,  Walmart ,South,Texas,Men's Athletic Footwear,outlet,45.41,19.0,862.79
101857,2023-05-04,Adidas Online Store,Northeast,Massachusetts,Kids' Apparel,Outlet,109.41,,4595.22
101237,05/21/2023,West Gear,Southeast,North Carolina,Women's Athletic Footwear,In-store,28.16,21.0,591.36
108998,27 Jul 2023,Walmart,South,Tennessee,Men's Apparel,Online,91.29,40.0,3651.6
100680,2024-03-18,Kohl's,MIDWEST,Ohio,Women's Apparel,Online,48.44,10.0,484.4
107078,01/18/2024,Kohl's,South,Tennessee,Kids' Footwear,In-store,54.13,35.0,1894.55
105998,19-06-2023,Sports Direct,Southeast,Florida,Accessories,Outlet,56.81,48.0,2726.88
109265,10 Aug 2023,Foot Locker,MIDWEST,Wisconsin,Men's Athletic Footwear,Online,79.49,46.0,3656.54
108395,16 Jan 2022,Foot Locker,West,Arizona,Kids' Apparel,Online,70.33,20.0,1406.6
106945,2022-06-27,Amazon,SOUTH,Tennessee,Kids' Apparel,Outlet,69.53,39.0,2711.67
104143,04 Jun 2022,Walmart,Southeast,Georgia,Outdoor Footwear,Online,50.25,25.0,1256.25
107111,29 Dec 2024,Walmart,Southeast,Florida,Men's Street Footwear,In-store,96.85,49.0,4745.65
108724,08/07/2024,J.D. Sports,West,Oregon,Men's Apparel,Outlet,65.0,43.0,2795.0
102244,2023-04-15,ADIDAS ONLINE STORE,Midwest,Ohio,Kids' Footwear,Online,61.17,51.0,3119.67
104843,20/10/2022,Walmart,South,,Kids' Apparel,Outlet,17.08,47.0,802.76
106630,16-05-2022,J.D. Sports,SOUTH,Tennessee,Outdoor Footwear,Outlet,82.2,52.0,4274.4
109357,04/07/2022,Foot Locker,West,Oregon,Accessories,Outlet,69.51,76.0,5282.76
101819,2024-07-23,Walmart,West,Washington,Men's Athletic Footwear,in-store,61.78,26.0,1606.28
103354,16 Feb 2023,Walmart,Midwest,Illinois,Kids' Apparel,In-store,55.72,14.0,780.08
103021,2022-04-01,West Gear,Southeast,Virginia,Men's Athletic Footwear,,76.43,29.0,
105223,03-05-2024,Adidas Online Store,Northeast,Massachusetts,Women's Apparel,Online,19.41,45.0,873.45
103018,30-08-2023,J.D. Sports,West,Washington,Kids' Footwear,ONLINE,60.53,1.0,60.53
105824,02/10/2022,Sports Direct,MIDWEST,Illinois,Accessories,Outlet,48.29,1.0,48.29
102108,15 Jul 2023,Walmart,Northeast,Massachusetts,Men's Athletic Footwear,In-store,52.15,59.0,3076.85
106582,14/12/2024,West Gear,Southeast,Virginia,Outdoor Footwear,Outlet,56.37,26.0,1465.62
101903,06/16/2022,Foot Locker,Southeast,Georgia,Men's Athletic Footwear,Online,44.44,44.0,1955.36
100579,07-02-2023,Amazon,Northeast,Massachusetts,Men's Athletic Footwear,In-store,27.56,4.0,110.24
105648,29/03/2022,ADIDAS ONLINE STORE,Northeast,Massachusetts,Accessories,Outlet,75.82,3.0,227.46
108491,2022-04-28,Adidas Online Store,Southeast,Georgia,Outdoor Footwear,Outlet,96.4,47.0,4530.8
108171,26 Feb 2023,FOOT LOCKER,South,Tennessee,Outdoor Footwear,Online,43.51,,2001.46
106756,2023-08-13,Foot Locker,South,Louisiana,Kids' Footwear,Online,68.48,6.0,410.88
105214,2024-10-23,Amazon,Midwest,Wisconsin,Women's Street Footwear,Online,66.53,45.0,2993.85
103990,30 May 2024,AMAZON,Midwest,Michigan,Outdoor Footwear,outlet,48.99,,3135.36
108488,12/24/2023,Walmart,Southeast,Georgia,Men's Street Footwear,Outlet,49.89,58.0,2893.62
103803,29 Nov 2022,Adidas Online Store,Southeast,Virginia,Outdoor Footwear,Outlet,37.56,69.0,2591.64
109651,2024-06-15,West Gear,Northeast,New Jersey,Women's Street Footwear,In-store,56.66,50.0,2833.0
104092,2023-09-03,Adidas Online Store,SOUTH,Tennessee,Women's Street Footwear, Online,79.55,25.0,1988.75
108893,27 Feb 2023,West Gear,Midwest,Ohio,Women's Apparel,Outlet,76.85,65.0,4995.25
108711,06 Sep 2024,kohl's,West,Arizona,Men's Street Footwear,Online,93.06,22.0,2047.32
105715,27 Sep 2024,Walmart,Northeast,New Jersey,Women's Athletic Footwear,Online,79.87,19.0,1517.53
101841,01/05/2024,  Foot Locker ,West,Oregon,Women's Street Footwear,Online,59.27,42.0,2489.34
101192,12/09/2024,Adidas Online Store,Southeast,Georgia,Women's Athletic Footwear,In-store,40.66,40.0,1626.4
103842,12 Dec 2023,Adidas Online Store,West,California,Outdoor Footwear,Online,45.48,68.0,3092.64
103340,05 Jan 2022,FOOT LOCKER,South,Texas,Kids' Apparel,Online,,8.0,582.8
104378,18-06-2022,West Gear,Southeast,Florida,Women's Apparel,Outlet,63.62,60.0,3817.2
106310,11-11-2023,west gear,South,,Kids' Apparel,In-store,80.64,6.0,483.84
103928,13-11-2022,J.D. Sports,South,Oklahoma,Kids' Apparel,Outlet,55.51,28.0,1554.28
105559,18 Jul 2022,West Gear,South,Texas,Outdoor Footwear,Online,72.35,44.0,3183.4
100824,27 Apr 2022,Amazon,West,Oregon,Men's Athletic Footwear,online,25.6,19.0,486.4
105433,30-11-2022,J.D. Sports,South,Louisiana,Women's Street Footwear,In-store,64.25,14.0,899.5
103581,05-11-2023,Walmart,South,Texas,Women's Apparel,Online,26.65,24.0,639.6
109041,2023-07-06,Foot Locker,Northeast,New York,Kids' Apparel,In-store,81.65,18.0,1469.7
108943,10/08/2022,West Gear,Northeast,Massachusetts,Outdoor Footwear,In-store,39.54,50.0,1977.0
105429,12/07/2024,Kohl's,Northeast,Massachusetts,Outdoor Footwear,Outlet,31.04,10.0,310.4
102274,03 Mar 2024,Amazon,West,Arizona,Women's Athletic Footwear,In-store,47.52,10.0,475.2
105601,03/31/2022,Kohl's,Southeast,Florida,Outdoor Footwear,Online,76.71,54.0,4142.34
109201,31-05-2024,Amazon,Midwest,Wisconsin,Men's Apparel,In-store,55.38,40.0,2215.2
106082,03/14/2023,Kohl's,Northeast,New Jersey,Kids' Apparel,Outlet,71.53,,3934.15
107958,03-04-2023,west gear,Southeast,North Carolina,Men's Street Footwear,In-store,85.48,6.0,512.88
108596,10 Apr 2023,Sports Direct,Southeast,Georgia,Accessories,Outlet,41.85,56.0,2343.6
105222,09/28/2022,West Gear,SOUTH,Texas,Women's Apparel,OUTLET,89.38,77.0,6882.26
105160,09/14/2022,Sports Direct,Southeast,Florida,Women's Athletic Footwear,online,50.1,20.0,1002.0
101103,2022-08-07,J.D. Sports,West,Oregon,Kids' Apparel,Outlet,28.97,34.0,984.98
105544,09 Jul 2024,Amazon,Midwest,Illinois,Kids' Apparel,Outlet,49.39,29.0,1432.31
109298,12/04/2024,Kohl's,Southeast,Virginia,Kids' Apparel,Online,69.76,56.0,3906.56
102939,2023-10-08,Adidas Online Store,West,Washington,Kids' Apparel,Outlet,54.94,9.0,494.46
109190,20/12/2024,Walmart,Northeast,New York,Men's Athletic Footwear,In-store,,36.0,1673.64
106719,25 Oct 2024,Amazon,NORTHEAST,Pennsylvania,Men's Athletic Footwear,Online,61.7,35.0,2159.5
109221,16/12/2022,J.D. Sports,South,Oklahoma,Women's Street Footwear,OUTLET,,32.0,2570.88
106795,2024-11-15,  Foot Locker ,South,Texas,Accessories,Outlet,41.47,28.0,1161.16
104231,07-12-2024,Kohl's,Northeast,Massachusetts,Women's Apparel,online,65.65,34.0,2232.1
105905,09 Nov 2023,Amazon,West,Arizona,Outdoor Footwear,In-store,80.37,,3295.17
103957,15/03/2022,Adidas Online Store,Midwest,Michigan,Kids' Footwear,In-store,8.0,57.0,456.0
107357,2022-12-14,Sports Direct,West,Oregon,Accessories,In-store,36.59,70.0,2561.3
106635,15 Jul 2024,Kohl's,MIDWEST,Michigan,Kids' Footwear,Online,10.46,58.0,606.68
105042,2023-05-25,Adidas Online Store,West,Washington,Women's Apparel,Online,72.46,29.0,2101.34
109508,2023-11-13,Amazon,West,Washington,Mens Apparel, Outlet,59.11,4.0,236.44
102786,06/19/2023,Adidas Online Store,Northeast,New York,Kids' Footwear,In-store,48.44,,2082.92
107721,27-07-2022,Amazon,NORTHEAST,Pennsylvania,Men's Athletic Footwear,Online,63.42,28.0,1775.76
108574,2023-10-02,  Sports Direct ,SOUTHEAST,Florida,Men's Athletic Footwear,In-store,59.81,45.0,2691.45
106768,2023-08-07,Walmart,Northeast,Massachusetts,Kids' Footwear,Online,69.79,52.0,3629.08
106134,11/17/2022,Walmart,Midwest,Wisconsin,Kids' Footwear, Outlet,59.24,44.0,2606.56
108086,22-05-2024,West Gear,SOUTHEAST,Georgia,Kids' Apparel,Online,41.7,34.0,1417.8
101467,09 Jul 2022,J.D. Sports,Midwest,Michigan,Kids' Apparel,Online,66.37,18.0,1791.9900000000002
100050,08 Dec 2024,Sports Direct,WEST,Arizona,Accessories,In-store,48.16,25.0,1204.0
102065,24 Mar 2022,  Kohl's ,Midwest,Ohio,Men's Athletic Footwear,Outlet,8.0,17.0,136.0
108474,21-04-2024,J.D. Sports,South,Tennessee,Women's Athletic Footwear,Online,57.02,47.0,2679.94
108813,27-10-2024,Kohl's,MIDWEST,  Wisconsin  ,Kids' Footwear,Outlet,89.44,42.0,3756.48
105125,2023-01-10,West Gear,SOUTH,Louisiana,Men's Apparel,Outlet,69.02,75.0,5176.5
108603,02/17/2022,Walmart,Northeast,Pennsylvania,Men's Apparel,Outlet,66.63,38.0,
108363,14-07-2022,  Kohl's ,SOUTHEAST,Virginia,Women's Athletic Footwear,Outlet,66.44,21.0,1395.24
104479,11/20/2024,J.D. Sports,Southeast,Georgia,Men's Athletic Footwear,,44.01,1.0,44.01
109691,07-12-2024,SPORTS DIRECT,South,Louisiana,Men's Apparel,Online,60.63,22.0,1333.86
109684,31-03-2023,Foot Locker,Southeast,,Women's Athletic Footwear,,60.99,29.0,1768.71
106218,21-04-2024,j.d. sports,West,California,Outdoor Footwear,Outlet,55.06,26.0,1431.56
100575,12-12-2024,WEST GEAR,Northeast,New York,Kids' Apparel,In-store,51.81,38.0,2953.17
101598,22/04/2024,Sports Direct,Midwest,Wisconsin,Men's Street Footwear,Outlet,32.56,14.0,455.84
108087,09 Feb 2022,West Gear,South,Tennessee,Men's Apparel,Online,79.87,51.0,4073.37
104656,08/13/2022,Sports Direct,West,Arizona,Kids' Apparel,In-store,47.66,75.0,3574.5
100765,2024-01-01,Walmart,West,California,Women's Athletic Footwear,Online,57.45,24.0,1378.8
105248,13/06/2024,AMAZON,Northeast,Pennsylvania,Men's Athletic Footwear,In-store,57.21,42.0,2402.82
101012,07-05-2024,  Sports Direct ,South,,Accessories,In-store,39.97,12.0,479.64
102506,30-08-2022,Kohl's,Northeast,Massachusetts,Kids' Footwear,Online,84.76,38.0,3220.88
106382,10/02/2023,foot locker,Midwest,Illinois,Women's Apparel,Outlet,65.84,36.0,2370.24
100508,07/04/2022,foot locker,Southeast,North Carolina,Kids' Footwear,In-store,47.36,46.0,2178.56
100991,17/11/2022,J.D. Sports,South,Texas,Men's Athletic Footwear,Online,33.3,15.0,499.5
104695,17-07-2022,Sports Direct,WEST,Arizona,Outdoor Footwear,In-store,78.32,51.0,3994.32
104955,2022-11-17,Sports Direct,West,Arizona,Men's Athletic Footwear,In-store,38.22,26.0,993.72
101600,10 Jan 2022,Foot Locker,South,Louisiana,Men's Athletic Footwear,In-store,76.8,28.0,2150.4
108712,04-04-2022,J.D. Sports,West,Arizona,Kids' Apparel,In-store,56.1,45.0,2524.5
107278,23/04/2024,Amazon,Southeast,Georgia,Women's Athletic Footwear,Outlet,48.53,14.0,679.42
108705,2024-06-02,Kohl's,West,Washington,Accessories,Online,32.09,40.0,1283.6
105543,19-08-2022,Adidas Online Store,West,Oregon,Women's Athletic Footwear,Outlet,64.47,50.0,3223.5
101399,26/11/2022,Kohl's,Northeast,  New York  ,Women's Street Footwear,In-store,29.78,41.0,1220.98
108741,04/14/2023,Adidas Online Store,Southeast,Florida,Kids' Apparel,In-store,30.66,5.0,153.3
107607,2022-10-10,  West Gear ,Midwest,Michigan,Kids' Footwear,Outlet,77.2,50.0,3860.0
106669,09/14/2024,Sports Direct,South,Louisiana,Accessories,Online,14.37,1.0,14.37
103948,26-06-2024,Walmart,South,Louisiana,Kids' Footwear,Outlet,65.57,28.0,1835.96
102298,2022-06-10,Adidas Online Store,Southeast,Virginia,Women's Apparel,In-store,51.12,35.0,1789.2
104638,14/04/2023,Adidas Online Store,West,California,Men's Apparel,Online,62.76,13.0,815.88
105224,2024-11-18,Kohl's,South,Oklahoma,Accessories,Online,48.65,31.0,2262.2250000000004
102261,01/19/2023,J.D. Sports,Northeast,New Jersey,Men's Athletic Footwear,Online,80.88,8.0,647.04
101795,06-11-2022,West Gear,Midwest,Michigan,Men's Street Footwear,In-store,34.48,35.0,1810.1999999999998
104640,15 Apr 2024,West Gear,South,Louisiana,Outdoor Footwear,In-store,53.76,23.0,1236.48
106119,22 Jan 2023,Sports Direct,Southeast,Georgia,Men's Street Footwear,Outlet,28.8,28.0,806.4
105494,2024-07-08,Adidas Online Store,Southeast,North Carolina,Women's Apparel,In-store,77.01,58.0,4466.58
109337,2024-03-04,Kohl's,Midwest,Wisconsin,Men's Street Footwear,Online,65.39,18.0,1177.02
101776,10/14/2024,Walmart,Northeast,Pennsylvania,Accessories,Online,58.72,24.0,1409.28
103785,2022-04-17,J.D. Sports,South,Oklahoma,Outdoor Footwear,Online,66.47,33.0,2193.51
104290,20/07/2023,Foot Locker,Southeast,Virginia,Women's Athletic Footwear,Online,36.06,50.0,1803.0
103730,12 May 2022,amazon,SOUTH,Tennessee,Women's Athletic Footwear,In-store,8.0,20.0,160.0
101039,24-11-2022,J.D. SPORTS,South,Oklahoma,Accessories,Outlet,28.74,39.0,1120.86
100350,28/02/2024,Sports Direct,South,Louisiana,Kids' Apparel,In-store,62.52,25.0,1563.0
100602,12/11/2024,Amazon,Midwest,Ohio,Kids' Apparel,In-store,39.61,35.0,1386.35
100586,2023-10-27,Foot Locker,Northeast,New York,Kids' Footwear,ONLINE,79.99,1.0,79.99
103179,15/10/2022,Kohl's,Southeast,North Carolina,Women's Apparel,In-store,40.18,79.0,3174.22
102962,09/19/2024,Foot Locker,Midwest,  Illinois  ,Women's Street Footwear,in-store,46.29,33.0,1527.57
107087,06/07/2023,Amazon,West,California,Accessories,Outlet,44.22,22.0,972.84
103280,25 Jun 2023,Walmart,West,Oregon,Kids' Apparel,Outlet,66.82,35.0,2338.7
108614,24 Aug 2022,  J.D. Sports ,West,Washington,Accessories,in-store,52.4,23.0,1205.2
102184,2023-09-13,Walmart,Midwest,Ohio,Women's Athletic Footwear,Online,68.19,11.0,750.09
106636,11/12/2023,J.D. Sports,Northeast,Massachusetts,Outdoor Footwear,Online,51.89,51.0,2646.39
103603,09/11/2024,West Gear,South,Oklahoma,Men's Street Footwear,Outlet,45.71,44.0,2011.24
100987,18/06/2022,Kohl's,South,Oklahoma,Men's Athletic Footwear,OUTLET,71.87,54.0,3880.98
102709,2024-09-25,J.D. Sports,South,,Kids' Footwear,Outlet,63.38,26.0,1647.88
106514,24 Oct 2022,  West Gear ,Northeast,Massachusetts,Women's Street Footwear,In-store,,17.0,612.17
102387,2023-07-02,Walmart,West,California,Women's Street Footwear,In-store,21.51,1.0,21.51
105536,2024-09-02,West Gear,West,Oregon,Men's Street Footwear,Outlet,44.75,30.0,1342.5
108071,2022-07-17,West Gear,Midwest,Wisconsin,Outdoor Footwear,In-store,76.01,60.0,4560.6
106920,07-06-2022,Adidas Online Store,Southeast,North Carolina,Men's Street Footwear,Online,70.43,31.0,2183.33
103155,2023-06-05,J.D. Sports,West,California,Men's Street Footwear,Online,59.09,59.0,3486.31
100639,02/06/2022,Amazon,South,Texas,Kids' Apparel,Outlet,72.81,9.0,655.29
107603,06/13/2023,West Gear,Southeast,North Carolina,Kids' Apparel,In-store,81.35,15.0,1220.25
107324,2024-06-19,Kohl's,Midwest,Wisconsin,Outdoor Footwear,Outlet,69.01,,4278.62
101677,2024-07-07,Walmart,Southeast,Virginia,Accessories,Outlet,59.2,25.0,1480.0
102081,01 May 2024,  Foot Locker ,West,Oregon,Men's Athletic Footwear,Outlet,67.12,35.0,
102190,07/10/2022,West Gear,West,Oregon,Men's Athletic Footwear,In-store,58.09,29.0,1684.61
103564,07 May 2024,SPORTS DIRECT,SOUTH,Louisiana,Outdoor Footwear,Online,54.5,67.0,3651.5
106113,14/10/2023,Foot Locker,West,Arizona,Women's Athletic Footwear,outlet,55.47,1.0,55.47
107828,2024-01-18,adidas online store,Southeast,North Carolina,Kids' Apparel,In-store,69.97,24.0,1679.28
106478,21 Apr 2023,Kohl's,Midwest,Wisconsin,Kids' Footwear,IN-STORE,65.76,15.0,1479.6
104868,03/23/2024,  Amazon ,Midwest,Michigan,Women's Apparel,In-store,22.72,29.0,658.88
106403,06/18/2023,Sports Direct,West,Oregon,Accessories,Outlet,45.15,40.0,1806.0
101848,18/03/2023,Foot Locker,Northeast,New Jersey,Women's Athletic Footwear,Outlet,52.23,20.0,1044.6
104684,2023-09-16,J.D. Sports,Northeast,Massachusetts,Men's Apparel,Outlet,64.09,19.0,1217.71
108058,03/11/2022,West Gear,Northeast,New York,Women's Street Footwear,ONLINE,,16.0,1085.28
108127,01 Jun 2024,Kohl's,Midwest,Wisconsin,Women's Athletic Footwear,In-store,63.99,34.0,2175.66
105645,2022-02-24,J.D. Sports,South,,Men's Apparel,Online,67.63,38.0,2569.94
105810,06-10-2022,Sports Direct,SOUTH,Tennessee,Women's Apparel,Online,51.4,33.0,2544.3
102435,18 Aug 2022,Kohl's,Southeast,Georgia,Men's Athletic Footwear,In-store,39.29,1.0,39.29
106990,2023-02-26,Walmart,Northeast,New Jersey,Kids' Footwear,Online,45.25,34.0,1538.5
101931,2023-03-08,Kohl's,South,Tennessee,Women's Athletic Footwear,Online,55.61,9.0,500.49
106887,2024-07-16,West Gear,Southeast,Georgia,Outdoor Footwear,Online,76.95,1.0,76.95
100655,2022-04-20,West Gear,South,Oklahoma,Men's Street Footwear,In-store,70.11,27.0,1892.97
105284,08/12/2023,  Kohl's ,Northeast,New York,Men's Apparel,In-store,57.56,38.0,2187.28
103230,09 Dec 2023,West Gear,Southeast,Florida,Accessories,In-store,50.23,46.0,2310.58
103432,29 Aug 2022,J.D. Sports,Midwest,Wisconsin,Accessories, In-store,58.3,40.0,2332.0
101096,2022-09-26,Sports Direct,Midwest,Wisconsin,Women's Athletic Footwear,Outlet,38.11,24.0,914.64
102436,01/05/2022,West Gear,Northeast,New Jersey,Men's Athletic Footwear,In-store,15.76,42.0,661.92
104871,05 Jan 2024,Amazon,Southeast,Florida,Women's Athletic Footwear,Online,27.38,54.0,1478.52
108475,06/17/2023,J.D. Sports,Northeast,New Jersey,Outdoor Footwear,Outlet,8.0,11.0,88.0
108402,06 Feb 2023,Amazon,West,Arizona,Men's Apparel,Online,63.16,25.0,1579.0
105446,13-03-2024,Walmart,South,Texas,Outdoor Footwear,Outlet,19.33,45.0,869.85
105300,29-03-2024,J.D. Sports,South,Louisiana,Kids' Footwear,Online,75.23,1.0,
108716,07/03/2024,j.d. sports,Northeast,New Jersey,Kids' Apparel,In-store,62.95,6.0,566.55
109047,24/08/2023,sports direct,Midwest,Illinois,Mens Apparel,Outlet,43.9,48.0,2107.2
105039,16 Oct 2022,West Gear,South,Louisiana,Men's Apparel,Outlet,50.73,34.0,1724.82
102886,21-05-2022,  J.D. Sports ,Southeast,Georgia,Kids' Apparel,In-store,41.63,46.0,1914.98
101804,08/30/2022,Amazon,South,Texas,Women's Apparel,Outlet,58.91,61.0,3593.51
107604,27 Feb 2024,Sports Direct,Midwest,Wisconsin,Women's Athletic Footwear,Outlet,53.64,19.0,1019.16
103635,16/09/2022,Sports Direct,Northeast,New York,Outdoor Footwear,Online,97.55,34.0,3316.7
105769,20 Jan 2024,adidas online store,Midwest,Wisconsin,Men's Street Footwear,IN-STORE,51.87,38.0,1971.06
102337,05/06/2024,West Gear,South,Tennessee,Men's Street Footwear,Online,44.65,34.0,1518.1
102860,12 Apr 2024,Walmart,South,Louisiana,Women's Athletic Footwear,Online,32.57,38.0,1237.66
104963,19 Apr 2022,Amazon,Midwest,Ohio,Men's Athletic Footwear,Outlet,74.06,10.0,740.6
105313,2024-07-09,Walmart,Northeast,Massachusetts,Accessories,Online,31.84,16.0,509.44
106097,2023-03-14,Kohl's,West,Oregon,Men's Street Footwear,Online,83.23,47.0,3911.81
107768,14 Aug 2024,Walmart,Southeast,North Carolina,Outdoor Footwear, Online,61.54,63.0,3877.02
107476,07 Mar 2022,Foot Locker,WEST,Oregon,Men's Apparel,Online,47.6,27.0,1285.2
108233,08 Jan 2022,J.D. Sports,Southeast,Georgia,Kids' Footwear,Online,53.23,45.0,2395.35
106121,01-07-2024,kohl's,South,Oklahoma,Men's Street Footwear,Outlet,74.72,3.0,224.16
103419,04 Aug 2024,Amazon,Midwest,Ohio,Men's Street Footwear,Outlet,68.26,90.0,6143.4
101582,26 Jan 2024,Foot Locker,Southeast,North Carolina,Women's Apparel,In-store,72.21,-47.0,3393.87
100817,2023-04-02,Adidas Online Store,South,,Men's Apparel,ONLINE,47.43,52.0,
109168,04 Mar 2023,West Gear,Southeast,North Carolina,Outdoor Footwear,Outlet,61.98,8.0,495.84
105472,2023-07-15,WALMART,South,Oklahoma,Kids' Apparel,In-store,45.7,49.0,2239.3
103747,2024-03-15,Walmart,Northeast,New York,Women's Athletic Footwear, In-store,36.33,,2034.48
101356,28 May 2024,Adidas Online Store,Southeast,Virginia,Outdoor Footwear,Outlet,60.7,103.0,6252.1
103666,02/16/2024,Foot Locker,Northeast,Massachusetts,Men's Apparel,In-store,65.13,35.0,2279.55
103684,25 Jul 2023,Adidas Online Store,South,Louisiana,Men's Apparel,In-store,49.18,50.0,2459.0
109147,2022-02-28,Walmart,Midwest,Michigan,Accessories,Online,46.76,48.0,2244.48
101357,09/20/2022,West Gear,Southeast,Florida,Accessories,In-store,27.23,30.0,816.9
103490,08/15/2022,WALMART,Northeast,New Jersey,Men's Apparel,In-store,39.0,33.0,1287.0
102048,04/30/2024,Walmart,South,Texas,Men's Athletic Footwear,Online,62.63,32.0,
108579,26 Jun 2023,West Gear,NORTHEAST,New York,Men's Athletic Footwear,ONLINE,44.3,24.0,1063.2
108322,06 Apr 2023,Foot Locker,South,Tennessee,Kids' Footwear,Online,41.52,43.0,1785.36
107850,13-03-2024,West Gear,Southeast,Virginia,Outdoor Footwear,Outlet,82.32,30.0,2469.6
108533,05/10/2022,Amazon,NORTHEAST,Pennsylvania,Women's Athletic Footwear,In-store,50.57,26.0,
104732,16 Oct 2023,Amazon,Midwest,Illinois,Kids' Footwear,Online,17.36,12.0,
107042,24 Aug 2024,Kohl's,Midwest,Wisconsin,Outdoor Footwear,Online,72.06,56.0,4035.36
100296,20 Jan 2024,Sports Direct,SOUTHEAST,Virginia,Women's Apparel,In-store,54.51,56.0,3052.56
102992,20-04-2022,Kohl's,SOUTHEAST,Virginia,Kids' Footwear,,48.28,43.0,2076.04
100925,26/03/2023,Sports Direct,Northeast,New Jersey,Men's Apparel,In-store,125.0,19.0,2375.0
106005,2024-08-30,Sports Direct,Midwest,Ohio,Accessories,Online,75.71,51.0,3861.21
100574,2023-10-11,West Gear,South,Tennessee,Men's Street Footwear,IN-STORE,64.28,19.0,
107646,03 Sep 2023,Sports Direct,South,Oklahoma,Men's Street Footwear,In-store,,30.0,1758.3
100573,20-04-2023,Foot Locker,Southeast,Florida,Women's Street Footwear,Online,82.67,55.0,4546.85
104762,04 Oct 2024,J.D. Sports,Northeast,New Jersey,Women's Athletic Footwear,OUTLET,69.68,43.0,2996.24
104361,13 Nov 2023,Kohl's,South,Texas,Men's Athletic Footwear,In-store,70.28,26.0,1827.28
109458,03/12/2022,AMAZON,Southeast,Florida,Accessories,In-store,59.95,28.0,1678.6
100055,10/29/2023,Foot Locker,Northeast,Pennsylvania,Men's Athletic Footwear,Outlet,89.35,25.0,2233.75
100453,28 Mar 2024,Amazon,Northeast,New Jersey,Women's Street Footwear,Online,70.65,50.0,3532.5
101032,29/10/2023,West Gear,SOUTH,Louisiana,Men's Street Footwear,online,49.26,51.0,2512.26
100153,08/08/2024,Foot Locker,Southeast,Virginia,Kids' Footwear,In-store,73.65,32.0,2356.8
106645,15 Apr 2024,Amazon,West,California,Women's Street Footwear, In-store,80.28,31.0,2488.68
101756,2022-08-03,  Walmart ,Midwest,Ohio,Kids' Apparel,Online,34.89,1.0,34.89
107831,17 Mar 2022,Adidas Online Store,South,Louisiana,Men's Athletic Footwear,IN-STORE,49.97,31.0,1549.07
107620,07/04/2023,Adidas Online Store,Southeast,Georgia,Accessories,In-store,58.05,29.0,1683.45
100684,02 May 2024,Sports Direct,South,Tennessee,Men's Apparel,Online,34.73,49.0,1701.77
102031,2024-05-24,Kohl's,Midwest,Michigan,Women's Street Footwear,IN-STORE,44.69,26.0,1161.94
101279,07/24/2022,J.D. Sports,Northeast,Pennsylvania,Outdoor Footwear,IN-STORE,61.43,3.0,184.29
106423,09/19/2022,J.D. Sports,NORTHEAST,Massachusetts,Kids' Apparel,In-store,,44.0,2649.24
101965,03-01-2024,Adidas Online Store,MIDWEST,Michigan,Outdoor Footwear,Outlet,42.23,65.0,2744.95
103058,2024-04-24,  J.D. Sports ,Midwest,Ohio,Kids' Apparel, Online,,48.0,2941.92
104308,01 Feb 2024,West Gear,West,Arizona,Women's Apparel,Outlet,65.39,48.0,3138.72
108792,03/04/2024,Sports Direct,West,Arizona,Men's Athletic Footwear,Outlet,,7.0,378.21
103865,07 Dec 2023,Foot Locker,Midwest,Wisconsin,Women's Athletic Footwear,Outlet,42.95,28.0,1202.6
108122,11/06/2024,Sports Direct,South,Texas,Women's Street Footwear,Outlet,51.66,29.0,1498.14
106028,2022-03-07,Walmart,West,,Accessories,Online,38.26,,803.46
106946,14 Jun 2022,West Gear,South,Tennessee,Men's Street Footwear,Online,64.38,59.0,3798.42
102835,01/19/2023,Kohl's,Southeast,North Carolina,Accessories,Outlet,46.52,79.0,3675.08
100475,30/03/2022,Walmart,Midwest,Illinois,Kids' Apparel,In-store,20.12,32.0,643.84
102285,09-12-2022,Foot Locker,Midwest,Wisconsin,Women's Athletic Footwear,Outlet,51.06,24.0,1225.44
100061,30/11/2022,West Gear,West,Washington,Kids' Footwear,Outlet,47.19,18.0,849.42
102074,05-03-2022,Walmart,South,Tennessee,Outdoor Footwear,in-store,46.9,7.0,328.3
100101,05/02/2022,Amazon,South,Oklahoma,Men's Athletic Footwear,Outlet,21.33,55.0,1173.15
108290,29/09/2023,J.D. Sports,Midwest,Wisconsin,Men's Apparel,Online,69.78,34.0,2372.52
101895,26/09/2022,Adidas Online Store,Northeast,New Jersey,Kids' Footwear,Outlet,50.8,55.0,2794.0
105920,13/03/2023,foot locker,West,California,Outdoor Footwear,Online,46.62,31.0,1445.22
105493,14/01/2023,adidas online store,MIDWEST,Ohio,Outdoor Footwear,Outlet,40.24,49.0,
104242,17-01-2024,West Gear,South,Tennessee,Women's Athletic Footwear,Outlet,58.4,53.0,3095.2
103527,19 Feb 2024,ADIDAS ONLINE STORE,West,Washington,Kids' Footwear,In-store,74.26,19.0,1410.94
103036,11/06/2024,Adidas Online Store,West,California,Men's Street Footwear,,46.07,39.0,1796.73
101129,15/11/2024,Kohl's,South,Tennessee,Kids' Footwear,In-store,69.04,39.0,2692.56
102023,16-11-2023,Walmart,South,Oklahoma,Men's Athletic Footwear,In-store,52.97,49.0,2595.53
105747,22 Nov 2024,Kohl's,Southeast,Florida,Men's Athletic Footwear,,63.77,52.0,3316.04
109324,08/01/2022,J.D. SPORTS,South,Texas,Men's Apparel,In-store,74.96,54.0,4047.84
101595,19 Jul 2023,Sports Direct,Midwest,Wisconsin,Women's Apparel,Online,42.56,18.0,766.08
100917,2023-03-26,Adidas Online Store,SOUTHEAST,  North Carolina  ,Women's Apparel,Online,21.6,44.0,950.4
104248,11-06-2023,SPORTS DIRECT,West,California,Women's Athletic Footwear,Online,71.58,51.0,3650.58
104099,30 Jul 2023,Foot Locker,Midwest,Illinois,Men's Street Footwear,In-store,95.95,18.0,
104877,06/05/2024,  Kohl's ,West,Oregon,Women's Street Footwear,Outlet,34.66,1.0,34.66
105029,2022-05-15,Foot Locker,Northeast,Pennsylvania,Women's Apparel,In-store,71.74,38.0,2726.12
105562,28 Aug 2022,West Gear,Southeast,Virginia,Kids' Footwear,Outlet,47.16,,1886.4
103326,10-08-2022,West Gear,South,Tennessee,Men's Athletic Footwear,Outlet,65.52,37.0,2424.24
105461,14-02-2022,West Gear,NORTHEAST,Massachusetts,Women's Athletic Footwear,Outlet,66.29,30.0,1988.7
104977,02/22/2024,Kohl's,NORTHEAST,New York,Accessories,Outlet,66.51,33.0,2194.83
101975,06-06-2024,Amazon,Midwest,Michigan,Women's Street Footwear,In-store,57.89,24.0,
107461,30-09-2022,Foot Locker,Southeast,Virginia,Women's Athletic Footwear,online,44.68,20.0,893.6
105431,02-08-2022,Adidas Online Store,Northeast,New York,Women's Apparel,Outlet,32.81,46.0,1509.26
104011,2022-01-08,Sports Direct,Southeast,Florida,Men's Street Footwear,Online,60.6,10.0,606.0
102158,10/10/2022,WEST GEAR,Northeast,New Jersey,Women's Street Footwear,Online,52.16,33.0,1721.28
107738,29 Nov 2023,West Gear,MIDWEST,Wisconsin,Women's Athletic Footwear,Outlet,66.94,31.0,2075.14
101266,03/07/2023,Walmart,South,Oklahoma,Men's Athletic Footwear,Online,,9.0,201.33
102196,27-07-2024,Kohl's,South,Texas,Men's Athletic Footwear,online,51.64,6.0,309.84
101257,2022-03-28,West Gear,West,California,Kids' Apparel,Online,71.69,23.0,1648.87
107584,02 Jan 2024,Foot Locker,Midwest,Ohio,Women's Apparel,Online,72.84,30.0,2185.2
105725,28-03-2024,Amazon,Southeast,Georgia,Kids' Apparel, In-store,35.04,44.0,1541.76
108667,29-01-2024,Adidas Online Store,Southeast,North Carolina,Women's Athletic Footwear,Online,46.76,43.0,2010.68
103542,2023-01-27,Kohl's,South,Louisiana,Outdoor Footwear,Outlet,98.04,44.0,4313.76
100013,21-05-2022,J.D. Sports,MIDWEST,Michigan,Outdoor Footwear,Outlet,46.9,1.0,46.9
105566,27/07/2023,Sports Direct,West,California,Accessories, Outlet,37.23,8.0,297.84
106598,07/12/2023,West Gear,South,Tennessee,Men's Apparel,In-store,19.77,-60.0,1186.2
106271,11/09/2023,Sports Direct,Midwest,Ohio,Accessories,Outlet,38.78,34.0,1318.52
100921,03-03-2024,West Gear,Midwest,Wisconsin,Women's Apparel,Outlet,53.78,19.0,1021.82
102099,04/08/2023,sports direct,Midwest,Illinois,Kids' Apparel,Online,26.88,26.0,698.88
108180,06 Aug 2022,West Gear,Northeast,Pennsylvania,Outdoor Footwear,outlet,26.26,26.0,682.76
100821,22/12/2024,  J.D. Sports ,South,Texas,Women's Athletic Footwear,Outlet,,54.0,2164.86
108191,2023-04-10,Sports Direct,Midwest,Illinois,Men's Street Footwear, In-store,47.78,23.0,1098.94
109012,27 Apr 2023,Foot Locker,Northeast,Pennsylvania,Men's Apparel,,,34.0,2948.82
104516,2024-09-12,  Adidas Online Store ,West,Oregon,Outdoor Footwear,Outlet,68.2,36.0,2455.2
102428,16-08-2022,Foot Locker,West,Arizona,Men's Street Footwear,Online,77.93,30.0,2337.9
100984,2022-07-09,Kohl's,Southeast,Florida,Women's Apparel,In-store,41.29,17.0,701.93
109557,18/10/2023,WEST GEAR,Southeast,North Carolina,Men's Athletic Footwear,In-store,14.26,40.0,570.4
102881,18 Oct 2024,J.D. Sports,Northeast,New York,Women's Apparel,In-store,69.07,57.0,3936.99
104142,30/05/2023,sports direct,Northeast,Pennsylvania,Kids' Apparel, Outlet,45.74,9.0,411.66
101253,09 Jul 2023,Amazon,West,Oregon,Men's Street Footwear, Outlet,46.03,50.0,2301.5
100467,19 Jun 2023,Kohl's,Southeast,Virginia,Men's Street Footwear,Online,52.36,20.0,1047.2
106541,13 Jan 2023,Sports Direct,South,Texas,Women's Street Footwear,outlet,80.29,51.0,
103975,13-05-2023,Walmart,West,Oregon,Men's Apparel,Online,109.1,59.0,6436.9
102640,30 Mar 2023,J.D. Sports,MIDWEST,Wisconsin,Accessories,Outlet,41.14,66.0,2715.24
106040,11/17/2022,west gear,Northeast,Pennsylvania,Men's Apparel,In-store,83.54,20.0,1670.8
103778,01/05/2022,West Gear,Northeast,Pennsylvania,Kids' Footwear,Outlet,91.4,73.0,6672.2
108297,29-12-2023,West Gear,West,Washington,Women's Athletic Footwear,Online,77.89,19.0,1479.91
106554,03 Jun 2024,J.D. Sports,Southeast,Georgia,Kids' Footwear,Online,63.05,2.0,126.1
105964,07/05/2023,Walmart,SOUTH,Louisiana,Men's Street Footwear,Online,52.59,31.0,1630.29
100024,2024-11-21,Walmart,West,Oregon,Women's Street Footwear,Online,62.66,79.0,4950.14
100951,24/10/2022,West Gear,West,Arizona,Men's Street Footwear,Online,38.95,41.0,1596.95
102944,12/20/2022,West Gear,Southeast,Georgia,Outdoor Footwear,In-store,,12.0,354.24
109599,04/06/2023,Sports Direct,Midwest,,Kids' Footwear,Online,99.06,38.0,3764.28
106046,08/15/2023,Kohl's,West,Washington,Men's Athletic Footwear,Online,47.18,42.0,1981.56
102166,24-12-2024,  Amazon ,Northeast,New York,Outdoor Footwear,Online,58.5,35.0,2047.5
108508,29-10-2024,Amazon,West,Oregon,Accessories,In-store,38.25,43.0,1644.75
103861,06/18/2022,J.D. Sports,Southeast,North Carolina,Women's Apparel,In-store,83.62,57.0,4766.34
108689,20-10-2022,Walmart,Northeast,Pennsylvania,Kids' Apparel,Outlet,59.11,25.0,1477.75
104884,08 Nov 2024,  Amazon ,Northeast,Massachusetts,Women's Apparel,Online,17.17,13.0,223.21
102090,10 Jan 2022,Kohl's,West,,Kids' Apparel,Online,58.54,1.0,58.54
108817,01/03/2024,WEST GEAR,Southeast,Virginia,Women's Apparel,In-store,50.98,69.0,3517.62
109268,12/15/2022,J.D. Sports,Southeast,North Carolina,Women's Athletic Footwear,Online,93.27,1.0,93.27
107061,2022-08-28,FOOT LOCKER,Northeast,Massachusetts,Men's Street Footwear,Online,30.6,66.0,2019.6
109409,13 Mar 2023,  Sports Direct ,Midwest,Illinois,Women's Street Footwear,In-store,48.72,21.0,1023.12
102230,30 Dec 2022,Foot Locker,West,Washington,Kids' Apparel,In-store,42.3,9.0,380.7
109524,09 Dec 2024,J.D. Sports,West,California,Outdoor Footwear,outlet,66.42,66.0,
108428,18/08/2024,Adidas Online Store,South,Texas,Women's Street Footwear, Online,,20.0,217.4
104611,27-12-2024,Kohl's,Southeast,,Kids' Footwear,Online,60.38,2.0,120.76
109465,19-11-2023,foot locker,West,California,Men's Street Footwear,In-store,81.11,37.0,3001.07
105862,07 Jan 2023,Amazon,Northeast,Pennsylvania,Men's Street Footwear,Outlet,47.07,47.0,2212.29
108120,05/10/2023,Foot Locker,Northeast,New Jersey,Women's Athletic Footwear,in-store,62.6,37.0,2316.2
108216,10/04/2024,Sports Direct,South,Tennessee,Kids' Apparel,Outlet,77.84,46.0,3580.64
107281,04/10/2022,Kohl's,Northeast,New Jersey,Women's Apparel,Online,41.13,62.0,2550.06
107855,02 Jun 2022,  Amazon ,South,Oklahoma,Men's Athletic Footwear, Online,60.03,30.0,1800.9
108604,25/04/2024,Sports Direct,South,Oklahoma,Accessories,Online,95.62,40.0,3824.8
103209,30-09-2024,J.D. Sports,Northeast,Pennsylvania,Kids' Footwear,In-store,54.87,38.0,2085.06
109496,01/25/2023,J.D. Sports,South,Louisiana,Men's Apparel,,102.0,47.0,4794.0
105511,03 Nov 2024,Kohl's,NORTHEAST,New York,Kids' Footwear,Online,108.39,37.0,4010.43
104129,07-04-2023,West Gear,South,Oklahoma,Kids' Apparel,,,63.0,3707.55
109467,2023-05-29,Walmart,Northeast,New Jersey,Women's Apparel,In-store,39.97,16.0,639.52
101402,11/01/2023,Adidas Online Store,Midwest,Ohio,Men's Apparel,Outlet,29.0,35.0,1015.0
105550,20/12/2024,J.D. Sports,Northeast,New York,Women's Apparel,In-store,56.97,10.0,569.7
108044,18-10-2023,Adidas Online Store,South,Texas,Kids' Apparel,Outlet,38.57,25.0,964.25
102492,28/11/2022,J.D. Sports,Midwest,Ohio,Men's Street Footwear,Online,61.35,56.0,3435.6
104001,23 May 2022,Foot Locker,West,California,Outdoor Footwear,Online,55.07,13.0,715.91
108310,26/04/2024,Amazon,South,Tennessee,Women's Apparel,In-store,85.02,26.0,2210.52
104958,31/08/2024,J.D. Sports,South,Louisiana,Women's Apparel,In-store,50.42,16.0,806.72
107694,15-08-2024,Adidas Online Store,MIDWEST,Wisconsin,Women's Street Footwear,Online,49.05,28.0,1373.4
101748,08/31/2024,Adidas Online Store,South,Oklahoma,Kids' Apparel,Outlet,95.42,46.0,4389.32
109317,2023-09-15,West Gear,Southeast,Georgia,Men's Apparel,In-store,8.0,11.0,88.0
105343,29-01-2022,Foot Locker,South,Texas,Women's Apparel,Outlet,46.3,59.0,2731.7
108068,08 Mar 2023,Foot Locker,Northeast,Massachusetts,Women's Athletic Footwear,Outlet,21.12,6.0,126.72
109472,2023-09-23,Sports Direct,South,Tennessee,Outdoor Footwear,Online,36.38,68.0,2473.84
101374,16-09-2022,Kohl's,South,Tennessee,Men's Street Footwear,Online,43.09,10.0,430.9
109670,30 Jul 2024,Walmart,Northeast,Pennsylvania,Kids' Apparel,Outlet,21.35,16.0,341.6
101360,16/04/2023,J.D. Sports,Southeast,Florida,Women's Athletic Footwear,In-store,70.06,18.0,1261.08
109419,2022-07-13,Kohl's,Northeast,New Jersey,Kids' Footwear,In-store,35.0,16.0,560.0
104188,2024-08-25,J.D. Sports,Midwest,,Women's Apparel,In-store,66.29,13.0,861.77
105904,08/04/2024,Sports Direct,Southeast,Florida,Women's Apparel,In-store,81.05,53.0,4295.65
102470,2023-05-03,Walmart,South,Oklahoma,Kids' Footwear,Outlet,,40.0,
101241,09/21/2024,Amazon,Northeast,New York,Women's Apparel,In-store,71.16,1.0,71.16
104138,02/22/2024,WEST GEAR,Northeast,New Jersey,Women's Apparel,Online,62.67,14.0,877.38
105507,26/05/2022,Foot Locker,Midwest,Wisconsin,Women's Athletic Footwear,In-store,44.57,25.0,1114.25
106535,05-08-2024,Amazon,West,California,Kids' Apparel,Outlet,33.53,1.0,33.53
109091,09-05-2023,West Gear,West,Washington,Outdoor Footwear,In-store,17.82,50.0,891.0
102820,28 Jul 2023,Walmart,Southeast,Virginia,Women's Apparel,Outlet,11.7,53.0,620.1
106321,2022-07-07,sports direct,Northeast,Pennsylvania,Outdoor Footwear,Outlet,87.32,48.0,4191.36
100412,08 Apr 2022,Adidas Online Store,Midwest,Ohio,Men's Street Footwear,In-store,70.09,1.0,70.09
109354,12/08/2022,Walmart,NORTHEAST,New Jersey,Men's Athletic Footwear,Outlet,36.12,22.0,794.64
100052,2022-09-04,Sports Direct,Southeast,Georgia,Kids' Apparel,Online,62.83,6.0,
104184,19 Nov 2022,Walmart,NORTHEAST,Pennsylvania,Accessories,In-store,58.07,50.0,2903.5
107698,10/13/2024,Foot Locker,Midwest,Ohio,Men's Athletic Footwear,IN-STORE,58.14,47.0,2732.58
104546,08/16/2024,Adidas Online Store,Midwest,Ohio,Outdoor Footwear,Outlet,52.79,28.0,1478.12
105169,23 Apr 2022,Adidas Online Store,Midwest,Michigan,Women's Street Footwear,Outlet,74.17,58.0,4301.86
105575,02/01/2024,J.D. Sports,SOUTH,Oklahoma,Kids' Footwear,Online,38.69,18.0,696.42
108091,2024-02-01,Foot Locker,Midwest,Ohio,Kids' Footwear,Outlet,17.41,36.0,626.76
108588,19/09/2023,Walmart,Southeast,Georgia,Outdoor Footwear,IN-STORE,32.87,37.0,1216.19
108849,28 Oct 2023,Kohl's,South,Tennessee,Men's Athletic Footwear,Outlet,85.42,13.0,1110.46
109237,2024-03-13,Adidas Online Store,Midwest,Ohio,Accessories,Outlet,70.37,14.0,985.18
109081,2022-05-20,Foot Locker,South,Tennessee,Men's Street Footwear,In-store,41.05,43.0,1765.15
106906,2024-12-10,West Gear,South,Tennessee,Kids' Apparel,Online,63.09,45.0,
106334,05/10/2023,Adidas Online Store,Midwest,Wisconsin,Kids' Footwear,Outlet,38.58,38.0,1466.04
109425,03-03-2023,Adidas Online Store,West,California,Men's Athletic Footwear,In-store,64.97,33.0,2144.01
105576,05-07-2024,Kohl's,South,Tennessee,Outdoor Footwear,Outlet,38.26,20.0,765.2
103022,2022-07-11,Kohl's,Midwest,Michigan,Kids' Footwear,Online,50.75,1.0,50.75
106080,04/11/2024,West Gear,West,Arizona,Men's Street Footwear,In-store,41.69,17.0,708.73
101805,27 Aug 2022,West Gear,Midwest,Michigan,Kids' Footwear,Online,36.35,22.0,799.7
108662,25/03/2023,Adidas Online Store,Southeast,Virginia,Outdoor Footwear, Outlet,70.15,50.0,3507.5
100253,12/04/2024,Walmart,South,Texas,Outdoor Footwear,Outlet,37.89,44.0,1667.16
102441,27/03/2024,Adidas Online Store,South,Texas,Outdoor Footwear,OUTLET,34.96,42.0,1468.32
102344,01/30/2023,J.D. Sports,South,,Kids' Apparel,In-store,34.29,46.0,1577.34
106380,2023-08-13,West Gear,Midwest,Wisconsin,Men's Street Footwear,Online,62.0,31.0,
104046,01/03/2024,Kohl's,Midwest,Ohio,Women's Athletic Footwear,In-store,43.17,30.0,1295.1
106819,06/10/2023,Adidas Online Store,Midwest,Michigan,Women's Athletic Footwear,Online,64.01,27.0,1728.27
101574,08-11-2022,West Gear,Midwest,Wisconsin,Accessories,Online,58.85,22.0,1294.7
109601,18 Sep 2024,Foot Locker,Southeast,Georgia,Mens Athletic Footwear,Outlet,79.62,5.0,398.1
107293,14 Nov 2022,West Gear,SOUTHEAST,North Carolina,Kids' Apparel, Online,104.64,,3662.4
100638,08/03/2023,Foot Locker,West,California,Women's Apparel,In-store,47.07,36.0,1694.52
104051,26 Jun 2024,J.D. Sports,West,Washington,Women's Apparel,Outlet,41.76,32.0,1336.32
103225,27/03/2024,amazon,Midwest,Illinois,Women's Apparel,ONLINE,63.86,30.0,1915.8
106824,2022-09-11,FOOT LOCKER,West,California,Kids' Apparel,In-store,,44.0,2144.56
106002,01/25/2023,Walmart,South,Tennessee,Men's Athletic Footwear,Online,49.35,38.0,1875.3
106179,2024-09-23,West Gear,NORTHEAST,New York,Women's Street Footwear,Outlet,46.13,29.0,1337.77
106187,11/06/2024,Kohl's,Southeast,Georgia,Women's Apparel,In-store,52.35,8.0,418.8
100260,12/08/2022,adidas online store,Midwest,Michigan,Men's Apparel,IN-STORE,33.66,28.0,942.48
105157,12/12/2023,J.D. Sports,West,Washington,Women's Apparel,outlet,62.08,80.0,4966.4
106496,11-12-2024,Amazon,West,Washington,Accessories,ONLINE,70.43,41.0,2887.63
103207,15/05/2023,WALMART,West,Arizona,Women's Street Footwear,,60.96,25.0,1524.0
106562,12/08/2023,J.D. Sports,SOUTH,Texas,Men's Street Footwear, Outlet,39.39,5.0,196.95
103239,10/05/2022,Kohl's,Northeast,New Jersey,Women's Athletic Footwear,In-store,61.54,36.0,2215.44
101243,2023-11-16,amazon,West,Washington,Women's Athletic Footwear,Online,71.31,30.0,2139.3
105302,07/19/2024,J.D. Sports,Midwest,Illinois,Women's Street Footwear,online,73.47,39.0,2865.33
103019,04/21/2023,SPORTS DIRECT,SOUTH,,Kids' Apparel,Outlet,34.64,26.0,900.64
101148,2023-03-05,Sports Direct,Northeast,New Jersey,Women's Athletic Footwear, In-store,87.38,66.0,5767.08
105712,2022-05-02,Sports Direct,South,Oklahoma,Outdoor Footwear,Online,62.7,,2633.4
101695,27-06-2024,Kohl's,West,Arizona,Women's Street Footwear,In-store,69.88,54.0,3773.52
101687,01/07/2023,Walmart,West,Arizona,Women's Athletic Footwear,Outlet,56.5,78.0,4407.0
106340,29-11-2023,Kohl's,Northeast,Massachusetts,Men's Apparel,In-store,54.36,29.0,1576.44
105373,11/12/2024,kohl's,SOUTHEAST,Florida,Women's Athletic Footwear,Outlet,64.26,16.0,
104711,12/24/2022,Amazon,South,Louisiana,Women's Athletic Footwear,Outlet,37.67,35.0,1318.45
105079,09 Nov 2022,Walmart,West,Washington,Men's Apparel,Online,54.5,1.0,
105197,24/01/2022,Sports Direct,West,Washington,Women's Street Footwear,In-store,53.03,66.0,3499.98
103677,09 Nov 2024,J.D. Sports,West,Washington,Kids' Footwear,Outlet,45.18,51.0,2304.18
106642,13 Mar 2022,J.D. SPORTS,SOUTHEAST,Georgia,Womens Apparel,ONLINE,93.5,31.0,2898.5
104703,04/10/2022,  Kohl's ,Southeast,Virginia,Outdoor Footwear,In-store,41.53,27.0,1121.31
102753,2022-03-31,Walmart,SOUTH,Oklahoma,Kids' Footwear,Online,75.48,41.0,3094.68
106385,18-10-2022,Sports Direct,South,Texas,Outdoor Footwear, Online,71.52,70.0,5006.4
106421,2023-01-25,Walmart,Northeast,New Jersey,Accessories,Outlet,84.73,17.0,1440.41
108123,28/10/2023,Sports Direct,South,Tennessee,Women's Athletic Footwear,Online,51.84,1.0,51.84
106832,2022-11-16,Sports Direct,Midwest,Michigan,Men's Athletic Footwear,In-store,28.41,54.0,1534.14
101125,23 Dec 2022,Kohl's,Midwest,Michigan,Kids' Footwear,Outlet,68.33,6.0,409.98
105890,10 Apr 2023,Amazon,NORTHEAST,New York,Women's Apparel,Outlet,56.7,53.0,3005.1
100049,2023-12-26,Sports Direct,Midwest,Wisconsin,Men's Street Footwear,ONLINE,100.2,52.0,5210.4
107985,12/06/2024,Kohl's,South,Louisiana,Kids' Footwear, In-store,8.0,35.0,280.0
104722,29-03-2024,west gear,Northeast,New York,Men's Athletic Footwear,Outlet,60.81,,2189.16
104693,06/10/2023,Walmart,Northeast,Pennsylvania,Men's Athletic Footwear,Outlet,91.74,35.0,3210.9
106603,16-11-2023,Foot Locker,West,Washington,Women's Athletic Footwear,In-store,16.27,32.0,520.64
105389,2024-03-13,J.D. Sports,Southeast,Georgia,Accessories,Outlet,64.09,44.0,2819.96
107495,2024-11-15,Adidas Online Store,Northeast,New York,Women's Athletic Footwear, Outlet,34.05,39.0,1327.95
109537,2023-03-23,Kohl's,Midwest,Ohio,Mens Athletic Footwear,outlet,37.2,55.0,2046.0
100562,2022-02-12,Kohl's,West,Arizona,Men's Street Footwear,Outlet,52.16,26.0,1356.16
105341,07/10/2024,West Gear,South,Louisiana,Outdoor Footwear,Online,85.59,6.0,513.54
105416,30-03-2024,Adidas Online Store,Southeast,North Carolina,Men's Apparel, Online,30.87,79.0,2438.73
101344,2022-05-10,Sports Direct,Midwest,Ohio,Men's Street Footwear,Online,43.11,15.0,646.65
103178,08 Dec 2023,WALMART,Southeast,Florida,Outdoor Footwear,In-store,63.09,37.0,2334.33
102653,01-10-2023,Adidas Online Store,Midwest,Wisconsin,Women's Athletic Footwear,In-store,68.19,42.0,2863.98
108940,08/04/2022,Adidas Online Store,Southeast,Georgia,Women's Apparel,in-store,72.06,24.0,1729.44
108666,10-06-2022,J.D. Sports,Northeast,Massachusetts,Accessories,In-store,60.01,40.0,2400.4
104255,03 Oct 2023,Adidas Online Store,Midwest,Illinois,Men's Street Footwear,Online,53.05,48.0,2546.4
102933,11 Mar 2024,J.D. Sports,Midwest,Ohio,Men's Apparel,In-store,56.99,20.0,1139.8
107632,06/30/2022,Foot Locker,Southeast,North Carolina,Mens Apparel,Outlet,71.64,25.0,1791.0
106050,21-11-2022,Kohl's,West,Arizona,Accessories,Online,66.64,36.0,2399.04
108544,17/09/2024,Foot Locker,Midwest,Ohio,Kids' Apparel,In-store,34.07,66.0,2248.62
108209,17 Feb 2023,FOOT LOCKER,South,,Men's Athletic Footwear,Outlet,22.1,,88.4
109488,08/02/2024,Sports Direct,Northeast,New York,Men's Apparel,Online,83.8,26.0,2178.8
108043,31-12-2022,ADIDAS ONLINE STORE,SOUTHEAST,Virginia,Outdoor Footwear,Outlet,56.33,22.0,1239.26
102205,31/07/2024,Adidas Online Store,Midwest,Wisconsin,Accessories,outlet,52.03,12.0,624.36
107889,13-07-2023,Foot Locker,Southeast,North Carolina,Men's Apparel,In-store,89.89,23.0,2067.47
107021,03/05/2024,J.D. SPORTS,Midwest,Wisconsin,Men's Athletic Footwear,In-store,14.97,66.0,988.02
106021,24 Dec 2024,foot locker,Southeast,,Kids' Footwear,In-store,56.62,26.0,1472.12
105871,03 Apr 2024,J.D. Sports,Southeast,Virginia,Women's Street Footwear,Online,89.64,27.0,2420.28
104667,11 Sep 2024,Sports Direct,West,California,Kids' Apparel,Online,76.04,44.0,3345.76
101025,21 Apr 2022,Walmart,Northeast,New Jersey,Men's Street Footwear,In-store,58.41,23.0,1343.43
104787,11/17/2024,Adidas Online Store,Midwest,Wisconsin,Kids' Apparel, In-store,45.01,29.0,1305.29
108372,2023-01-27,Kohl's,West,Oregon,Kids' Footwear,Online,80.9,8.0,647.2
101500,27/01/2024,Amazon,Midwest,Ohio,Men's Street Footwear,Outlet,37.51,38.0,1425.38
102637,05/05/2022,Amazon,Northeast,Pennsylvania,Women's Street Footwear,Outlet,33.91,1.0,33.91
107837,2024-07-30,Amazon,West,California,Outdoor Footwear,Outlet,52.93,44.0,
106991,08 May 2023,WALMART,Midwest,Ohio,Accessories,Outlet,,44.0,1970.76
104438,25-12-2022,Walmart,Northeast,Massachusetts,Men's Apparel,Online,82.71,37.0,3060.27
109386,13 Mar 2023,Foot Locker,Midwest,Wisconsin,Women's Street Footwear,In-store,,23.0,1026.26
102335,14/12/2023,Sports Direct,Northeast,New York,Kids' Footwear,In-store,8.0,12.0,96.0
101721,01/07/2023,  Sports Direct ,South,Texas,Kids' Footwear,In-store,94.14,28.0,2635.92
105830,24-12-2022,Foot Locker,West,Oregon,Women's Apparel,,75.58,53.0,4005.74
106489,2024-05-13,West Gear,South,Texas,Women's Apparel,Online,32.83,59.0,1936.97
107916,2024-12-15,Amazon,Northeast,Pennsylvania,Accessories,Online,70.7,22.0,1555.4
107385,2022-06-18,Kohl's,South,Louisiana,Men's Street Footwear,Online,8.0,62.0,496.0
109395,10/17/2022,West Gear,Midwest,Michigan,Men's Street Footwear,In-store,49.24,45.0,2215.8
107538,11/11/2023,West Gear,West,Arizona,Kids' Apparel,Online,51.35,49.0,
107431,27 Mar 2024,Walmart,West,Oregon,Women's Apparel,OUTLET,66.1,36.0,3569.3999999999996
103614,02-10-2023,Adidas Online Store,Northeast,Pennsylvania,Men's Apparel, Online,70.25,26.0,1826.5
102729,12-03-2024,Foot Locker,Southeast,Virginia,Men's Street Footwear,In-store,43.29,26.0,1125.54
104034,19-08-2024,Adidas Online Store,West,Arizona,Women's Apparel,Outlet,32.37,23.0,744.51
100172,2023-02-02,West Gear,Midwest,Ohio,Men's Street Footwear,In-store,26.7,22.0,587.4
101996,05/10/2023,West Gear,South,Tennessee,Outdoor Footwear,In-store,55.88,60.0,3352.8
102750,17 Sep 2023,Walmart,Southeast,Georgia,Women's Athletic Footwear,Outlet,69.74,22.0,1534.28
100397,2024-02-24,Kohl's,Midwest,Ohio,Accessories,Online,61.1,26.0,1588.6
108148,12/01/2022,J.D. Sports,South,Oklahoma,Women's Athletic Footwear,Online,56.59,32.0,1810.88
104291,12/11/2023,KOHL'S,South,Tennessee,Men's Street Footwear,Online,86.78,63.0,5467.14
102152,23/12/2024,sports direct,WEST,Oregon,Accessories,Online,32.98,3.0,98.94
101227,30 Oct 2022,West Gear,West,,Women's Apparel,Online,64.15,38.0,2437.7
109014,2022-02-05,Kohl's,Northeast,Pennsylvania,Women's Athletic Footwear, Outlet,54.69,47.0,2570.43
103841,07/12/2022,sports direct,South,Texas,Men's Street Footwear,Outlet,61.31,16.0,980.96
101959,08-05-2024,J.D. Sports,West,Washington,Men's Athletic Footwear,Online,66.26,21.0,1391.46
100297,02 Dec 2023,Kohl's,Midwest,Wisconsin,Men's Apparel,Outlet,47.58,50.0,
103983,08/30/2023,Walmart,South,Tennessee,Men's Street Footwear,In-store,54.87,1.0,54.87
100890,12/08/2024,Adidas Online Store,Northeast,New Jersey,Men's Athletic Footwear, In-store,16.96,54.0,915.84
108848,2023-12-27,Kohl's,West,Oregon,Kids' Footwear,Outlet,31.73,46.0,1459.58
103393,20 Aug 2024,Sports Direct,South,Oklahoma,Kids' Apparel,Outlet,44.1,34.0,1499.4
103457,27-04-2024,Sports Direct,Midwest,Wisconsin,Men's Apparel,Online,55.44,22.0,1219.68
106331,14 Apr 2022,Foot Locker,Northeast,Pennsylvania,Outdoor Footwear,In-store,98.55,11.0,
101162,21-12-2023,Foot Locker,South,Louisiana,Kids' Apparel,In-store,75.09,18.0,1351.62
100345,2023-02-12,Sports Direct,Northeast,New York,Women's Apparel,In-store,77.43,21.0,1626.03
101675,2024-06-20,Sports Direct,Southeast,North Carolina,Women's Apparel,Online,58.5,39.0,2281.5
102619,03/01/2023,Adidas Online Store,West,Oregon,Kids' Apparel,Outlet,70.97,37.0,2625.89
103024,2022-03-24,adidas online store,South,Louisiana,Men's Apparel,Online,70.82,45.0,3186.9
107886,16-12-2023,Kohl's,SOUTHEAST,Florida,Men's Athletic Footwear,Outlet,60.42,17.0,1027.14
105785,25 Mar 2023,Walmart,Midwest,Michigan,Men's Athletic Footwear,Online,36.63,59.0,2161.17
109722,20/06/2022,Kohl's,Northeast,New Jersey,Men's Athletic Footwear,Outlet,61.75,,3211.0
100337,09/26/2022,Adidas Online Store,Midwest,Michigan,Men's Athletic Footwear,Outlet,61.22,,2203.92
107763,02/17/2024,Adidas Online Store,Midwest,Wisconsin,Women's Apparel, Outlet,53.38,4.0,213.52
104284,2024-06-07,Foot Locker,Southeast,Georgia,Men's Athletic Footwear,Outlet,65.34,55.0,3593.7
102595,18 May 2024,West Gear,Midwest,Ohio,Men's Apparel,Outlet,73.73,30.0,2211.9
105131,23 Jun 2024,  Walmart ,South,Tennessee,Accessories,Outlet,71.96,34.0,2446.64
102352,03/22/2023,Adidas Online Store,West,Arizona,Men's Apparel,Outlet,48.6,68.0,3304.8
104527,02/03/2023,Walmart,Midwest,Illinois,Men's Apparel,Online,84.58,15.0,1268.7
109235,17 Sep 2022,Sports Direct,Midwest,Ohio,Men's Apparel,In-store,32.93,2.0,65.86
109601,18 Sep 2024,Foot Locker,Southeast,Georgia,Mens Athletic Footwear,Outlet,79.62,5.0,398.1
100682,08/01/2022,Foot Locker,Southeast,Virginia,Men's Street Footwear,In-store,55.86,2.0,111.72
109171,12-02-2023,Sports Direct,South,Louisiana,Men's Apparel,Outlet,53.67,20.0,1073.4
108653,06-12-2023,kohl's,Northeast,New Jersey,Kids' Footwear,Online,86.23,26.0,2241.98
108426,29 Jan 2023,Walmart,South,Texas,Kids' Footwear,Online,82.88,6.0,497.28
100728,08/30/2023,Amazon,Southeast,Georgia,Women's Athletic Footwear,ONLINE,56.91,24.0,1365.84
101106,03/09/2024,Kohl's,West,Oregon,Women's Street Footwear,Outlet,62.08,55.0,3414.4
109474,08/11/2023,Sports Direct,Northeast,Pennsylvania,Kids' Footwear,In-store,27.56,39.0,1074.84
106402,07/12/2022,Sports Direct,Southeast,North Carolina,Kids' Footwear,Online,48.67,52.0,2530.84
104595,18/12/2024,Sports Direct,Northeast,Massachusetts,Women's Athletic Footwear,In-store,76.55,1.0,76.55
108531,2024-08-22,Foot Locker,Southeast,North Carolina,Men's Street Footwear, In-store,45.4,44.0,1997.6
100058,10-10-2023,West Gear,Southeast,Virginia,Kids' Footwear,outlet,30.33,38.0,1152.54
104323,2022-09-18,FOOT LOCKER,South,Louisiana,Women's Apparel,In-store,35.92,45.0,1616.4
100808,2024-11-13,West Gear,West,Washington,Kids' Apparel,Outlet,,1.0,36.7
102346,2023-05-29,Amazon,Midwest,Illinois,Men's Apparel,Online,,25.0,1757.25
104363,2023-01-29,sports direct,Midwest,Michigan,Women's Street Footwear,In-store,24.13,40.0,
102299,14-09-2022,  Amazon ,SOUTHEAST,North Carolina,Women's Athletic Footwear,Outlet,67.55,43.0,
101632,2024-09-02,Walmart,SOUTHEAST,North Carolina,Women's Street Footwear,Online,62.58,31.0,1939.98
105724,05/25/2023,Kohl's,Northeast,New Jersey,Men's Street Footwear,Outlet,29.27,58.0,1697.66
101036,19/03/2022,Kohl's,Southeast,North Carolina,Kids' Footwear,Online,49.27,28.0,1379.56
107250,25-09-2023,Amazon,Southeast,Florida,Women's Street Footwear,Outlet,45.62,43.0,1961.66
109706,24 Feb 2023,Walmart,West,Washington,Outdoor Footwear,In-store,74.61,1.0,74.61
105230,05/17/2023,Amazon,Northeast,New York,Women's Apparel,Outlet,50.74,63.0,3196.62
107013,2024-09-28,Adidas Online Store,Midwest,Michigan,Accessories,Online,72.26,3.0,
104207,2022-03-20,Kohl's,SOUTHEAST,Florida,Men's Apparel,In-store,50.17,28.0,1404.76
104280,2022-01-05,Foot Locker,Southeast,Florida,Outdoor Footwear,Online,8.0,30.0,240.0
101639,2023-08-09,Sports Direct,Southeast,Georgia,Men's Street Footwear,IN-STORE,62.15,39.0,2423.85
105491,2022-03-20,Adidas Online Store,South,Texas,Kids' Footwear,Outlet,50.98,11.0,560.78
107223,18 Feb 2024,Sports Direct,West,California,Women's Street Footwear,In-store,47.86,20.0,957.2
107321,2023-10-23,Adidas Online Store,West,California,Women's Street Footwear,OUTLET,57.72,1.0,57.72
107693,30/05/2024,Adidas Online Store,West,Washington,Men's Athletic Footwear,Online,69.12,10.0,691.2
109140,18/01/2022,Adidas Online Store,Southeast,Virginia,Women's Apparel,Online,61.75,12.0,741.0
106972,05/08/2024,J.D. Sports,Southeast,Virginia,Accessories,Online,35.98,30.0,1079.4
106584,15-10-2022,  Amazon ,Southeast,Virginia,Women's Street Footwear,Outlet,67.92,40.0,2716.8
100476,25 Sep 2023,Amazon,Northeast,Massachusetts,Women's Athletic Footwear,In-store,91.04,24.0,2184.96
104672,26/11/2022,Walmart,South,  Oklahoma  ,Outdoor Footwear,Online,67.78,24.0,1626.72
102253,2023-08-27,Walmart,Southeast,Florida,Women's Athletic Footwear,Outlet,61.89,33.0,2042.37
101754,2024-09-23,J.D. Sports,South,Louisiana,Kids' Apparel,Outlet,60.2,52.0,3130.4
103940,11/18/2022,Kohl's,West,Oregon,Accessories,Outlet,87.44,26.0,2273.44
108119,06/22/2024,Foot Locker,Northeast,Massachusetts,Women's Athletic Footwear,In-store,56.92,46.0,2618.32
105606,21-07-2024,Amazon,Northeast,Massachusetts,Outdoor Footwear,In-store,,1.0,40.65
105142,18/02/2023,sports direct,Southeast,Florida,Men's Apparel,in-store,37.15,57.0,3176.3250000000003
103113,29-03-2024,J.D. Sports,West,Arizona,Accessories,In-store,61.83,49.0,3029.67
100668,12-08-2024,Amazon,Southeast,North Carolina,Men's Street Footwear,,51.95,67.0,3480.65
106967,08/04/2023,Sports Direct,Midwest,Illinois,Men's Street Footwear,In-store,51.76,12.0,621.12
104995,2024-10-13,J.D. Sports,Midwest,Michigan,Kids' Apparel,Outlet,63.74,17.0,1083.58
101679,2022-10-30,Walmart,Northeast,Pennsylvania,Men's Apparel,OUTLET,34.71,40.0,1388.4
105430,06 Aug 2022,WALMART,NORTHEAST,New Jersey,Women's Street Footwear,Outlet,78.49,30.0,2354.7
103368,06/01/2024,Walmart,Southeast,Florida,Men's Athletic Footwear,Outlet,58.13,15.0,871.95
104435,07/07/2022,Kohl's,Southeast,Florida,Kids' Footwear,in-store,53.29,14.0,746.06
107244,30/09/2024,Amazon,West,,Women's Athletic Footwear,In-store,34.19,48.0,1641.12
106561,13/04/2023,Amazon,West,Oregon,Outdoor Footwear,Online,46.03,21.0,966.63
105297,27-04-2022,West Gear,West,Washington,Women's Apparel,Online,23.46,18.0,422.28
108951,12/11/2023,Sports Direct,Southeast,Florida,Women's Street Footwear,Outlet,40.36,15.0,605.4
103243,25 Jun 2024,J.D. Sports,West,  Washington  ,Women's Apparel,Outlet,72.22,40.0,2888.8
109461,06/07/2023,Adidas Online Store,South,Texas,Outdoor Footwear,In-store,39.4,38.0,1497.2
102323,10/23/2023,Kohl's,Midwest,Michigan,Outdoor Footwear,Outlet,79.66,24.0,1911.84
101575,22-01-2024,Sports Direct,Southeast,  Virginia  ,Men's Street Footwear,Outlet,55.23,64.0,3534.72
107252,2022-12-01,Kohl's,SOUTHEAST,Florida,Kids' Apparel,Online,66.43,11.0,730.73
104299,14 Feb 2022,  Amazon ,South,Louisiana,Accessories,Online,44.27,27.0,1195.29
106677,08/08/2023,Foot Locker,Midwest,Wisconsin,Women's Athletic Footwear,Online,61.91,2.0,123.82
107153,04 Jun 2022,J.D. Sports,Midwest,Illinois,Kids' Apparel,In-store,90.01,46.0,4140.46
100394,03/30/2023,J.D. Sports,South,Louisiana,Outdoor Footwear,Online,55.16,14.0,772.24
101664,24-02-2022,Sports Direct,Midwest,,Men's Athletic Footwear,In-store,51.24,27.0,1383.48
101712,02/07/2022,Foot Locker,West,Arizona,Women's Street Footwear, In-store,32.94,21.0,691.74
100756,23-01-2024,Kohl's,Northeast,New York,Men's Athletic Footwear,In-store,66.6,17.0,
105614,12/06/2022,J.D. Sports,Midwest,Wisconsin,Women's Street Footwear,Outlet,43.81,25.0,1095.25
105541,24 Jun 2023,Adidas Online Store,Midwest,Michigan,Women's Street Footwear,Outlet,46.71,48.0,2242.08
107173,29-01-2023,FOOT LOCKER,West,Washington,Accessories,Outlet,28.42,42.0,1193.64
106497,2022-10-17,Foot Locker,Southeast,Florida,Kids' Apparel,In-store,58.4,28.0,1635.2
106722,25-12-2022,J.D. SPORTS,NORTHEAST,New Jersey,Men's Athletic Footwear,Online,87.01,13.0,1131.13
103707,2024-06-26,KOHL'S,Northeast,Pennsylvania,Men's Athletic Footwear,In-store,42.97,6.0,257.82
108629,05/03/2023,J.D. Sports,Midwest,Michigan,Men's Athletic Footwear,Outlet,66.23,42.0,2781.66
106739,26-06-2024,West Gear,Northeast,Pennsylvania,Accessories,Outlet,91.34,8.0,730.72
105914,26-08-2022,Kohl's,South,Tennessee,Women's Street Footwear,In-store,39.01,1.0,39.01
105129,10/09/2024,Kohl's,West,Oregon,Kids' Apparel,Outlet,48.85,46.0,2247.1
102431,08/09/2024,FOOT LOCKER,Northeast,New York,Outdoor Footwear,Outlet,8.0,49.0,392.0
100726,06-12-2022,KOHL'S,Southeast,North Carolina,Men's Athletic Footwear,Outlet,65.65,36.0,2363.4
105192,16 Mar 2023,KOHL'S,Midwest,Wisconsin,Women's Athletic Footwear,Online,75.78,23.0,1742.94
101588,2024-01-15,Sports Direct,West,Washington,Women's Athletic Footwear,Outlet,68.92,49.0,3377.08
103032,02/06/2023,Foot Locker,SOUTH,Texas,Kids' Apparel,Online,34.25,23.0,787.75
105720,22 Oct 2023,Foot Locker,Midwest,Michigan,Men's Apparel,Online,13.85,1.0,13.85
106905,2022-12-14,Foot Locker,SOUTH,Louisiana,Outdoor Footwear,Outlet,38.71,,1393.56
101662,2023-01-28,Foot Locker,South,Oklahoma,Accessories,In-store,45.6,54.0,2462.4
104856,2022-07-11,West Gear,Northeast,New York,Accessories,Outlet,79.48,83.0,6596.84
102234,2023-07-12,Amazon,Southeast,Virginia,Women's Street Footwear,online,59.24,14.0,829.36
108271,23/02/2023,Adidas Online Store,West,Washington,Accessories,Outlet,14.45,33.0,476.85
102898,10/05/2022,Adidas Online Store,West,Arizona,Women's Athletic Footwear,Online,23.07,51.0,1176.57
105487,08/21/2022,  Amazon ,Southeast,Virginia,Women's Street Footwear,In-store,63.85,19.0,1213.15
101021,27-01-2024,Sports Direct,WEST,California,Kids' Apparel,In-store,30.39,22.0,668.58
107429,09/03/2022,Foot Locker,Southeast,Florida,Men's Athletic Footwear,Outlet,62.21,65.0,4043.65
104604,18-12-2023,Adidas Online Store,South,Louisiana,Kids' Apparel,In-store,48.58,26.0,1263.08
102407,12/23/2024,  Walmart ,South,Louisiana,Women's Apparel,Outlet,41.95,24.0,1006.8
106030,17-01-2023,Amazon,Northeast,New Jersey,Men's Athletic Footwear,In-store,60.26,18.0,1084.68
101773,09-04-2022,J.D. Sports,NORTHEAST,Pennsylvania,Men's Athletic Footwear,In-store,70.97,14.0,993.58
100029,25 May 2022,walmart,South,Texas,Outdoor Footwear,In-store,26.3,45.0,1183.5
105202,07/12/2023,  Sports Direct ,West,California,Men's Apparel,Outlet,76.98,57.0,4387.86
101085,2022-06-22,Kohl's,Northeast,New York,Women's Athletic Footwear,In-store,46.37,53.0,2457.61
104209,04 May 2024,Adidas Online Store,South,Texas,Men's Athletic Footwear,In-store,,31.0,248.0
102340,18/08/2022,Foot Locker,Northeast,New York,Men's Athletic Footwear,online,98.59,55.0,5422.45
106672,22-03-2024,Walmart,South,Oklahoma,Women's Apparel,Online,23.92,30.0,717.6
109103,15/06/2022,J.D. Sports,South,Texas,Accessories,Outlet,36.03,91.0,3278.73
103231,2024-08-14,Sports Direct,Midwest,Illinois,Accessories,Online,57.27,58.0,3321.66
102396,22/03/2022,Foot Locker,West,,Women's Street Footwear,Online,31.55,45.0,1419.75
108775,01-01-2024,Sports Direct,Northeast,New York,Women's Apparel,IN-STORE,40.51,1.0,40.51
108247,2023-03-18,Foot Locker,West,Washington,Women's Street Footwear,Outlet,103.0,27.0,2781.0
108006,09-04-2023,foot locker,Southeast,,Accessories,Outlet,49.81,35.0,1743.35
108337,10/08/2024,Kohl's,Southeast,Florida,Men's Athletic Footwear,In-store,59.56,,2918.44
106781,04/20/2023,Kohl's,South,Texas,Kids' Footwear,In-store,65.19,45.0,2933.55
108735,12/18/2022,Kohl's,Southeast,Florida,Women's Athletic Footwear,online,50.98,45.0,2294.1
101003,07 May 2023,West Gear,South,Texas,Men's Athletic Footwear,Outlet,48.89,54.0,2640.06
108089,21 Apr 2023,ADIDAS ONLINE STORE,South,Tennessee,Women's Athletic Footwear,In-store,69.19,43.0,2975.17
109078,04/04/2022,Kohl's,Southeast,Florida,Women's Street Footwear,In-store,60.49,42.0,2540.58
106874,12/07/2023,Kohl's,South,Oklahoma,Women's Athletic Footwear,Online,51.87,61.0,3164.07
104754,08/24/2023,West Gear,Southeast,Florida,Outdoor Footwear,Online,,32.0,2279.36
104406,08/07/2024,Adidas Online Store,South,Louisiana,Men's Street Footwear,Online,39.75,1.0,39.75
105340,14/10/2022,J.D. Sports,Midwest,Ohio,Women's Apparel,Online,44.47,5.0,222.35
102588,29 May 2024,Walmart,West,Arizona,Accessories,Online,59.95,49.0,2937.55
106627,03/05/2023,Adidas Online Store,South,Louisiana,Men's Athletic Footwear,In-store,60.87,44.0,2678.28
101781,09/13/2023,J.D. Sports,Southeast,Georgia,Women's Athletic Footwear,Online,44.33,49.0,2172.17
108135,02 Sep 2023,West Gear,West,Washington,Outdoor Footwear,Online,84.06,44.0,3698.64
103569,11-06-2024,  J.D. Sports ,Northeast,Massachusetts,Kids' Apparel,In-store,71.56,56.0,4007.36
107294,23-04-2024,Kohl's,Southeast,Virginia,Women's Apparel,Outlet,43.55,38.0,1654.9
107610,17 Oct 2023,Amazon,South,Texas,Men's Apparel,Outlet,59.14,51.0,3016.14
104899,10-12-2024,Walmart,Midwest,Illinois,Outdoor Footwear,Online,47.23,38.0,1794.74
105483,12-03-2023,Kohl's,West,Arizona,Men's Street Footwear,In-store,74.85,72.0,5389.2
101438,2022-12-02,j.d. sports,Midwest,Ohio,Women's Street Footwear,In-store,8.0,33.0,264.0
105556,10 Apr 2024,Walmart,Southeast,Georgia,Women's Street Footwear,In-store,59.29,33.0,
100752,19 Aug 2023,Foot Locker,South,Texas,Accessories,,25.26,36.0,909.36
105060,19/12/2022,Adidas Online Store,Midwest,Michigan,Kids' Apparel,Outlet,65.98,21.0,1385.58
103922,25 Feb 2022,Walmart,SOUTH,Texas,Accessories,In-store,,15.0,427.5
108152,30/09/2022,J.D. Sports,West,Oregon,Men's Apparel,Outlet,36.68,54.0,1980.72
101551,26/01/2024,J.D. Sports,South,Louisiana,Men's Street Footwear,Outlet,89.6,15.0,1344.0
106000,02/26/2022,Adidas Online Store,Southeast,North Carolina,Men's Apparel,Online,44.4,39.0,1731.6
105987,02/24/2024,West Gear,Midwest,Ohio,Kids' Footwear,Outlet,66.03,63.0,4159.89
101421,10/09/2023,Adidas Online Store,West,Arizona,Men's Apparel,Online,80.09,22.0,
101343,06-11-2023,West Gear,Midwest,Wisconsin,Women's Apparel,Outlet,85.01,55.0,4675.55
101284,10/22/2023,Foot Locker,South,Louisiana,Kids' Apparel,In-store,80.72,54.0,4358.88
100683,26/07/2022,Amazon,Southeast,Virginia,Women's Apparel,Online,31.16,60.0,1869.6
104310,10/01/2022,West Gear,Midwest,Wisconsin,Women's Apparel,In-store,55.59,52.0,2890.68
109148,19/08/2024,West Gear,Northeast,Pennsylvania,Women's Apparel,In-store,55.8,13.0,725.4
100949,22/10/2024,Walmart,MIDWEST,,Women's Athletic Footwear,Online,25.21,61.0,1537.81
102304,24-08-2023,Walmart,South,Oklahoma,Accessories,Outlet,28.47,36.0,1024.92
108571,06 Nov 2023,Kohl's,Northeast,Pennsylvania,Outdoor Footwear,Online,63.38,17.0,1077.46
100625,18/06/2024,Foot Locker,West,Oregon,Men's Apparel,In-store,46.13,72.0,
104419,17 Nov 2024,Kohl's,South,Oklahoma,Women's Athletic Footwear,In-store,57.92,49.0,2838.08
102861,2024-01-25,Sports Direct,Midwest,Illinois,Women's Street Footwear,In-store,66.08,62.0,4096.96
103817,04 Mar 2023,Foot Locker,Southeast,Virginia,Men's Apparel,Outlet,67.07,44.0,2951.08
107488,24/10/2024,WEST GEAR,Southeast,Florida,Men's Athletic Footwear,Outlet,48.51,12.0,582.12
104980,05/03/2024,Walmart,Northeast,New Jersey,Men's Apparel,,,65.0,3843.45
104060,01/14/2024,J.D. Sports,South,Louisiana,Women's Street Footwear,In-store,82.91,14.0,1160.74
101303,23-05-2023,Adidas Online Store,South,Oklahoma,Women's Apparel,Outlet,32.97,69.0,2274.93
104959,16-10-2024,KOHL'S,Northeast,New York,Men's Athletic Footwear, In-store,66.52,29.0,1929.08
104100,11/22/2022,Walmart,West,Arizona,Men's Street Footwear,Outlet,47.67,27.0,1287.09
107594,17-12-2023,West Gear,West,Arizona,Kids' Footwear,Outlet,66.74,46.0,3070.04
108041,02/08/2023,Sports Direct,Midwest,Wisconsin,Women's Street Footwear,In-store,91.22,4.0,364.88
108064,01/18/2022,J.D. Sports,South,Louisiana,Men's Apparel,OUTLET,42.75,44.0,1881.0
103689,26-09-2022,J.D. Sports,South,Tennessee,Men's Street Footwear,Outlet,66.74,27.0,1801.98
102952,07-06-2024,sports direct,West,California,Women's Athletic Footwear,In-store,35.47,9.0,319.23
106291,18/02/2024,Amazon,Midwest,Wisconsin,Accessories,In-store,38.86,5.0,194.3
101157,26 Jan 2022,  Adidas Online Store ,Midwest,Illinois,Outdoor Footwear, Outlet,62.88,56.0,3521.28
104817,09/03/2022,Kohl's,Southeast,North Carolina,Men's Apparel,In-store,45.1,42.0,1894.2
102479,17 Jul 2022,Sports Direct,Northeast,Pennsylvania,Men's Street Footwear,In-store,90.03,43.0,3871.29
101497,10-06-2023,Walmart,South,Texas,Kids' Footwear,in-store,49.95,11.0,549.45
101585,2023-07-01,Amazon,Southeast,Georgia,Men's Street Footwear,In-store,,9.0,477.45
106965,04/06/2022,  Foot Locker ,Midwest,Ohio,Kids' Footwear,Online,75.47,63.0,4754.61
105911,2023-02-23,J.D. Sports,Northeast,Massachusetts,Women's Street Footwear,In-store,73.52,58.0,4264.16
103048,02 Jul 2023,Walmart,West,Washington,Men's Athletic Footwear,In-store,32.59,2.0,65.18
107683,2023-10-08,  Sports Direct ,West,Washington,Accessories,In-store,103.4,67.0,6927.8
104402,22/11/2023,Kohl's,West,Oregon,Accessories,Online,65.94,44.0,2901.36
101327,2024-06-12,J.D. Sports,Midwest,Michigan,Men's Street Footwear,Outlet,57.09,38.0,2169.42
109111,03/11/2023,Kohl's,Southeast,Florida,Women's Athletic Footwear,,65.78,31.0,2039.18
107338,2022-09-11,Amazon,South,Texas,Kids' Apparel,Online,64.13,54.0,3463.02
100930,12/12/2022,Foot Locker,Southeast,Florida,Men's Street Footwear,Outlet,50.42,54.0,2722.68
104979,2022-06-03,Sports Direct,Midwest,Michigan,Kids' Footwear,Outlet,24.75,,173.25
101178,11 Jan 2023,AMAZON,Southeast,Virginia,Men's Apparel,ONLINE,76.97,59.0,4541.23
100511,01-12-2023,Walmart,South,Texas,Women's Street Footwear,Outlet,33.35,5.0,166.75
107973,04/12/2023,Adidas Online Store,Southeast,Virginia,Outdoor Footwear,Outlet,72.33,,3761.16
103233,28/03/2023,J.D. Sports,Southeast,Georgia,Women's Apparel,Online,42.2,34.0,1434.8
106446,23/01/2024,  J.D. Sports ,South,Tennessee,Women's Street Footwear,IN-STORE,68.01,1.0,68.01
102355,10/25/2024,FOOT LOCKER,Southeast,North Carolina,Accessories,in-store,50.39,26.0,1310.14
101013,19/07/2023,Foot Locker,West,Washington,Accessories,Outlet,16.77,66.0,1106.82
101600,10 Jan 2022,Foot Locker,South,Louisiana,Men's Athletic Footwear,In-store,76.8,28.0,2150.4
103637,14/04/2022,Sports Direct,South,Tennessee,Women's Apparel,Outlet,55.37,67.0,3709.79
108489,10/09/2024,Adidas Online Store,South,Tennessee,Womens Street Footwear,In-store,74.26,30.0,2227.8
102033,23 Jan 2022,West Gear,West,California,Women's Athletic Footwear,Outlet,45.58,65.0,2962.7
104096,11 May 2023,J.D. Sports,South,Louisiana,Outdoor Footwear,Online,36.91,1.0,36.91
101620,02-03-2024,Adidas Online Store,WEST,Washington,Kids' Apparel,In-store,8.0,5.0,
109107,06-11-2024,West Gear,South,Texas,Men's Apparel,Online,37.66,24.0,903.84
106032,2024-01-12,Kohl's,West,Arizona,Men's Athletic Footwear,In-store,43.19,11.0,475.09
102752,03-10-2023,foot locker,MIDWEST,Michigan,Outdoor Footwear,Online,47.25,22.0,1039.5
105794,30 Sep 2022,  Amazon ,Southeast,Virginia,Men's Street Footwear, Outlet,44.7,40.0,1788.0
102077,28 May 2022,West Gear,Southeast,Florida,Kids' Apparel,Outlet,29.27,41.0,1200.07
103219,09/26/2024,Walmart,Southeast,,Men's Street Footwear,Outlet,53.41,51.0,
101986,2023-03-11,Adidas Online Store,Midwest,Illinois,Men's Athletic Footwear,Online,57.07,38.0,2168.66
101305,2024-09-02,Walmart,Northeast,New Jersey,Accessories,online,43.96,11.0,483.56
104009,12/09/2023,Sports Direct,MIDWEST,Illinois,Kids' Footwear,Outlet,60.07,1.0,60.07
104657,31 Mar 2023,Walmart,South,Tennessee,Outdoor Footwear,Outlet,66.0,57.0,3762.0
103167,2023-10-11,Kohl's,Southeast,Georgia,Kids' Footwear,In-store,50.42,68.0,3428.56
106865,25-04-2023,Sports Direct,West,Oregon,Women's Athletic Footwear,Online,82.44,60.0,4946.4
101948,12-07-2022,Adidas Online Store,SOUTH,Tennessee,Kids' Footwear,Outlet,83.55,16.0,1336.8
106049,12-09-2022,Sports Direct,Southeast,Virginia,Men's Apparel,Online,88.82,16.0,1421.12
109233,09-07-2024,Adidas Online Store,Southeast,North Carolina,Women's Street Footwear,,42.17,48.0,2024.16
101319,22 Dec 2024,Walmart,South,Texas,Men's Street Footwear,Outlet,37.04,60.0,2222.4
109342,03/03/2023,walmart,South,Louisiana,Men's Athletic Footwear,Outlet,56.34,37.0,2084.58
104064,2022-02-10,Adidas Online Store,Midwest,Michigan,Accessories,In-store,86.46,27.0,2334.42
102080,2024-07-10,J.D. Sports,MIDWEST,Michigan,Outdoor Footwear,Online,57.86,13.0,752.18
108478,26 Feb 2024,Amazon,Midwest,Ohio,Women's Street Footwear,Online,8.0,16.0,128.0
102022,2024-05-02,Amazon,Northeast,New Jersey,Women's Athletic Footwear,Online,9.98,18.0,179.64
102009,04/19/2023,Amazon,SOUTH,Oklahoma,Women's Apparel,outlet,52.03,45.0,2341.35
109556,29 Mar 2022,Foot Locker,SOUTH,Louisiana,Outdoor Footwear,Online,89.6,10.0,896.0
100304,2022-06-19,Adidas Online Store,West,  California  ,Outdoor Footwear,In-store,77.54,63.0,4885.02
103935,29 Nov 2024,Foot Locker,Southeast,Virginia,Kids' Apparel,Online,53.59,22.0,1178.98
102403,10 Mar 2023,West Gear,Midwest,Ohio,Women's Street Footwear,In-store,40.36,12.0,484.32
100448,2024-11-16,Sports Direct,South,Oklahoma,Men's Athletic Footwear,Online,52.16,24.0,1251.84
105102,30 May 2023,Walmart,Midwest,Illinois,Women's Apparel,Online,63.13,41.0,2588.33
109709,02/04/2024,Walmart,Northeast,Massachusetts,Men's Apparel,Outlet,62.78,47.0,2950.66
104519,2024-10-01,Walmart,Midwest,Ohio,Women's Apparel,In-store,26.33,9.0,236.97
107283,06-03-2023,Walmart,Southeast,North Carolina,Men's Street Footwear, In-store,82.53,39.0,3218.67
108383,31 Mar 2024,  West Gear ,West,California,Men's Athletic Footwear,Outlet,15.5,37.0,573.5
105279,02/06/2024,J.D. Sports,West,California,Women's Athletic Footwear,Outlet,61.36,20.0,1227.2
102246,31-01-2022,West Gear,Midwest,Michigan,Women's Street Footwear, In-store,50.24,48.0,2411.52
105062,29 Jan 2024,Foot Locker,South,Tennessee,Kids' Apparel,Outlet,59.64,22.0,1312.08
101701,07/31/2022,J.D. Sports,Midwest,Ohio,Women's Apparel,Outlet,52.88,42.0,2220.96
101358,01/17/2024,Sports Direct,MIDWEST,Wisconsin,Men's Street Footwear, In-store,68.25,35.0,2388.75
101436,01/02/2024,  West Gear ,South,Louisiana,Men's Athletic Footwear,In-store,29.57,77.0,2276.89
108854,10/07/2023,Adidas Online Store,Southeast,Georgia,Kids' Apparel,In-store,,40.0,2898.8
102777,20-08-2024,West Gear,West,California,Men's Street Footwear,in-store,8.0,,136.0
109034,02-04-2023,Kohl's,South,Tennessee,Kids' Apparel,Outlet,55.69,48.0,2673.12
103337,26-05-2022,Foot Locker,West,Oregon,Men's Street Footwear,outlet,72.15,30.0,
107109,17/04/2023,Amazon,Southeast,North Carolina,Kids' Footwear,In-store,77.58,36.0,2792.88
100919,12-10-2024,Walmart,Southeast,Florida,Kids' Apparel,Outlet,60.01,36.0,2160.36
107003,26/01/2022,Adidas Online Store,Southeast,North Carolina,Men's Athletic Footwear,Online,85.73,52.0,4457.96
103848,07-02-2024,Walmart,South,Oklahoma,Accessories,Outlet,55.71,44.0,2451.24
108592,22-11-2023,Amazon,Northeast,Massachusetts,Men's Athletic Footwear,Outlet,76.11,16.0,1217.76
101964,05 Apr 2022,Sports Direct,Southeast,Virginia,Women's Athletic Footwear,Online,49.39,31.0,1531.09
105151,31 Dec 2024,Foot Locker,Southeast,North Carolina,Men's Street Footwear,In-store,65.77,42.0,2762.34
105399,06/09/2024,Sports Direct,South,Oklahoma,Men's Street Footwear,Outlet,50.05,53.0,2652.65
104464,2023-11-23,Sports Direct,Midwest,Wisconsin,Outdoor Footwear,Online,34.48,30.0,1034.4
104085,2023-12-08,Foot Locker,South,Oklahoma,Kids' Apparel,In-store,42.8,73.0,3124.4
106339,02 Dec 2023,Amazon,Northeast,New Jersey,Women's Street Footwear, Outlet,59.9,44.0,2635.6
103392,2023-08-07,Adidas Online Store,SOUTH,Texas,Kids' Apparel,In-store,,54.0,2917.08
107214,31/01/2023,Foot Locker,SOUTH,Texas,Men's Apparel,Outlet,77.87,83.0,6463.21
100128,12/17/2024,Foot Locker,West,Arizona,Men's Athletic Footwear, Outlet,56.21,54.0,3035.34
106367,05-05-2024,Sports Direct,West,Arizona,Kids' Apparel,Online,47.42,63.0,2987.46
105646,07/03/2022,West Gear,Midwest,Ohio,Men's Apparel,In-store,78.65,42.0,3303.3
101722,29 Jul 2024,Amazon,West,California,Women's Athletic Footwear,Online,73.72,34.0,2506.48
107036,2022-03-05,J.D. Sports,SOUTH,Louisiana,Outdoor Footwear,Online,,34.0,2641.12
105974,06/04/2024,Sports Direct,Midwest,Wisconsin,Kids' Apparel,Outlet,26.24,11.0,288.64
104682,15/12/2024,West Gear,Midwest,Wisconsin,Men's Athletic Footwear,Online,17.92,52.0,931.84
101337,01 Feb 2022,Amazon,Northeast,Pennsylvania,Men's Apparel,in-store,41.99,86.0,3611.14
102718,22/07/2023,Amazon,Midwest,Michigan,Outdoor Footwear,Online,75.37,3.0,226.11
109565,03/08/2022,Kohl's,West,Washington,Accessories,Outlet,22.17,52.0,1152.84
100393,29/06/2022,Amazon,West,Oregon,Women's Athletic Footwear,Online,40.49,3.0,121.47
106219,02/02/2024,Foot Locker,Southeast,North Carolina,Men's Street Footwear,Outlet,43.53,42.0,1828.26
104434,11/07/2023,Amazon,South,,Women's Street Footwear,OUTLET,37.11,18.0,667.98
103341,02/13/2023,Adidas Online Store,SOUTH,Texas,Accessories,In-store,63.88,28.0,1788.64
106987,2024-03-15,Foot Locker,West,California,Women's Athletic Footwear,Outlet,59.0,41.0,2419.0
102599,10/07/2024,J.D. Sports,Northeast,New Jersey,Women's Apparel,In-store,66.78,58.0,3873.24
104095,28 Dec 2023,Walmart,Midwest,Illinois,Kids' Footwear,Online,56.37,56.0,3156.72
106141,05 Sep 2022,  Sports Direct ,West,Oregon,Men's Street Footwear,Online,47.99,7.0,335.93
101110,09 Apr 2024,West Gear,Midwest,Wisconsin,Men's Athletic Footwear,In-store,39.54,43.0,1700.22
108407,16 Jul 2023,  J.D. Sports ,Northeast,Pennsylvania,Outdoor Footwear,Outlet,64.22,37.0,
105011,17 Jul 2024,J.D. Sports,Midwest,Wisconsin,Women's Apparel,In-store,52.69,24.0,1264.56
107802,21 Apr 2022,Adidas Online Store,Midwest,Illinois,Women's Athletic Footwear,Outlet,55.82,42.0,2344.44
105699,23/01/2022,Kohl's,Southeast,Virginia,Men's Athletic Footwear,In-store,63.48,12.0,761.76
102926,22 Jun 2024,Walmart,West,California,Men's Athletic Footwear, Online,82.67,42.0,3472.14
101798,14-11-2024,walmart,Southeast,Florida,Kids' Footwear,in-store,72.97,64.0,4670.08
104663,28-12-2023,Kohl's,Northeast,Massachusetts,Men's Apparel,Outlet,22.69,18.0,408.42
107131,17-11-2022,Kohl's,Midwest,Ohio,Women's Street Footwear, Outlet,59.73,13.0,776.49
106068,07/03/2023,J.D. Sports,Southeast,Virginia,Men's Apparel,OUTLET,84.47,35.0,2956.45
108641,17-10-2023,J.D. Sports,Northeast,Pennsylvania,Outdoor Footwear,In-store,51.17,32.0,1637.44
103197,26-01-2024,Sports Direct,South,Louisiana,Women's Street Footwear,Outlet,86.99,19.0,1652.81
106641,05/23/2023,Adidas Online Store,Northeast,Pennsylvania,Women's Street Footwear,Online,38.46,47.0,1807.62
101048,01/08/2022,Walmart,West,California,Women's Athletic Footwear,Outlet,61.0,59.0,3599.0
109314,10-04-2023,Adidas Online Store,WEST,Oregon,Women's Athletic Footwear,In-store,69.91,44.0,3076.04
105316,11/06/2024,Amazon,Northeast,New Jersey,Kids' Footwear,Outlet,43.88,58.0,2545.04
106363,01/05/2022,Adidas Online Store,Southeast,North Carolina,Women's Street Footwear,Online,68.1,49.0,3336.9
106173,17/06/2023,Sports Direct,Northeast,New York,Men's Athletic Footwear,In-store,59.69,27.0,1611.63
102512,24 Sep 2024,Kohl's,Midwest,Ohio,Men's Street Footwear,In-store,,23.0,734.39
103792,06/07/2022,Foot Locker,South,Tennessee,Men's Apparel,Online,48.6,24.0,1166.4
105038,09/15/2023,Kohl's,West,Oregon,Men's Street Footwear,In-store,52.69,7.0,368.83
108283,02/04/2023,Adidas Online Store,West,,Women's Street Footwear, Outlet,64.13,48.0,3078.24
103751,20 Aug 2023,Walmart,South,Oklahoma,Men's Athletic Footwear,Online,44.93,36.0,1617.48
103159,04 Mar 2022,West Gear,NORTHEAST,Pennsylvania,Outdoor Footwear,Outlet,19.13,42.0,803.46
107192,09/05/2024,KOHL'S,Midwest,Illinois,Men's Street Footwear,Outlet,54.82,47.0,
106076,16 Sep 2024,Walmart,Northeast,New Jersey,Kids' Footwear,Outlet,31.29,33.0,1032.57
108532,22-11-2024,J.D. Sports,South,Louisiana,Men's Street Footwear,Online,75.09,57.0,4280.13
108947,12/17/2023,Amazon,West,Arizona,Men's Street Footwear,Online,61.78,37.0,2285.86
103931,03/03/2022,West Gear,Midwest,Michigan,Men's Apparel,In-store,60.85,10.0,608.5
109347,22 Feb 2023,J.D. SPORTS,Midwest,Wisconsin,Women's Apparel,IN-STORE,55.37,41.0,2270.17
102086,17-04-2023,Foot Locker,Southeast,Virginia,Men's Apparel,,60.58,67.0,4058.86
104327,2024-02-24,Sports Direct,Southeast,Florida,Women's Athletic Footwear,In-store,36.59,55.0,2012.45
106910,2024-09-25,West Gear,South,Texas,Accessories,Outlet,51.95,29.0,1506.55
103186,26-07-2023,Kohl's,Midwest,Ohio,Men's Street Footwear,In-store,59.41,38.0,
108166,01/03/2022,West Gear,Northeast,New Jersey,Kids' Apparel,Outlet,72.26,19.0,1372.94
107463,19-02-2022,FOOT LOCKER,South,Oklahoma,Women's Athletic Footwear,In-store,42.22,9.0,379.98
106809,20/11/2022,J.D. Sports,South,Tennessee,Men's Apparel,Outlet,47.76,61.0,291336.0
107307,17 Apr 2022,Walmart,Southeast,Florida,Men's Athletic Footwear,Outlet,64.14,21.0,1346.94
101884,05/29/2023,Foot Locker,West,Washington,Kids' Apparel,Outlet,72.17,18.0,1299.06
100895,08/20/2022,Sports Direct,South,Oklahoma,Men's Street Footwear,Online,68.55,23.0,1576.65
108587,16-09-2022,Walmart,Northeast,New York,Women's Athletic Footwear,In-store,35.76,25.0,894.0
108373,29/04/2022,West Gear,Midwest,Michigan,Kids' Footwear,OUTLET,87.13,29.0,2526.77
108422,16 Feb 2023,Adidas Online Store,Midwest,Michigan,Men's Street Footwear,In-store,54.53,52.0,2835.56
107316,16 Oct 2022,WEST GEAR,Northeast,New York,Men's Apparel,Outlet,76.86,2.0,153.72
104632,2022-09-03,Sports Direct,South,Tennessee,Women's Street Footwear,Online,30.74,15.0,461.1
103493,20-03-2022,Walmart,South,Texas,Men's Apparel,In-store,49.85,43.0,2143.55
107696,2022-04-20,J.D. Sports,Midwest,Ohio,Men's Street Footwear,Online,86.25,4.0,345.0
107529,16-02-2022,Sports Direct,Southeast,Florida,Men's Street Footwear,In-store,,32.0,1335.04
104887,09/01/2023,Walmart,Midwest,Wisconsin,Outdoor Footwear,Outlet,45.84,24.0,1100.16
104929,18 Apr 2022,Adidas Online Store,Northeast,Massachusetts,Men's Athletic Footwear,Online,17.92,40.0,716.8
107330,22-11-2023,Foot Locker,Southeast,Georgia,Men's Street Footwear,Online,34.18,39.0,1333.02
106671,26/09/2024,Walmart,South,,Outdoor Footwear,Online,62.44,26.0,1623.44
103550,02/16/2022,West Gear,Southeast,Georgia,Outdoor Footwear,In-store,46.36,38.0,1761.68
102223,10/20/2023,Adidas Online Store,Southeast,North Carolina,Accessories,Outlet,58.51,71.0,4154.21
105398,11 Apr 2024,Kohl's,West,California,Accessories,Online,8.0,10.0,80.0
100487,2024-05-16,Foot Locker,NORTHEAST,Pennsylvania,Women's Athletic Footwear,Outlet,53.82,10.0,538.2
104889,2024-06-17,Amazon,Midwest,Wisconsin,Men's Athletic Footwear,Online,30.61,63.0,1928.43
104474,22/12/2024,Adidas Online Store,Midwest,Illinois,Accessories, In-store,80.56,10.0,805.6
107211,2024-10-12,Foot Locker,West,Arizona,Accessories,Online,40.75,57.0,2322.75
107888,20/01/2022,amazon,Northeast,Pennsylvania,Men's Athletic Footwear,Online,67.29,19.0,1278.51
106989,21-03-2022,Foot Locker,Midwest,Ohio,Women's Athletic Footwear,Online,59.98,17.0,1019.66
103949,2022-05-26,adidas online store,Southeast,North Carolina,Accessories,,49.08,36.0,1766.88
107907,21/05/2022,Adidas Online Store,West,Oregon,Men's Athletic Footwear,online,43.6,39.0,2550.6000000000004
100409,09/07/2023,  J.D. Sports ,Midwest,Illinois,Kids' Footwear,Outlet,70.21,50.0,3510.5
105568,14-07-2023,WALMART,Midwest,Illinois,Outdoor Footwear,Online,73.9,29.0,2143.1
108183,24-11-2022,Adidas Online Store,Southeast,North Carolina,Women's Street Footwear,Online,66.31,13.0,862.03
108635,03 Mar 2024,Kohl's,Midwest,Ohio,Accessories,In-store,50.89,49.0,2493.61
104976,25/12/2024,West Gear,WEST,Oregon,Men's Street Footwear,IN-STORE,44.35,58.0,2572.3
103551,20/03/2023,J.D. Sports,Southeast,Virginia,Women's Athletic Footwear,Outlet,63.54,12.0,762.48
106484,24 Oct 2024,Amazon,West,Washington,Men's Athletic Footwear,Outlet,31.18,36.0,1122.48
101580,15-12-2024,J.D. Sports,Northeast,New Jersey,Men's Athletic Footwear,In-store,42.98,66.0,2836.68
100887,25-01-2022,J.D. Sports,South,Texas,Kids' Apparel,Outlet,58.6,41.0,2402.6
108211,18/07/2023,Kohl's,MIDWEST,Wisconsin,Accessories,Outlet,31.93,49.0,1564.57
105166,01-02-2023,J.D. Sports,West,Washington,Men's Athletic Footwear,Online,,33.0,2566.41
106189,20 Jun 2024,Foot Locker,Southeast,Georgia,Outdoor Footwear,Online,70.69,26.0,1837.94
102589,02 Dec 2024,Amazon,Midwest,Illinois,Men's Athletic Footwear,In-store,52.45,21.0,1101.45
109132,2023-09-11,Foot Locker,Midwest,Illinois,Men's Street Footwear,In-store,39.86,1.0,39.86
103640,2024-04-09,Sports Direct,Midwest,Wisconsin,Women's Street Footwear,OUTLET,29.0,35.0,
103980,09/03/2023,Foot Locker,Midwest,Wisconsin,Kids' Footwear,Outlet,38.56,58.0,2236.48
109677,02 Feb 2023,j.d. sports,Midwest,Illinois,Accessories,In-store,55.97,13.0,727.61
107376,2023-02-15,J.D. Sports,West,Oregon,Men's Street Footwear,,63.97,51.0,3262.47
107162,08 Apr 2024,  Kohl's ,Northeast,Pennsylvania,Kids' Footwear,Online,38.52,38.0,1463.76
108872,2023-02-26,FOOT LOCKER,Northeast,New York,Kids' Footwear,Online,59.34,41.0,2432.94
108343,05-02-2023,Amazon,Northeast,New Jersey,Women's Street Footwear,Online,23.97,32.0,
101269,22-05-2024,Foot Locker,West,Arizona,Women's Street Footwear,Outlet,64.45,62.0,3995.9
105227,08 Dec 2022,West Gear,West,California,Kids' Apparel,Outlet,49.03,41.0,2010.23
104641,07/02/2024,Sports Direct,SOUTH,Tennessee,Men's Athletic Footwear,Outlet,60.09,43.0,258387.0
107988,03-11-2022,Amazon,Southeast,North Carolina,Kids' Footwear,Outlet,89.38,68.0,
104822,2022-12-23,West Gear,Southeast,Georgia,Men's Street Footwear,In-store,60.87,7.0,426.09
102948,17 May 2023,  Amazon ,Northeast,Pennsylvania,Men's Athletic Footwear,Online,63.73,40.0,2549.2
103745,2023-11-07,Walmart,Northeast,Pennsylvania,Outdoor Footwear,Outlet,25.41,39.0,990.99
100285,14-07-2024,Sports Direct,Midwest,Illinois,Women's Athletic Footwear,In-store,73.66,47.0,3462.02
105376,11 Jun 2024,Amazon,SOUTHEAST,Georgia,Women's Apparel,Outlet,68.61,36.0,2469.96
108261,15 Nov 2022,Amazon,Midwest,Michigan,Men's Apparel,Outlet,67.56,43.0,2905.08
105528,06 Mar 2023,  West Gear ,Midwest,Michigan,Accessories,In-store,91.53,34.0,3112.02
109355,14/01/2022,AMAZON,Midwest,Wisconsin,Women's Athletic Footwear,Online,64.01,58.0,3712.58
101630,26 Oct 2024,J.D. Sports,Midwest,Michigan,Kids' Footwear,OUTLET,,30.0,2348.7
108546,2024-01-25,Amazon,SOUTHEAST,Florida,Accessories,Outlet,48.02,30.0,1440.6
107807,05-03-2023,West Gear,Southeast,Virginia,Kids' Footwear,In-store,46.31,39.0,1806.09
108495,2024-06-17,  J.D. Sports ,Northeast,Massachusetts,Kids' Apparel,In-store,40.45,21.0,849.45
104664,25 Dec 2023,Amazon,Midwest,Michigan,Women's Apparel,In-store,73.78,11.0,811.58
108168,28-09-2022,  Adidas Online Store ,Midwest,Ohio,Men's Apparel,In-store,30.48,36.0,1097.28
105304,06/12/2024,West Gear,Midwest,Michigan,Women's Apparel,Online,53.49,53.0,2834.97
101014,2023-05-25,Walmart,Northeast,Pennsylvania,Accessories,Outlet,21.75,9.0,195.75
106735,16-05-2024,Foot Locker,Northeast,New York,Women's Street Footwear,In-store,77.33,36.0,2783.88
102351,2022-04-15,Walmart,SOUTHEAST,Virginia,Women's Street Footwear,Online,75.72,26.0,1968.72
108896,23 May 2024,West Gear,Northeast,Massachusetts,Kids' Footwear,Online,29.78,9.0,268.02
106814,10/04/2024,West Gear,Midwest,Wisconsin,Men's Apparel,Outlet,74.55,11.0,820.05
107427,12/27/2022,Foot Locker,West,Arizona,Men's Street Footwear,Outlet,34.06,54.0,1839.24
101852,25 Apr 2022,amazon,Southeast,Virginia,Accessories,In-store,38.32,16.0,613.12
105178,08-06-2024,SPORTS DIRECT,SOUTH,Oklahoma,Men's Street Footwear,In-store,73.74,1.0,73.74
103591,08/02/2022,Kohl's,Southeast,Virginia,Men's Street Footwear,In-store,38.72,41.0,
103290,25-12-2022,ADIDAS ONLINE STORE,South,Oklahoma,Accessories,Outlet,61.24,,2572.08
107730,04/24/2022,Kohl's,Midwest,Illinois,Women's Athletic Footwear,Online,0.0,,1280.44
103162,03/01/2022,J.D. Sports,Northeast,Massachusetts,Men's Street Footwear,Online,55.44,40.0,2217.6
109061,21 Jul 2022,Kohl's,Southeast,North Carolina,Outdoor Footwear,IN-STORE,22.97,5.0,114.85
104346,07 Aug 2023,Foot Locker,Southeast,North Carolina,Women's Apparel,In-store,51.08,74.0,3779.92
108700,14/11/2022,Sports Direct,West,California,Men's Street Footwear,Online,8.0,72.0,576.0
101650,20/03/2023,Sports Direct,West,Washington,Men's Athletic Footwear,Online,40.06,75.0,3004.5
104007,25-07-2024,Amazon,Northeast,Massachusetts,Men's Athletic Footwear,Online,74.29,57.0,4234.53
103811,04/12/2022,J.D. Sports,Midwest,Ohio,Outdoor Footwear,Online,52.74,29.0,1529.46
101498,11-05-2023,Walmart,South,Texas,Women's Street Footwear,Outlet,56.47,60.0,3388.2
103123,26-10-2023,West Gear,Midwest,Michigan,Women's Street Footwear,In-store,38.32,23.0,881.36
102913,28 Dec 2024,amazon,Southeast,Virginia,Women's Street Footwear,Outlet,62.03,62.0,3845.86
105143,04/13/2022,Amazon,South,Texas,Accessories,Online,80.82,19.0,1535.58
102372,2022-01-31,Amazon,South,Louisiana,Women's Apparel,Outlet,74.2,30.0,2226.0
108231,21 Nov 2024,Amazon,Southeast,Florida,Men's Athletic Footwear,In-store,77.77,20.0,1555.4
103261,05/02/2023,Amazon,South,Tennessee,Kids' Footwear,Online,59.43,25.0,1485.75
101452,2024-11-07,Foot Locker,Midwest,Illinois,Accessories, In-store,48.0,32.0,1536.0
106609,02-08-2022,j.d. sports,NORTHEAST,  New York  ,Womens Street Footwear,Online,22.93,4.0,91.72
108886,2024-02-13,west gear,West,California,Men's Street Footwear,In-store,47.16,61.0,2876.76
101641,11-08-2023,West Gear,SOUTH,Louisiana,Men's Street Footwear,Online,74.96,57.0,
107859,30 Nov 2023,Walmart,South,Texas,Accessories,In-store,52.58,1.0,52.58
108561,21-08-2023,Adidas Online Store,SOUTHEAST,Virginia,Accessories,Online,19.89,15.0,298.35
106209,08/14/2024,Foot Locker,West,California,Kids' Footwear,Online,42.95,8.0,343.6
103804,13-04-2023,Sports Direct,South,Oklahoma,Accessories,Online,49.99,43.0,2149.57
109698,31 Dec 2024,kohl's,Southeast,Georgia,Men's Apparel, In-store,54.67,17.0,929.39
106252,03/06/2023,Adidas Online Store,Northeast,New Jersey,Outdoor Footwear,Outlet,61.94,57.0,3530.58
106412,16-03-2024,Walmart,West,Arizona,Accessories,Online,46.19,71.0,3279.49
102810,26 May 2024,Sports Direct,Southeast,Georgia,Men's Street Footwear,In-store,32.12,64.0,2055.68
101479,04 Mar 2022,Sports Direct,Midwest,Ohio,Men's Athletic Footwear,Outlet,55.41,27.0,1496.07
104819,01/05/2024,Kohl's,Southeast,North Carolina,Men's Athletic Footwear,Online,43.05,72.0,3099.6
101644,08/13/2024,Sports Direct,Northeast,New Jersey,Men's Street Footwear,Online,84.47,29.0,2449.63
106798,07-10-2023,Foot Locker,Northeast,New Jersey,Men's Street Footwear,Outlet,36.78,24.0,882.72
104146,12-06-2023,foot locker,Northeast,New Jersey,Men's Apparel,Outlet,73.23,46.0,3368.58
101282,14 May 2022,Sports Direct,Northeast,Pennsylvania,Accessories, Outlet,55.91,41.0,
102968,2023-11-06,Sports Direct,West,Arizona,Women's Athletic Footwear,In-store,67.81,36.0,2441.16
109600,2024-03-31,West Gear,NORTHEAST,Massachusetts,Women's Athletic Footwear, Outlet,31.81,57.0,1813.17
108974,2023-10-27,Sports Direct,West,Washington,Outdoor Footwear,Outlet,40.4,16.0,646.4
108894,28-11-2023,Amazon,Southeast,Florida,Women's Apparel, Online,65.15,17.0,1107.55
106805,2022-12-10,Adidas Online Store,Southeast,Virginia,Men's Apparel,Online,65.77,3.0,197.31
100253,12/04/2024,Walmart,South,Texas,Outdoor Footwear,Outlet,37.89,44.0,1667.16
108083,20-11-2024,Adidas Online Store,Southeast,Virginia,Men's Street Footwear,Outlet,11.47,34.0,389.98
108830,19 Jul 2024,J.D. Sports,South,Texas,Accessories,Outlet,50.88,5.0,254.4
103454,06/01/2024,Kohl's,Midwest,Illinois,Kids' Apparel,Online,62.81,24.0,1507.44
107628,03 Oct 2023,J.D. Sports,South,Texas,Kids' Footwear, Outlet,41.57,11.0,457.27
104381,03/06/2023,Adidas Online Store,West,Oregon,Outdoor Footwear,OUTLET,52.31,31.0,1621.61
108674,2022-05-15,Kohl's,South,Louisiana,Outdoor Footwear,Online,30.22,46.0,1390.12
102831,2023-04-19,Amazon,Southeast,Florida,Women's Apparel,In-store,62.79,47.0,2951.13
106653,20/02/2023,Kohl's,West,Oregon,Outdoor Footwear,Outlet,25.46,51.0,1298.46
107649,07/01/2024,sports direct,Midwest,Illinois,Women's Street Footwear,Online,37.71,53.0,1998.63
105555,2024-07-29,Adidas Online Store,Southeast,Georgia,Men's Apparel,OUTLET,69.1,43.0,2971.3
108995,2024-10-05,Adidas Online Store,South,Texas,Men's Street Footwear,Online,58.15,40.0,2326.0
106429,26/09/2023,WALMART,Northeast,Pennsylvania,Kids' Apparel,online,48.2,28.0,1349.6
102534,2022-02-07,Sports Direct,Midwest,Ohio,Women's Athletic Footwear,In-store,58.81,64.0,3763.84
109737,08/07/2023,Kohl's,South,Louisiana,Men's Apparel,In-store,71.13,18.0,1280.34
106490,07-11-2024,West Gear,Southeast,North Carolina,Kids' Apparel,Online,66.19,40.0,2647.6
105844,04-09-2022,Foot Locker,Midwest,Illinois,Men's Apparel,In-store,31.06,34.0,1056.04
109450,2022-08-06,Adidas Online Store,SOUTH,Texas,Men's Apparel,In-store,57.93,7.0,405.51
109363,09/13/2023,Adidas Online Store,West,California,Accessories,In-store,77.0,58.0,4466.0
107702,2024-07-05,  West Gear ,South,Louisiana,Kids' Apparel,,55.17,1.0,55.17
102924,06/05/2024,J.D. Sports,West,Washington,Women's Apparel,In-store,84.38,12.0,1012.56
104694,11 Jan 2022,West Gear,South,Tennessee,Men's Street Footwear,Online,61.88,39.0,2413.32
107701,17/03/2023,Adidas Online Store,Northeast,Pennsylvania,Kids' Apparel,In-store,39.49,48.0,
105421,19 Jan 2024,amazon,West,  Oregon  ,Men's Apparel,In-store,48.32,68.0,
101890,13-03-2023,Adidas Online Store,Midwest,Illinois,Men's Apparel,In-store,27.98,29.0,811.42
108085,02-09-2023,Adidas Online Store,South,Louisiana,Men's Apparel,Online,77.22,37.0,2857.14
108609,15/09/2024,Amazon,West,Arizona,Women's Apparel, Online,59.97,12.0,719.64
102827,01/10/2024,Foot Locker,Northeast,New Jersey,Men's Athletic Footwear,Outlet,73.28,21.0,
109529,08/14/2023,Adidas Online Store,NORTHEAST,New York,Women's Athletic Footwear,Outlet,31.01,66.0,2046.66
103508,09/07/2024,Amazon,Northeast,New York,Women's Street Footwear,Online,64.0,68.0,4352.0
101629,06/17/2024,  J.D. Sports ,Midwest,Ohio,Outdoor Footwear,Outlet,46.8,42.0,1965.6
102641,14/10/2024,  West Gear ,West,Arizona,Men's Apparel,In-store,62.09,27.0,1676.43
105567,05/26/2023,Kohl's,Midwest,Illinois,Women's Athletic Footwear,Online,52.97,40.0,2118.8
102710,30/12/2024,Foot Locker,Midwest,Michigan,Women's Street Footwear,ONLINE,59.79,52.0,3109.08
101843,15-02-2024,Adidas Online Store,Northeast,New Jersey,Women's Apparel,Outlet,43.75,62.0,2712.5
105553,06-12-2023,Sports Direct,Northeast,New York,Women's Apparel,Outlet,79.33,42.0,
100110,06-06-2022,West Gear,Midwest,Michigan,Kids' Footwear,outlet,51.1,46.0,3525.8999999999996
103691,03 May 2024,Amazon,West,California,Outdoor Footwear,In-store,79.31,44.0,
100231,24-08-2024,Adidas Online Store,South,Oklahoma,Accessories,outlet,55.09,28.0,1542.52
102370,2024-07-08,Sports Direct,Midwest,Wisconsin,Accessories,In-store,50.22,45.0,2259.9
104558,03 Aug 2024,Foot Locker,Northeast,New York,Men's Athletic Footwear,In-store,61.2,53.0,3243.6
101905,14 Nov 2024,Foot Locker,Southeast,North Carolina,Kids' Apparel,Online,65.78,17.0,1118.26
101883,12/08/2024,Kohl's,Northeast,Massachusetts,Women's Apparel,Online,68.7,26.0,1786.2
107093,01/11/2023,walmart,Midwest,  Michigan  ,Outdoor Footwear,Outlet,53.74,38.0,2042.12
108053,18 Jan 2023,Sports Direct,Midwest,Ohio,Women's Street Footwear,Outlet,25.83,64.0,1653.12
107682,25-06-2023,J.D. Sports,Midwest,Illinois,Women's Apparel,Online,53.33,51.0,2719.83
107374,07/02/2023,West Gear,Midwest,Wisconsin,Men's Athletic Footwear,Online,85.1,82.0,6978.2
104964,12 Aug 2023,Adidas Online Store,Midwest,Illinois,Women's Athletic Footwear,Online,65.45,43.0,2814.35
103809,16-06-2023,Walmart,Midwest,,Men's Apparel,Online,58.98,36.0,2123.28
102983,20-09-2023,Adidas Online Store,West,Washington,Men's Apparel,Online,39.36,25.0,984.0
101221,05-03-2023,Kohl's,Midwest,Wisconsin,Kids' Footwear,Online,103.59,40.0,4143.6
105429,12/07/2024,Kohl's,Northeast,Massachusetts,Outdoor Footwear,Outlet,31.04,10.0,310.4
108567,24 Nov 2022,  Foot Locker ,Northeast,,Women's Street Footwear,Online,45.41,26.0,1180.66
109155,06-10-2024,J.D. SPORTS,Southeast,Virginia,Men's Street Footwear,Outlet,40.94,2.0,81.88
106582,14/12/2024,West Gear,Southeast,Virginia,Outdoor Footwear,Outlet,56.37,26.0,1465.62
106644,05 Dec 2023,  Walmart ,SOUTHEAST,North Carolina,Women's Athletic Footwear,Online,46.54,16.0,744.64
107112,24 Mar 2023,J.D. Sports,South,Louisiana,Outdoor Footwear,Outlet,43.81,51.0,2234.31
100708,16-05-2022,Sports Direct,West,Oregon,Women's Athletic Footwear,Outlet,53.7,11.0,590.7
101542,05/10/2024,Adidas Online Store,WEST,Oregon,Accessories,In-store,73.14,21.0,
106624,2022-10-19,West Gear,Southeast,Georgia,Kids' Apparel,IN-STORE,72.8,31.0,2256.8
109352,08/01/2022,Adidas Online Store,West,California,Men's Apparel,Outlet,80.78,17.0,1373.26
101505,02/06/2022,West Gear,Southeast,Florida,Women's Apparel,outlet,41.41,49.0,
109478,23/08/2022,j.d. sports,Northeast,Pennsylvania,Men's Street Footwear,In-store,48.27,36.0,1737.72
103338,11-05-2022,West Gear,Midwest,Illinois,Women's Street Footwear,Outlet,86.26,71.0,6124.46
105330,20-11-2023,Walmart,West,Washington,Outdoor Footwear,In-store,62.54,25.0,1563.5
105204,11/13/2022,Amazon,South,Louisiana,Women's Athletic Footwear,Outlet,86.29,53.0,4573.37
109010,05-08-2022,J.D. Sports,Northeast,Pennsylvania,Women's Apparel,Online,28.23,36.0,1016.28
102529,22 Feb 2022,Walmart,West,Arizona,Outdoor Footwear,Outlet,87.76,39.0,
108034,2023-06-18,foot locker,South,Texas,Kids' Footwear,Outlet,56.41,44.0,2482.04
100772,2022-02-26,Kohl's,MIDWEST,Wisconsin,Women's Apparel,,47.51,47.0,2232.97
107196,30-05-2024,Walmart,Southeast,Florida,Women's Street Footwear,In-store,10.87,3.0,
105218,06/13/2023,Walmart,Midwest,Michigan,Women's Apparel,In-store,69.94,72.0,5035.68
102064,08/11/2024,Adidas Online Store,Southeast,Florida,Women's Apparel,,11.85,34.0,402.9
105554,04/07/2022,West Gear,Southeast,Virginia,Women's Apparel,In-store,66.98,44.0,2947.12
105257,2023-01-17,Foot Locker,South,Tennessee,Men's Athletic Footwear,Outlet,42.67,10.0,426.7
107890,10/09/2023,Kohl's,Midwest,Ohio,Women's Athletic Footwear, In-store,50.85,10.0,508.5
107012,08/04/2022,Walmart,Midwest,Illinois,Outdoor Footwear,ONLINE,54.47,25.0,1361.75
104810,08/03/2023,Walmart,South,Tennessee,Accessories,Outlet,65.72,59.0,3877.48
100267,2022-02-10,Adidas Online Store,Southeast,North Carolina,Kids' Apparel,Outlet,36.12,9.0,325.08
100486,03/26/2022,Amazon,Southeast,North Carolina,Women's Athletic Footwear,In-store,47.22,19.0,897.18
103295,2022-10-27,Walmart,South,Tennessee,Kids' Footwear,Online,61.97,28.0,1735.16
106391,06-01-2022,West Gear,Midwest,Ohio,Accessories,Outlet,32.22,33.0,1063.26
107975,11/18/2024,Amazon,SOUTHEAST,North Carolina,Men's Apparel,online,42.23,71.0,2998.33
101907,2024-09-30,Sports Direct,Midwest,Wisconsin,Kids' Apparel, In-store,17.62,24.0,
101354,02/12/2023,Amazon,Midwest,Wisconsin,Kids' Footwear,Online,44.68,10.0,446.8
106424,09/17/2022,Foot Locker,Northeast,Massachusetts,Men's Street Footwear,Online,36.04,44.0,1585.76
105117,17 Aug 2024,Kohl's,West,Arizona,Women's Apparel,Online,45.8,42.0,1923.6
109555,2023-01-08,Amazon,Northeast,Massachusetts,Women's Apparel,Outlet,67.53,37.0,2498.61
105791,13/04/2023,  Sports Direct ,South,Texas,Women's Street Footwear,Outlet,44.11,4.0,176.44
100912,25/02/2024,  Kohl's ,Southeast,Georgia,Men's Athletic Footwear,Outlet,57.64,64.0,3688.96
103875,30-11-2023,Sports Direct,Southeast,Virginia,Kids' Footwear,Outlet,93.68,22.0,2060.96
108023,04/24/2022,West Gear,Northeast,New Jersey,Women's Street Footwear,In-store,68.13,56.0,3815.28
104742,10/30/2024,WEST GEAR,NORTHEAST,Pennsylvania,Women's Street Footwear,Online,40.93,27.0,1105.11
107270,18/03/2024,kohl's,MIDWEST,Wisconsin,Women's Apparel,Online,60.62,34.0,2061.08
102096,07/15/2023,Sports Direct,Midwest,Michigan,Men's Athletic Footwear,Online,48.64,74.0,3599.36
106679,23 Oct 2023,Foot Locker,Northeast,New York,Accessories,Outlet,34.98,52.0,1818.96
109106,25/12/2022,Kohl's,Southeast,Florida,Women's Athletic Footwear,In-store,20.51,10.0,205.1
107735,19-04-2024,Foot Locker,West,Oregon,Women's Athletic Footwear,Outlet,54.43,26.0,1415.18
108564,2024-10-20,Amazon,South,Tennessee,Kids' Footwear,ONLINE,68.7,29.0,1992.3
101200,19-07-2024,Walmart,Southeast,Virginia,Outdoor Footwear,Online,30.36,26.0,789.36
102665,2024-12-23,Kohl's,West,California,Accessories,In-store,71.28,1.0,71.28
109522,19-11-2024,Adidas Online Store,Midwest,Illinois,Women's Apparel,Outlet,65.82,1.0,65.82
109740,12/03/2024,J.D. Sports,West,Arizona,Women's Apparel,Online,43.84,34.0,1490.56
107993,04-05-2023,WEST GEAR,West,Washington,Kids' Apparel,Online,53.37,1.0,53.37
103082,11-05-2024,J.D. Sports,MIDWEST,Michigan,Outdoor Footwear,Outlet,72.66,37.0,2688.42
108116,26 Aug 2023,amazon,West,Arizona,Men's Street Footwear,Outlet,,1.0,38.77
102385,26 Dec 2022,Walmart,Northeast,New Jersey,Women's Athletic Footwear,In-store,,49.0,4547.69
107967,03-05-2024,Foot Locker,South,Louisiana,Kids' Apparel,Online,88.55,37.0,3276.35
101717,09 Mar 2022,Kohl's,West,California,Men's Street Footwear,Outlet,64.95,10.0,649.5
109035,27-08-2022,J.D. Sports,Midwest,Illinois,Outdoor Footwear,,65.12,62.0,4037.44
108246,29/12/2024,Adidas Online Store,NORTHEAST,New York,Men's Apparel,In-store,82.0,39.0,3198.0
107306,10/22/2023,Sports Direct,South,Louisiana,Kids' Footwear,Outlet,78.75,31.0,2441.25
105367,25 Jan 2022,J.D. Sports,Midwest,Ohio,Kids' Apparel,Online,40.18,36.0,1446.48
106580,05/09/2022,Foot Locker,Northeast,Pennsylvania,Men's Athletic Footwear,Outlet,29.75,60.0,1785.0
104061,24 Jun 2023,j.d. sports,Southeast,Georgia,Women's Street Footwear,In-store,42.57,22.0,936.54
108733,01/08/2022,Foot Locker,Northeast,New York,Men's Street Footwear,Online,50.04,50.0,2502.0
100089,24/10/2022,Amazon,West,Washington,Outdoor Footwear,ONLINE,74.22,46.0,3414.12
102792,16 Jul 2023,Foot Locker,Midwest,Illinois,Women's Athletic Footwear, In-store,37.88,31.0,1174.28
109348,08/12/2022,Walmart,South,Texas,Kids' Footwear,online,80.02,46.0,3680.92
104366,08/18/2023,J.D. Sports,South,Louisiana,Men's Street Footwear,In-store,70.1,20.0,1402.0
101056,17/10/2023,Kohl's,Midwest,Ohio,Kids' Apparel,Online,54.9,43.0,2360.7
109285,2022-08-21,Kohl's,MIDWEST,Illinois,Kids' Footwear,Outlet,64.16,39.0,2502.24
105702,2024-11-04,West Gear,South,Oklahoma,Kids' Apparel,in-store,64.6,35.0,2261.0
106680,31 Aug 2023,Kohl's,West,Washington,Outdoor Footwear,Online,30.38,75.0,2278.5
107435,2022-02-21,J.D. Sports,South,Texas,Women's Street Footwear,Outlet,39.82,15.0,895.9499999999999
103294,24/05/2022,Sports Direct,Northeast,Massachusetts,Women's Apparel,Online,67.77,1.0,67.77
106292,02/26/2022,Amazon,Northeast,Pennsylvania,Women's Athletic Footwear,In-store,61.18,56.0,3426.08
100308,2022-04-22,ADIDAS ONLINE STORE,Midwest,Illinois,Outdoor Footwear,Online,36.13,47.0,1698.11
105335,2024-11-25,West Gear,NORTHEAST,Massachusetts,Men's Street Footwear,In-store,45.36,13.0,884.52
104294,27-06-2024,Sports Direct,South,Louisiana,Men's Street Footwear,In-store,65.66,32.0,2101.12
106704,13 Oct 2023,Sports Direct,West,Washington,Men's Apparel,Outlet,83.18,13.0,1081.34
106060,11 Jan 2023,Walmart,WEST,Washington,Women's Street Footwear, In-store,64.49,57.0,3675.93
106851,03 Oct 2023,Amazon,West,Washington,Kids' Footwear,In-store,51.13,38.0,1942.94
104139,2024-02-14,West Gear,South,Louisiana,Women's Apparel,In-store,57.85,49.0,2834.65
100870,02/18/2023,J.D. Sports,South,Louisiana,Kids' Footwear,Online,52.43,36.0,1887.48
108691,2024-10-25,walmart,West,Oregon,Men's Athletic Footwear,OUTLET,43.16,69.0,2978.04
103866,29/11/2024,West Gear,NORTHEAST,New York,Outdoor Footwear,online,45.44,46.0,2090.24
107407,28/03/2022,Adidas Online Store,Southeast,Virginia,Women's Apparel,In-store,63.72,58.0,3695.76
106717,04/21/2023,J.D. Sports,South,Louisiana,Women's Street Footwear,Outlet,41.75,11.0,459.25
101705,29/11/2023,Amazon,Northeast,New York,Kids' Apparel,Outlet,77.0,14.0,1078.0
100291,01/14/2022,Sports Direct,Southeast,Virginia,Accessories,Online,52.62,25.0,1973.25
102655,29 Jun 2022,Amazon,Midwest,Ohio,Women's Street Footwear,Outlet,52.83,33.0,1743.39
102614,2023-11-08,West Gear,West,California,Women's Street Footwear,In-store,78.83,1.0,78.83
101809,07/09/2023,Walmart,WEST,Oregon,Men's Street Footwear,In-store,52.06,44.0,2290.64
104741,02/09/2022,  Kohl's ,Southeast,Georgia,Women's Street Footwear,in-store,36.28,40.0,1451.2
105172,11-11-2023,Sports Direct,Northeast,New York,Outdoor Footwear,in-store,68.87,36.0,2479.32
104102,21-05-2023,J.D. Sports,Northeast,New York,Women's Street Footwear,Outlet,49.11,60.0,2946.6
106868,2023-02-03,kohl's,MIDWEST,Michigan,Kids' Footwear,In-store,51.76,25.0,1294.0
103834,10-06-2023,Kohl's,South,Oklahoma,Women's Street Footwear,Outlet,47.42,46.0,2181.32
101042,21 Jul 2024,Adidas Online Store,MIDWEST,Illinois,Kids' Footwear,Online,12.26,26.0,318.76
100281,2024-09-20,amazon,Midwest,Ohio,Women's Apparel,Outlet,76.4,21.0,1604.4
104653,17-07-2024,J.D. Sports,Midwest,Ohio,Women's Athletic Footwear,In-store,66.73,62.0,4137.26
100646,27/11/2022,West Gear,Northeast,Pennsylvania,Accessories,In-store,48.6,8.0,388.8
107073,2023-12-05,Foot Locker,South,Tennessee,Men's Athletic Footwear, In-store,34.21,28.0,957.88
104066,18/06/2023,Foot Locker,Southeast,Virginia,Kids' Apparel,Outlet,58.08,48.0,2787.84
103602,04/02/2024,Walmart,South,  Tennessee  ,Women's Athletic Footwear,Online,55.51,24.0,1332.24
102008,05/10/2024,J.D. Sports,West,California,Women's Apparel,Outlet,57.72,83.0,4790.76
108846,01 Jun 2024,West Gear,Midwest,Michigan,Men's Apparel,Online,44.87,17.0,
103780,12/11/2022,West Gear,Midwest,Ohio,Women's Street Footwear,In-store,50.09,54.0,2704.86
107372,01-08-2024,Amazon,Midwest,Ohio,Outdoor Footwear,Outlet,81.44,51.0,4153.44
108887,26/12/2023,West Gear,Southeast,Florida,Women's Athletic Footwear,Outlet,90.67,3.0,272.01
101144,30 Oct 2023,Adidas Online Store,SOUTH,Louisiana,Women's Athletic Footwear,Outlet,47.57,56.0,2663.92
107098,06/03/2024,Sports Direct,Northeast,Pennsylvania,Kids' Apparel,Online,62.49,23.0,1437.27
103343,24/04/2024,Amazon,Midwest,Illinois,Women's Street Footwear,OUTLET,50.87,18.0,915.66
106401,04-05-2022,Sports Direct,West,Arizona,Women's Street Footwear,Online,63.9,45.0,2875.5
100549,02/08/2022,Walmart,Northeast,Pennsylvania,Women's Street Footwear,In-store,48.59,29.0,1409.11
103832,2023-11-18,  West Gear ,Northeast,Pennsylvania,Men's Street Footwear,Outlet,21.25,53.0,1126.25
104776,21/12/2023,Foot Locker,Midwest,Wisconsin,Men's Apparel,Online,62.73,32.0,2007.36
104354,2024-06-25,J.D. Sports,Northeast,Massachusetts,Men's Apparel,In-store,79.17,39.0,3087.63
105962,10/11/2024,Kohl's,West,Arizona,Kids' Apparel,Online,67.07,58.0,3890.06
100322,27/05/2024,Sports Direct,South,Texas,Outdoor Footwear,Outlet,34.48,17.0,586.16
104835,27 Sep 2023,J.D. Sports,South,Oklahoma,Kids' Apparel,in-store,44.96,33.0,1483.68
107910,01/03/2023,ADIDAS ONLINE STORE,Midwest,Illinois,Kids' Apparel,In-store,92.94,8.0,743.52
100501,2022-08-22,J.D. Sports,MIDWEST,Ohio,Kids' Footwear,Outlet,72.7,16.0,1163.2
102313,07-12-2023,Adidas Online Store,South,Louisiana,Women's Athletic Footwear,online,39.64,37.0,1466.68
103773,2022-07-23,Kohl's,Midwest,Illinois,Outdoor Footwear,Online,51.42,46.0,2365.32
108937,03/12/2022,West Gear,South,Texas,Accessories, Outlet,68.74,17.0,1168.58
106096,11/24/2022,West Gear,South,Texas,Men's Street Footwear,Online,78.76,26.0,2047.76
105756,2022-02-03,Sports Direct,Midwest,Illinois,Kids' Footwear,Outlet,51.41,25.0,1285.25
105685,29-12-2023,FOOT LOCKER,South,Tennessee,Accessories,Outlet,20.98,54.0,1132.92
105041,11-11-2024,Foot Locker,Southeast,Virginia,Men's Street Footwear, Online,60.51,48.0,2904.48
105329,21/04/2024,Walmart,Southeast,Florida,Kids' Apparel,Outlet,45.42,54.0,2452.68
108784,2022-04-29,Kohl's,NORTHEAST,Massachusetts,Women's Apparel,online,55.93,24.0,1342.32
106090,22 Oct 2023,Adidas Online Store,Midwest,Michigan,Women's Athletic Footwear,OUTLET,44.24,93.0,4114.32
106217,31/05/2024,Adidas Online Store,West,Washington,Kids' Footwear,Online,30.13,26.0,783.38
101350,2024-12-19,Kohl's,South,Texas,Accessories,Online,12.67,12.0,152.04
108591,27-03-2023,J.D. SPORTS,Southeast,Georgia,Women's Street Footwear,Online,74.45,26.0,1935.7
102825,17 Dec 2024,Foot Locker,Southeast,Florida,Outdoor Footwear, In-store,78.06,23.0,1795.38
102179,12/27/2022,J.D. Sports,Southeast,North Carolina,Women's Street Footwear,Outlet,18.97,49.0,929.53
106038,07/03/2023,Adidas Online Store,Northeast,Massachusetts,Kids' Footwear,in-store,41.63,,1373.79
100773,18-10-2022,Amazon,Northeast,New Jersey,Outdoor Footwear,Online,76.58,39.0,2986.62
105113,07/06/2022,KOHL'S,South,Oklahoma,Women's Apparel,Online,54.93,29.0,1592.97
108794,06/07/2023,Sports Direct,Northeast,Pennsylvania,Kids' Apparel,In-store,37.49,31.0,1162.19
107251,03/11/2024,Foot Locker,SOUTHEAST,Florida,Kids' Footwear,In-store,61.07,25.0,1526.75
104520,07/05/2024,  Amazon ,Southeast,North Carolina,Women's Apparel,OUTLET,71.58,57.0,4080.06
103823,05 Dec 2024,Kohl's,West,Arizona,Men's Athletic Footwear, Outlet,33.27,59.0,1962.93
103843,26/10/2023,West Gear,Northeast,New York,Mens Street Footwear,outlet,8.03,60.0,481.8
104508,25/03/2023,Walmart,Midwest,Wisconsin,Men's Street Footwear,,29.03,18.0,522.54
102502,21-01-2024,Foot Locker,South,Texas,Outdoor Footwear,Online,,44.0,2878.48
104404,27-10-2024,J.D. Sports,Midwest,Illinois,Women's Apparel,Online,69.45,54.0,3750.3
106849,2022-05-22,Walmart,Midwest,Ohio,Men's Street Footwear,Outlet,81.72,52.0,4249.44
103135,22 Sep 2024,Walmart,Northeast,New Jersey,Women's Athletic Footwear,In-store,40.04,57.0,
104511,12/17/2024,walmart,West,Arizona,Men's Street Footwear,In-store,10.08,32.0,322.56
103140,27 Dec 2022,Amazon,Midwest,Michigan,Men's Apparel,Online,21.64,1.0,21.64
100909,2023-01-12,West Gear,Southeast,North Carolina,Accessories,Outlet,37.12,54.0,
105719,2022-07-10,Adidas Online Store,Northeast,Pennsylvania,Outdoor Footwear,Outlet,85.5,39.0,3334.5
104773,22 Sep 2023,Foot Locker,South,Oklahoma,Women's Athletic Footwear,In-store,96.27,47.0,4524.69
103398,12/09/2023,J.D. SPORTS,Southeast,Florida,Kids' Footwear,Outlet,45.19,35.0,1581.65
106544,17/08/2023,Sports Direct,West,California,Men's Athletic Footwear,In-store,,54.0,3967.38
106045,2023-02-01,Amazon,West,Washington,Men's Street Footwear,In-store,57.26,18.0,
104975,2023-04-27,Amazon,Northeast,New Jersey,Men's Apparel,Outlet,50.61,38.0,1923.18
103156,24-06-2023,Walmart,Northeast,Massachusetts,Men's Street Footwear,In-store,80.5,15.0,1207.5
109587,07/01/2023,West Gear,Midwest,Ohio,Women's Apparel,,65.86,47.0,3095.42
105816,15-04-2022,Foot Locker,Midwest,Ohio,Outdoor Footwear,online,41.66,37.0,1541.42
106733,04 Sep 2022,Amazon,Northeast,New York,Women's Street Footwear,IN-STORE,67.59,31.0,2095.29
105043,06-02-2022,Amazon,South,Oklahoma,Men's Athletic Footwear,In-store,50.86,37.0,
105950,12 Dec 2022,Kohl's,Northeast,New Jersey,Men's Apparel,In-store,77.55,23.0,1783.65
103344,06-01-2024,Walmart,South,Texas,Women's Apparel,In-store,91.47,37.0,3384.39
104180,17-12-2023,J.D. Sports,South,Louisiana,Women's Street Footwear,Online,67.72,28.0,1896.16
107058,2024-09-23,Kohl's,South,Louisiana,Women's Athletic Footwear,Outlet,39.33,38.0,1494.54
106539,17/01/2022,Adidas Online Store,West,,Women's Apparel,Outlet,81.85,36.0,2946.6
106451,28/01/2023,J.D. SPORTS,Northeast,Pennsylvania,Women's Street Footwear,In-store,17.27,41.0,708.07
108512,08-09-2022,J.D. Sports,Midwest,Wisconsin,Women's Apparel,Outlet,28.45,56.0,1593.2
101228,08/07/2023,Amazon,Northeast,Massachusetts,Accessories,Outlet,54.16,59.0,3195.44
104475,2023-02-24,FOOT LOCKER,Midwest,,Men's Athletic Footwear,Outlet,72.37,30.0,2171.1
109056,2022-06-29,Sports Direct,Northeast,Pennsylvania,Women's Street Footwear,Online,,2.0,19.0
100105,22/09/2024,Walmart,Midwest,Illinois,Women's Athletic Footwear,Outlet,46.13,31.0,1430.03
109287,12 Jul 2024,Adidas Online Store,West,Arizona,Men's Athletic Footwear,in-store,83.53,53.0,4427.09
108608,01/02/2022,Walmart,Midwest,Ohio,Women's Apparel,Outlet,49.3,25.0,1232.5
100747,01 Apr 2022,Adidas Online Store,West,California,Women's Athletic Footwear,In-store,60.9,51.0,3105.9
107634,10/03/2023,J.D. Sports,Midwest,Michigan,Men's Street Footwear,in-store,46.56,1.0,46.56
106305,02/04/2023,Sports Direct,Midwest,Wisconsin,Men's Athletic Footwear,In-store,64.89,47.0,3049.83
108268,06 Jan 2024,Sports Direct,Midwest,Wisconsin,Men's Athletic Footwear, Online,23.08,42.0,969.36
101825,15 May 2024,J.D. Sports,Midwest,Wisconsin,Kids' Apparel,In-store,63.1,68.0,4290.8
104065,28 Jun 2022,Walmart,West,Arizona,Women's Athletic Footwear,Online,68.93,51.0,3515.43
105704,26 Oct 2023,West Gear,West,California,Kids' Footwear,In-store,29.27,46.0,1346.42
102103,15/05/2023,Kohl's,Southeast,Virginia,Women's Street Footwear,Outlet,33.82,57.0,1927.74
106368,30-12-2022,Adidas Online Store,South,Louisiana,Women's Apparel,In-store,79.98,1.0,79.98
101117,18-01-2023,Amazon,South,Oklahoma,Kids' Apparel,Outlet,80.04,68.0,5442.72
107445,2023-05-05,Sports Direct,Northeast,New Jersey,Women's Athletic Footwear, Online,84.84,70.0,5938.8
100200,2022-08-13,West Gear,Southeast,Florida,Outdoor Footwear,Online,85.85,56.0,4807.6
108418,2023-03-06,Adidas Online Store,Southeast,Florida,Kids' Apparel,Outlet,41.61,36.0,1497.96
104691,04/02/2023,Adidas Online Store,Southeast,Georgia,Accessories,Online,62.88,43.0,2703.84
106816,25 Mar 2024,Foot Locker,South,  Tennessee  ,Kids' Footwear,Online,28.61,39.0,1115.79
108138,27 Jan 2022,West Gear,South,Tennessee,Kids' Apparel,in-store,39.38,,
100458,01-06-2024,FOOT LOCKER,Northeast,Pennsylvania,Outdoor Footwear,In-store,47.29,33.0,1560.57
107456,05/13/2022,Walmart,WEST,Washington,Women's Athletic Footwear,Outlet,87.58,29.0,2539.82
101296,21-08-2022,Walmart,Midwest,Michigan,Men's Street Footwear,Online,97.27,39.0,3793.53
108613,03/02/2023,West Gear,Northeast,New Jersey,Kids' Apparel,Online,45.52,35.0,1593.2
104556,2024-11-13,J.D. Sports,West,California,Outdoor Footwear,Online,,48.0,2328.0
109320,2024-12-09,Sports Direct,Southeast,North Carolina,Women's Apparel,Online,29.78,37.0,1101.86
104457,2024-07-21,West Gear,Midwest,Wisconsin,Men's Apparel,outlet,76.46,2.0,152.92
103012,2024-02-16,WALMART,South,Texas,Kids' Apparel,Outlet,69.72,13.0,906.36
107602,2024-12-30,  Kohl's ,Midwest,Wisconsin,Men's Street Footwear,Outlet,54.16,53.0,2870.48
109246,03-01-2024,Foot Locker,Northeast,New York,Kids' Footwear,Online,65.48,56.0,3666.88
106392,23 Apr 2023,ADIDAS ONLINE STORE,West,Washington,Kids' Footwear,Outlet,51.26,,615.12
100886,08/05/2022,Amazon,Midwest,Michigan,Women's Apparel,ONLINE,44.28,24.0,1062.72
100605,10 Jun 2023,Adidas Online Store,Northeast,Massachusetts,Kids' Footwear,Online,,56.0,
101557,22-02-2022,Walmart,Northeast,New Jersey,Kids' Footwear,Online,40.49,46.0,
107796,2022-10-10,Sports Direct,South,Louisiana,Men's Street Footwear,In-store,75.69,67.0,5071.23
106051,26 Jun 2024,J.D. Sports,Northeast,New Jersey,Men's Street Footwear,In-store,72.58,69.0,5008.02
107248,2024-03-09,Adidas Online Store,West,Washington,Men's Apparel,Outlet,65.74,46.0,3024.04
103361,2023-10-29,Amazon,South,Oklahoma,Accessories,Online,67.11,33.0,2214.63
106695,03-12-2023,Kohl's,West,Oregon,Women's Athletic Footwear,Online,58.72,3.0,176.16
107406,12/11/2023,J.D. Sports,NORTHEAST,Massachusetts,Kids' Apparel,In-store,42.62,21.0,895.02
102954,07/22/2024,Adidas Online Store,Northeast,,Men's Street Footwear,Online,46.26,41.0,1896.66
107616,2024-08-10,Kohl's,South,Louisiana,Accessories,Online,50.03,1.0,50.03
102787,11/25/2024,Amazon,Southeast,Virginia,Outdoor Footwear,Outlet,0.0,52.0,2074.28
108785,29-01-2022,J.D. Sports,Northeast,Massachusetts,Women's Athletic Footwear,,0.0,65.0,1516.45
105590,02/07/2024,J.D. Sports,Midwest,Wisconsin,Men's Apparel,Outlet,40.79,23.0,938.17
106085,17/05/2022,Foot Locker,South,Tennessee,Women's Street Footwear,In-store,14.89,21.0,312.69
106761,21 Feb 2024,Sports Direct,South,Tennessee,Women's Athletic Footwear,Online,86.27,35.0,3019.45
100700,21/08/2024,Sports Direct,Midwest,Illinois,Men's Apparel,Online,44.27,49.0,2169.23
101205,12-11-2024,Foot Locker,West,Arizona,Kids' Apparel,,77.27,50.0,3863.5
107582,01/03/2023,WEST GEAR,South,Texas,Women's Athletic Footwear,Online,66.0,,1386.0
105745,08/04/2023,J.D. Sports,Northeast,Pennsylvania,Mens Apparel,Outlet,,42.0,2304.96
103787,02-11-2023,  Adidas Online Store ,SOUTHEAST,Virginia,Kids' Apparel,Online,115.35,39.0,4498.65
102198,07/11/2023,West Gear,West,California,Outdoor Footwear,In-store,65.01,-56.0,3640.56
107908,26 Jun 2024,Foot Locker,West,California,Women's Apparel,OUTLET,40.65,,1422.75
108819,2023-02-08,Foot Locker,West,California,Kids' Footwear,Online,54.25,12.0,651.0
106407,05/29/2023,Adidas Online Store,South,Tennessee,Women's Apparel,Online,74.02,31.0,2294.62
107514,05/12/2024,Kohl's,Midwest,Wisconsin,Men's Apparel,In-store,43.97,47.0,2066.59
102130,04-05-2022,Sports Direct,Midwest,Wisconsin,Outdoor Footwear,IN-STORE,34.08,18.0,613.44
108344,06/12/2022,Adidas Online Store,NORTHEAST,Massachusetts,Women's Street Footwear,Online,63.89,26.0,1661.14
109728,2024-03-13,West Gear,Northeast,Pennsylvania,Women's Street Footwear, Outlet,44.71,54.0,2414.34
101437,2024-01-25,J.D. Sports,WEST,Washington,Men's Athletic Footwear,Outlet,33.48,38.0,1272.24
103035,10/29/2023,West Gear,Southeast,Virginia,Outdoor Footwear,In-store,34.18,63.0,2153.34
109667,2023-07-02,Walmart,Southeast,North Carolina,Men's Street Footwear,online,35.93,44.0,1580.92
109547,22 Feb 2023,Walmart,West,Oregon,Men's Apparel,In-store,17.83,57.0,1016.31
103582,06/05/2023,West Gear,Southeast,Georgia,Men's Apparel,Outlet,77.06,51.0,3930.06
104159,12/16/2022,Amazon,West,Oregon,Accessories,Online,41.85,41.0,1715.85
104528,08 Sep 2022,Amazon,Northeast,Pennsylvania,Accessories,Online,67.99,62.0,4215.38
106327,21 Jan 2023,Amazon,South,Tennessee,Accessories,Outlet,42.09,36.0,1515.24
104161,2024-01-20,Amazon,Midwest,Ohio,Men's Athletic Footwear,Online,42.51,39.0,1657.89
103221,15-10-2023,J.D. Sports,MIDWEST,Michigan,Kids' Apparel,Online,68.75,25.0,1718.75
108081,03/03/2024,Adidas Online Store,Southeast,Georgia,Accessories,ONLINE,71.67,55.0,
101127,20 May 2024,KOHL'S,West,California,Kids' Footwear,,85.55,49.0,4191.95
100060,09-10-2022,Walmart,Northeast,New Jersey,Women's Street Footwear,Outlet,42.04,69.0,2900.76
106678,01/01/2024,Amazon,WEST,California,Men's Apparel,In-store,69.64,46.0,3203.44
103023,11-04-2023,Walmart,South,Tennessee,Women's Athletic Footwear,in-store,52.12,46.0,2397.52
101916,12-03-2022,  West Gear ,Midwest,Wisconsin,Men's Apparel,online,53.41,33.0,1762.53
102511,06/05/2024,West Gear,West,Washington,Men's Athletic Footwear,In-store,49.78,24.0,1194.72
105213,07/29/2024,Foot Locker,Northeast,Massachusetts,Kids' Apparel,Online,91.59,37.0,3388.83
104103,2024-10-20,Walmart,Northeast,Pennsylvania,Accessories,Online,75.7,56.0,4239.2
105637,26-06-2023,  Adidas Online Store ,South,Texas,Outdoor Footwear,Online,45.1,40.0,1804.0
108672,24-09-2023,Adidas Online Store,Southeast,North Carolina,Men's Athletic Footwear,Online,37.69,21.0,791.49
101844,2022-08-11,Amazon,Midwest,Michigan,Men's Athletic Footwear,Outlet,65.78,65.0,4275.7
106918,23-01-2024,West Gear,South,Louisiana,Women's Athletic Footwear,In-store,38.08,32.0,1218.56
100596,2024-03-21,J.D. Sports,South,Louisiana,Men's Athletic Footwear,OUTLET,58.62,39.0,2286.18
104430,09/04/2024,  Walmart ,West,Arizona,Women's Street Footwear,Online,52.85,44.0,2325.4
100960,06 Aug 2024,  Adidas Online Store ,Midwest,Illinois,Women's Athletic Footwear, Online,50.72,21.0,1065.12
109422,2023-01-03,  Sports Direct ,West,California,Women's Street Footwear,In-store,35.88,1.0,35.88
106174,2022-02-11,J.D. Sports,Northeast,New Jersey,Outdoor Footwear,Outlet,62.09,1.0,62.09
100598,28/09/2024,foot locker,Southeast,Georgia,Women's Street Footwear,Outlet,34.57,38.0,1313.66
104633,29/08/2023,West Gear,West,Arizona,Men's Street Footwear,Outlet,47.11,48.0,3391.92
102798,21-06-2024,Walmart,Northeast,Pennsylvania,Kids' Apparel,ONLINE,57.65,50.0,2882.5
108470,30 Jan 2023,AMAZON,South,Tennessee,Women's Street Footwear,In-store,63.94,14.0,895.16
100829,20 Aug 2022,Kohl's,Midwest,Ohio,Women's Athletic Footwear,OUTLET,14.41,1.0,14.41
102452,26 Feb 2024,Kohl's,Northeast,New Jersey,Kids' Apparel,In-store,86.42,77.0,
106939,16/09/2022,West Gear,Northeast,New York,Women's Apparel,Online,49.33,1.0,49.33
106765,2023-04-07,Kohl's,West,Oregon,Women's Street Footwear,In-store,43.2,13.0,561.6
103384,23 Mar 2022,J.D. Sports,Midwest,Ohio,Men's Apparel,Online,37.63,18.0,677.34
106893,13-12-2024,WEST GEAR,South,Oklahoma,Men's Apparel,In-store,57.25,38.0,2175.5
103690,02/26/2023,kohl's,Midwest,Wisconsin,Men's Athletic Footwear,Online,57.94,19.0,1100.86
109682,05/21/2024,Walmart,West,Arizona,Women's Athletic Footwear,Outlet,44.8,21.0,940.8
108093,2022-01-19,Kohl's,Midwest,  Ohio  ,Outdoor Footwear,In-store,48.37,36.0,1741.32
104289,09-08-2022,Kohl's,Northeast,New Jersey,Outdoor Footwear,online,76.45,25.0,
101900,30 Mar 2023,Sports Direct,West,California,Women's Apparel,Outlet,34.48,69.0,2379.12
108722,12/06/2023,Foot Locker,West,Oregon,Kids' Apparel,Online,62.46,21.0,1311.66
106593,08/12/2022,Foot Locker,SOUTH,Texas,Men's Street Footwear,In-store,91.59,35.0,3205.65
104932,19-09-2022,J.D. Sports,MIDWEST,Wisconsin,Men's Street Footwear,Outlet,70.51,30.0,2115.3
107018,19-03-2023,J.D. Sports,Northeast,Massachusetts,Kids' Footwear,Outlet,66.77,52.0,3472.04
109435,04/06/2024,Sports Direct,West,California,Outdoor Footwear,In-store,55.51,76.0,4218.76
105167,2022-02-12,Sports Direct,South,Texas,Women's Athletic Footwear,Online,51.99,18.0,935.82
104400,21-11-2023,Kohl's,Midwest,Illinois,Men's Athletic Footwear,Online,47.13,55.0,2592.15
100962,21 Aug 2024,adidas online store,South,Louisiana,Womens Street Footwear,In-store,8.0,30.0,240.0
104309,27 Jul 2023,Foot Locker,South,Louisiana,Kids' Footwear,Online,60.91,72.0,4385.52
101249,03 Dec 2023,J.D. Sports,Midwest,Wisconsin,Kids' Apparel,Outlet,52.11,67.0,3491.37
107257,2024-08-12,Kohl's,Southeast,Georgia,Men's Apparel,Outlet,77.45,25.0,1936.25
104466,04/30/2023,Sports Direct,South,Texas,Kids' Footwear, Outlet,59.85,46.0,2753.1
104485,11-10-2024,Sports Direct,Midwest,Ohio,Women's Apparel,Outlet,,1.0,79.79
104985,03/29/2023,west gear,Northeast,Massachusetts,Women's Apparel,Online,57.22,34.0,1945.48
100539,25/12/2022,West Gear,MIDWEST,Wisconsin,Kids' Apparel,Outlet,8.0,48.0,384.0
109581,21/03/2023,Walmart,SOUTH,Louisiana,Kids' Footwear,In-store,,4.0,233.12
107797,02/09/2024,Foot Locker,South,Louisiana,Kids' Footwear,In-store,71.02,1.0,71.02
106222,23 Apr 2023,West Gear,Southeast,North Carolina,Women's Apparel,In-store,8.0,13.0,104.0
107928,2022-01-02,  West Gear ,Midwest,Ohio,Women's Street Footwear,In-store,41.54,17.0,706.18
108047,14-01-2024,Sports Direct,Midwest,,Accessories,Outlet,87.68,33.0,2893.44
109517,18/01/2022,Foot Locker,SOUTH,Texas,Women's Athletic Footwear,Online,38.08,28.0,1066.24
107292,05-07-2022,WALMART,Midwest,Illinois,Outdoor Footwear,ONLINE,62.52,17.0,1062.84
108927,13/02/2024,Kohl's,West,Washington,Outdoor Footwear,Online,39.66,31.0,1229.46
100211,11/02/2022,Foot Locker,Midwest,Michigan,Men's Street Footwear,In-store,41.71,7.0,291.97
102751,17-12-2023,J.D. Sports,Southeast,North Carolina,Outdoor Footwear,online,,16.0,784.16
108367,2023-10-23,Kohl's,West,,Kids' Footwear,Online,57.38,83.0,4762.54
100581,08/01/2023,Foot Locker,Northeast,Massachusetts,Kids' Apparel,Online,66.06,36.0,2378.16
105825,2022-11-03,Kohl's,Midwest,Illinois,Women's Apparel,Online,56.28,37.0,2082.36
109686,02 Aug 2022,Walmart,Southeast,Virginia,Outdoor Footwear,Online,53.83,17.0,915.11
100737,16 Aug 2022,SPORTS DIRECT,SOUTHEAST,Virginia,Women's Street Footwear,,20.4,41.0,836.4
107731,17 Nov 2024,Sports Direct,South,Louisiana,Women's Athletic Footwear,Online,24.38,1.0,24.38
108809,16-05-2023,Sports Direct,West,Washington,Kids' Footwear,Outlet,75.94,44.0,3341.36
102934,12/24/2024,Kohl's,Southeast,Virginia,Men's Athletic Footwear,In-store,70.05,51.0,3572.55
105696,19-10-2024,Foot Locker,Northeast,New Jersey,Women's Street Footwear,Outlet,64.98,20.0,1299.6
100092,04/14/2022,  Adidas Online Store ,Midwest,Illinois,Kids' Apparel,Online,61.01,59.0,3599.59
109264,17-09-2022,Sports Direct,South,Texas,Men's Apparel,Outlet,59.19,14.0,828.66
108768,28 Mar 2024,amazon,Southeast,Florida,Women's Apparel,In-store,65.58,45.0,2951.1
100054,2022-03-28,Kohl's,Northeast,New York,Women's Athletic Footwear,Outlet,83.53,38.0,3174.14
100649,07/04/2022,Sports Direct,Northeast,Massachusetts,Women's Apparel,In-store,78.68,16.0,1258.88
105927,30 Apr 2023,WALMART,Northeast,New Jersey,Accessories,In-store,50.53,44.0,2223.32
108644,27 Apr 2022,Amazon,NORTHEAST,Pennsylvania,Women's Street Footwear,Outlet,40.97,26.0,1065.22
109445,2023-01-12,Adidas Online Store,Midwest,Michigan,Kids' Apparel,In-store,,13.0,698.88
107674,03/01/2022,Amazon,South,Texas,Women's Apparel,Outlet,63.31,31.0,1962.61
101181,25-06-2024,J.D. Sports,Northeast,Massachusetts,Accessories,In-store,75.11,24.0,1802.64
102238,2024-02-22,  Walmart ,South,Louisiana,Men's Apparel,Outlet,63.29,28.0,1772.12
103791,03/21/2023,Amazon,NORTHEAST,Massachusetts,Outdoor Footwear,Online,48.04,14.0,672.56
104429,06/28/2024,Foot Locker,Northeast,Massachusetts,Accessories,Online,56.6,17.0,962.2
104878,04-02-2022,J.D. Sports,SOUTHEAST,Florida,Accessories,outlet,50.74,32.0,1623.68
102046,11/27/2022,WALMART,Midwest,Illinois,Kids' Footwear,Online,23.33,30.0,699.9
109229,26/05/2022,Amazon,Southeast,Georgia,Outdoor Footwear,Online,33.64,24.0,
108423,13-01-2024,West Gear,Southeast,Florida,Accessories,In-store,93.56,11.0,1029.16
107740,04/25/2022,Walmart,Southeast,Georgia,Women's Street Footwear,Outlet,49.53,8.0,396.24
106665,17 Feb 2022,Kohl's,West,Washington,Kids' Apparel,,65.31,32.0,2089.92
105854,01/19/2022,Foot Locker,Midwest,Michigan,Women's Street Footwear,In-store,69.3,44.0,3049.2
100748,08/16/2024,Amazon,South,Tennessee,Men's Street Footwear,In-store,54.99,15.0,824.85
107978,04 Aug 2024,Kohl's,Midwest,Michigan,Men's Street Footwear, In-store,70.84,13.0,920.92
105372,17/01/2022,J.D. Sports,Southeast,Virginia,Women's Athletic Footwear,Outlet,72.68,51.0,3706.68
107120,18 Apr 2024,West Gear,Northeast,New York,Kids' Apparel,Online,93.74,25.0,2343.5
103900,2022-02-16,Sports Direct,West,Oregon,Accessories,Outlet,45.96,45.0,2068.2
101487,15/02/2024,West Gear,Southeast,Georgia,Men's Athletic Footwear,Online,30.26,34.0,1028.84
104270,12 Mar 2022,Foot Locker,SOUTH,Tennessee,Womens Street Footwear,In-store,63.32,56.0,3545.92
107402,09/05/2022,Foot Locker,West,Arizona,Men's Street Footwear,In-store,71.0,33.0,2343.0
107191,2024-03-27,Walmart,West,California,Kids' Footwear, Outlet,25.23,39.0,983.97
103853,01/22/2022,Foot Locker,South,Tennessee,Men's Apparel,Outlet,63.22,52.0,3287.44
104873,2023-11-26,west gear,South,Tennessee,Accessories, Outlet,61.14,25.0,1528.5
109700,21 Jul 2023,Amazon,Midwest,Michigan,Women's Street Footwear,Outlet,77.83,39.0,3035.37
108021,07-09-2024,Walmart,NORTHEAST,New Jersey,Men's Athletic Footwear,In-store,54.29,33.0,1791.57
107853,12 May 2023,Foot Locker,Southeast,Georgia,Women's Athletic Footwear,Online,73.44,31.0,2276.64
108264,2024-01-11,Kohl's,NORTHEAST,New York,Accessories,In-store,46.13,68.0,3136.84
109207,25-01-2024,West Gear,Southeast,Virginia,Women's Apparel,In-store,66.87,38.0,2541.06
104512,24 Jun 2024,  J.D. Sports ,West,Washington,Kids' Apparel,Outlet,,,848.65
104988,18/08/2022,Walmart,NORTHEAST,New York,Men's Athletic Footwear,In-store,58.99,28.0,1651.72
102855,10/01/2024,AMAZON,Northeast,New Jersey,Women's Apparel,Outlet,45.54,59.0,
104712,18/04/2022,Adidas Online Store,Midwest,Ohio,Women's Apparel,Online,61.39,,2639.77
100294,2022-04-04,Foot Locker,Southeast,North Carolina,Men's Street Footwear,Online,43.9,58.0,2546.2
106751,04/04/2024,Kohl's,Midwest,Illinois,Accessories,Online,58.77,60.0,3526.2
106759,16-12-2024,Kohl's,Southeast,Georgia,Women's Athletic Footwear,Online,40.54,70.0,2837.8
109086,29-09-2024,Adidas Online Store,South,Louisiana,Mens Street Footwear,In-store,,,2560.8
100793,01/26/2023,J.D. Sports,Southeast,Virginia,Men's Street Footwear,In-store,129.86,40.0,5194.4
106828,04 Jun 2024,Kohl's,NORTHEAST,New Jersey,Women's Street Footwear,OUTLET,55.75,57.0,3177.75
103117,19/11/2023,Sports Direct,West,California,Accessories,Outlet,,24.0,2175.36
102495,26 Apr 2023,Kohl's,South,Oklahoma,Women's Athletic Footwear,Outlet,92.47,45.0,4161.15
109568,04/07/2022,Walmart,Northeast,New York,Women's Athletic Footwear,in-store,69.39,25.0,1734.75
106343,04-02-2024,Sports Direct,South,Louisiana,Men's Apparel,ONLINE,73.95,32.0,2366.4
101688,29 Aug 2022,J.D. SPORTS,Southeast,North Carolina,Women's Apparel,Outlet,8.0,4.0,32.0
100993,06/03/2023,Adidas Online Store,South,Oklahoma,Women's Street Footwear,In-store,61.27,48.0,2940.96
104524,06 Aug 2022,WEST GEAR,Midwest,Michigan,Men's Apparel,Outlet,47.7,27.0,1287.9
101951,06/15/2023,West Gear,South,Texas,Womens Athletic Footwear,OUTLET,45.78,26.0,1190.28
103794,07/04/2024,Sports Direct,Northeast,Massachusetts,Kids' Footwear,online,51.99,,51.99
108438,19 Mar 2023,Kohl's,Northeast,Pennsylvania,Kids' Apparel,In-store,73.78,29.0,2139.62
106696,2024-04-28,adidas online store,SOUTHEAST,Georgia,Kids' Apparel,Outlet,60.43,1.0,60.43
107399,02-10-2023,Adidas Online Store,South,Texas,Men's Athletic Footwear,In-store,20.23,40.0,809.2
107561,2024-05-29,Amazon,Southeast,Florida,Women's Athletic Footwear,In-store,32.28,,548.76
108352,2022-03-14,  Amazon ,West,Arizona,Women's Apparel, Outlet,60.01,35.0,2100.35
101962,06 Oct 2022,SPORTS DIRECT,South,Oklahoma,Outdoor Footwear,Outlet,50.65,6.0,303.9
102839,03/11/2022,Walmart,Southeast,Virginia,Outdoor Footwear,In-store,76.5,20.0,1530.0
101821,16-12-2024,West Gear,Southeast,Virginia,Women's Street Footwear,Online,47.87,9.0,430.83
101189,17-02-2024,Kohl's,West,Oregon,Kids' Apparel,Outlet,64.52,31.0,2000.12
104547,13-02-2022,Walmart,South,Oklahoma,Men's Apparel,in-store,91.21,43.0,3922.03
108419,2023-12-05,Amazon,South,Louisiana,Men's Athletic Footwear, Outlet,47.89,25.0,1197.25
107921,30/04/2023,  Foot Locker ,Northeast,Massachusetts,Men's Athletic Footwear,In-store,25.99,47.0,1221.53
109669,14/04/2022,West Gear,West,Arizona,Women's Apparel,In-store,38.14,43.0,1640.02
103854,13/01/2023,Kohl's,NORTHEAST,New York,Kids' Apparel,In-store,40.44,48.0,1941.12
102859,15 Oct 2024,Amazon,Midwest,Michigan,Men's Apparel,Online,32.56,36.0,
102035,19/03/2022,Walmart,South,Oklahoma,Women's Athletic Footwear,In-store,40.08,7.0,280.56
102615,2022-06-25,Sports Direct,West,Oregon,Kids' Footwear,outlet,70.26,18.0,1264.68
104681,20/08/2023,Amazon,West,California,Women's Apparel,Online,81.18,64.0,5195.52
103678,10/10/2022,Adidas Online Store,Northeast,Massachusetts,Women's Apparel,Outlet,55.2,19.0,1048.8
106550,24/02/2022,J.D. Sports,South,Louisiana,Women's Apparel,In-store,59.06,10.0,590.6
106605,22-10-2022,J.D. Sports,Southeast,North Carolina,Outdoor Footwear,in-store,65.15,39.0,2540.85
108954,07 Mar 2024,West Gear,Midwest,Michigan,Women's Apparel,Outlet,74.41,63.0,4687.83
108910,02/19/2023,Adidas Online Store,Southeast,Virginia,Men's Athletic Footwear,In-store,12.84,22.0,282.48
102181,2024-12-05,Kohl's,West,Washington,Men's Athletic Footwear,Outlet,69.82,39.0,2722.98
106093,06/07/2024,Kohl's,Midwest,Illinois,Men's Apparel,Online,51.8,50.0,2590.0
104769,23 May 2022,Kohl's,South,Texas,Kids' Footwear,In-store,47.77,63.0,3009.51
107583,2022-07-14,Adidas Online Store,Northeast,Massachusetts,Kids' Footwear,Outlet,35.91,26.0,933.66
107569,18/04/2024,Kohl's,South,Oklahoma,Men's Apparel, In-store,34.21,30.0,1026.3
104254,09/08/2024,Walmart,West,Arizona,Women's Apparel,Online,36.76,25.0,919.0
107785,2022-12-14,Adidas Online Store,South,Louisiana,Men's Apparel,Online,42.0,22.0,924.0
108811,03/18/2022,Amazon,Midwest,Wisconsin,Women's Apparel,ONLINE,59.86,45.0,2693.7
105434,2022-03-22,Amazon,SOUTHEAST,Florida,Men's Street Footwear,Outlet,34.26,1.0,34.26
105573,27-08-2024,Sports Direct,SOUTH,Oklahoma,Men's Athletic Footwear,outlet,48.38,22.0,1064.36
100922,18/05/2022,Foot Locker,South,Louisiana,Women's Apparel,Outlet,68.66,39.0,2677.74
101462,15 Feb 2024,Amazon,NORTHEAST,New York,Men's Apparel,ONLINE,52.36,66.0,3455.76
108365,23-04-2022,Amazon,NORTHEAST,New Jersey,Men's Apparel,In-store,84.75,53.0,4491.75
107339,27-04-2024,J.D. Sports,Southeast,Virginia,Outdoor Footwear,Outlet,63.18,17.0,1074.06
104572,08/25/2024,foot locker,Southeast,Florida,Men's Street Footwear,Outlet,50.47,26.0,1312.22
102282,18 Sep 2022,Walmart,Midwest,Illinois,Men's Athletic Footwear,In-store,58.87,25.0,1471.75
109732,14-03-2024,Amazon,Midwest,,Men's Athletic Footwear,In-store,54.91,43.0,2361.13
104425,05/19/2024,  Kohl's ,Midwest,Michigan,Men's Apparel,Outlet,63.48,1.0,63.48
107627,04/01/2024,Amazon,Northeast,Massachusetts,Men's Athletic Footwear,Outlet,,23.0,1284.09
100034,12/17/2024,Sports Direct,South,Louisiana,Accessories,In-store,31.13,13.0,404.69
102228,2023-08-19,Walmart,NORTHEAST,New Jersey,Women's Apparel,Online,65.64,29.0,1903.56
105243,04/20/2023,Kohl's,West,Oregon,Men's Athletic Footwear,Outlet,49.08,44.0,2159.52
100926,2022-08-08,Amazon,Northeast,Pennsylvania,Men's Athletic Footwear,online,44.81,52.0,2330.12
103198,06/18/2022,Foot Locker,South,Texas,Women's Athletic Footwear,Outlet,53.75,15.0,806.25
109257,20-06-2023,  Walmart ,Northeast,New York,Women's Athletic Footwear,Online,31.13,33.0,1027.29
106927,2023-02-06,Walmart,Northeast,Pennsylvania,Women's Street Footwear,In-store,70.71,47.0,3323.37
105658,2022-02-09,J.D. Sports,West,Arizona,Men's Athletic Footwear,Outlet,34.16,4.0,136.64
103586,01/03/2023,West Gear,West,California,Women's Street Footwear,,67.05,39.0,2614.95
102475,07/11/2024,J.D. Sports,Northeast,New York,Mens Apparel,In-store,66.09,23.0,1520.07
108248,08/16/2023,Sports Direct,Southeast,North Carolina,Kids' Apparel,Outlet,24.28,24.0,582.72
102183,19 Sep 2023,AMAZON,West,Washington,Kids' Apparel,In-store,13.84,32.0,442.88
100163,22 Jun 2022,West Gear,Southeast,Virginia,Men's Athletic Footwear,Outlet,,33.0,2208.36
101869,12/06/2023,  West Gear ,Midwest,Illinois,Outdoor Footwear,In-store,69.41,23.0,1596.43
102466,21 Aug 2022,Kohl's,South,Oklahoma,Accessories,Outlet,74.9,33.0,2471.7
105495,2024-01-28,West Gear,South,Tennessee,Outdoor Footwear,In-store,52.38,25.0,1309.5
107373,12-05-2024,  Adidas Online Store ,Midwest,Ohio,Women's Apparel,Outlet,72.24,28.0,2022.72
102959,04/03/2024,Sports Direct,NORTHEAST,New Jersey,Women's Apparel,Outlet,67.33,80.0,538640.0
102235,17-09-2024,J.D. Sports,Southeast,North Carolina,Kids' Apparel,IN-STORE,62.7,48.0,3009.6
105889,09/14/2024,Kohl's,Northeast,Massachusetts,Women's Street Footwear,Outlet,74.71,1.0,74.71
108528,06/20/2023,Sports Direct,West,Washington,Men's Street Footwear,In-store,55.41,34.0,1883.94
101626,02/10/2024,Amazon,West,Oregon,Women's Apparel,In-store,80.66,26.0,2097.16
102702,19/08/2022,  Amazon ,Midwest,Michigan,Women's Apparel,Online,82.03,49.0,4019.47
106035,30/08/2022,foot locker,Southeast,Virginia,Accessories,Online,66.04,40.0,2641.6
109718,12/14/2023,West Gear,Midwest,Wisconsin,Men's Athletic Footwear,Outlet,54.66,72.0,3935.52
100283,2023-12-08,Walmart,Northeast,New York,Women's Street Footwear,Online,105.22,44.0,4629.68
106848,05/28/2022,Sports Direct,West,California,Kids' Footwear,Online,77.31,46.0,5334.39
102713,22-09-2023,J.D. SPORTS,WEST,Washington,Men's Athletic Footwear,OUTLET,,19.0,979.64
100354,15-11-2022,Adidas Online Store,Southeast,North Carolina,Kids' Footwear,In-store,49.11,63.0,3093.93
109550,10 May 2022,West Gear,South,Oklahoma,Men's Athletic Footwear,In-store,52.15,45.0,2346.75
103204,14 Feb 2023,  Kohl's ,South,Texas,Men's Apparel, In-store,59.64,13.0,775.32
102912,22-10-2023,Foot Locker,Southeast,North Carolina,Men's Street Footwear,Online,32.56,59.0,1921.04
101649,03/18/2023,Kohl's,West,California,Men's Apparel,Online,88.96,35.0,3113.6
105396,11 Jan 2023,Kohl's,Southeast,Georgia,Kids' Footwear,In-store,48.86,27.0,1319.22
101594,18/03/2023,J.D. Sports,South,Tennessee,Accessories,Online,56.95,19.0,1082.05
105819,14/02/2023,Adidas Online Store,South,Texas,Kids' Footwear,In-store,37.39,7.0,261.73
107451,2022-08-10,Kohl's,South,Texas,Women's Apparel,Outlet,43.57,40.0,1742.8
100878,21 Sep 2023,Foot Locker,West,Washington,Women's Street Footwear,In-store,48.77,15.0,731.55
105328,09/09/2024,Sports Direct,West,Oregon,Men's Athletic Footwear,Online,50.2,28.0,1405.6
108266,08 Jan 2023,Foot Locker,West,Arizona,Kids' Apparel,Online,49.04,33.0,1618.32
107014,15 Jul 2024,J.D. Sports,South,Louisiana,Womens Apparel,In-store,58.81,23.0,1352.63
105961,12/31/2022,Amazon,Midwest,Illinois,Outdoor Footwear,ONLINE,49.02,52.0,2549.04
107600,24-11-2023,Adidas Online Store,West,Washington,Women's Apparel, Outlet,69.97,83.0,5807.51
107919,2023-07-21,Foot Locker,Midwest,Wisconsin,Men's Athletic Footwear,Online,63.5,33.0,2095.5
105540,09 Aug 2023,Walmart,Southeast,Georgia,Women's Apparel,Online,43.43,41.0,1780.63
101558,04/08/2024,West Gear,South,Louisiana,Accessories,Outlet,35.11,40.0,1404.4
103313,11/02/2023,J.D. Sports,West,California,Outdoor Footwear,In-store,84.31,46.0,3878.26
108185,2022-11-14,Kohl's,Midwest,Ohio,Accessories,Outlet,37.6,48.0,
100920,12/25/2024,Foot Locker,Midwest,Michigan,Women's Apparel,Online,50.2,33.0,1656.6
100388,29 May 2023,Foot Locker,SOUTH,Louisiana,Outdoor Footwear,In-store,25.49,,1274.5
100107,10 Feb 2024,Sports Direct,West,Oregon,Kids' Footwear,Outlet,66.86,29.0,1938.94
102365,15/01/2022,Foot Locker,NORTHEAST,Massachusetts,Women's Apparel,Online,8.65,35.0,302.75
108339,06 Apr 2022,Adidas Online Store,South,Oklahoma,Women's Athletic Footwear,In-store,55.3,30.0,1659.0
100571,28 Apr 2024,J.D. Sports,Northeast,New Jersey,Kids' Footwear, In-store,80.25,33.0,2648.25
102040,19-07-2024,amazon,South,Texas,Outdoor Footwear, Outlet,77.85,10.0,778.5
101901,08-05-2023,West Gear,Southeast,North Carolina,Outdoor Footwear,Outlet,60.22,6.0,361.32
103505,2023-10-09,West Gear,South,Texas,Women's Street Footwear,In-store,71.69,4.0,286.76
106783,2023-02-14,Sports Direct,West,California,Accessories,In-store,47.29,48.0,2269.92
105370,05/26/2022,Foot Locker,Southeast,  Florida  ,Women's Athletic Footwear,Online,54.67,1.0,54.67
102460,2023-12-25,kohl's,Midwest,Ohio,Women's Street Footwear,Outlet,27.18,32.0,869.76
104562,12/11/2022,Sports Direct,South,Texas,Men's Street Footwear,Online,60.63,2.0,121.26
102672,2024-09-27,Kohl's,West,Washington,Women's Apparel,In-store,33.45,30.0,1003.5
101214,15-03-2024,Sports Direct,West,Oregon,Outdoor Footwear,Online,55.65,44.0,2448.6
100763,26/06/2024,Adidas Online Store,Northeast,Massachusetts,Men's Athletic Footwear,IN-STORE,78.72,9.0,708.48
103189,07/04/2023,west gear,Midwest,Ohio,Men's Apparel,Online,59.64,19.0,1133.16
100696,09/02/2023,amazon,Midwest,Ohio,Men's Apparel,Outlet,29.86,37.0,1104.82
103679,10 Aug 2024,Kohl's,South,Oklahoma,Mens Street Footwear,Online,46.01,49.0,2254.49
103278,22-01-2024,Sports Direct,Midwest,Michigan,Women's Athletic Footwear,In-store,60.6,16.0,969.6
100635,03/09/2022,Sports Direct,South,Oklahoma,Women's Athletic Footwear,Outlet,44.74,50.0,2237.0
103675,21-09-2024,Sports Direct,West,Washington,Outdoor Footwear,In-store,74.9,35.0,2621.5
103443,06-08-2022,Foot Locker,South,Tennessee,Men's Athletic Footwear,outlet,,53.0,5029.17
103347,2024-10-14,Sports Direct,West,,Accessories,In-store,79.64,38.0,3026.32
108167,02-10-2023,Walmart,West,  California  ,Men's Apparel,Online,43.95,64.0,2812.8
106646,26-08-2023,Walmart,West,Arizona,Men's Street Footwear,Outlet,38.46,55.0,2115.3
104749,2024-09-30,  J.D. Sports ,Northeast,Pennsylvania,Men's Apparel,In-store,48.23,52.0,
101445,10/07/2024,Kohl's,West,California,Kids' Footwear,Outlet,57.24,,629.64
105034,01 Jul 2022,Sports Direct,South,Oklahoma,Women's Street Footwear,In-store,37.33,43.0,1605.19
100740,28/12/2023,Foot Locker,West,Washington,Women's Athletic Footwear,in-store,83.73,33.0,
108808,08-06-2022,J.D. SPORTS,Southeast,Virginia,Men's Street Footwear,Online,45.88,21.0,963.48
106437,10/25/2024,KOHL'S,Southeast,Virginia,Women's Athletic Footwear,Online,51.22,81.0,4148.82
103616,22 Mar 2022,Adidas Online Store,Midwest,Michigan,Men's Street Footwear,In-store,30.66,56.0,1716.96
101915,26-09-2022,Adidas Online Store,SOUTHEAST,Georgia,Accessories,Outlet,44.62,30.0,1338.6
105100,08/13/2023,Sports Direct,Midwest,Wisconsin,Outdoor Footwear,Online,46.19,36.0,1662.84
104364,02-10-2022,Amazon,West,Washington,Women's Athletic Footwear,In-store,64.71,47.0,3041.37
109039,01 May 2022,Adidas Online Store,Midwest,Wisconsin,Men's Street Footwear,In-store,40.56,11.0,446.16
105673,02-10-2022,Adidas Online Store,SOUTHEAST,North Carolina,Outdoor Footwear,In-store,40.68,43.0,1749.24
100188,2024-03-05,Walmart,Northeast,Pennsylvania,Men's Street Footwear,Online,54.66,11.0,601.26
102219,14 Nov 2022,Kohl's,West,California,Kids' Apparel,Online,43.75,38.0,1662.5
106838,10/06/2023,West Gear,Southeast,Florida,Outdoor Footwear,In-store,36.14,26.0,939.64
103892,2023-07-26,Walmart,West,Washington,Accessories,In-store,61.28,2.0,122.56
105560,13/05/2023,  Foot Locker ,Midwest,Ohio,Women's Athletic Footwear,IN-STORE,52.59,,1788.06
108658,23-01-2022,Sports Direct,WEST,California,Accessories,Online,70.48,65.0,4581.2
100548,2023-10-04,Foot Locker,Midwest,Wisconsin,Men's Street Footwear,Outlet,,68.0,5591.64
100269,23/03/2023,Foot Locker,West,California,Men's Apparel,Online,82.26,,2879.1
105488,14 Oct 2024,Foot Locker,Southeast,North Carolina,Women's Apparel,In-store,32.04,32.0,1025.28
106570,20/02/2022,Foot Locker,West,Oregon,Men's Apparel,IN-STORE,,41.0,3131.58
103438,12 Jan 2022,Kohl's,Midwest,Illinois,Women's Athletic Footwear,,50.03,42.0,2101.26
101064,2023-07-30,  West Gear ,Midwest,Michigan,Women's Athletic Footwear,Outlet,30.94,34.0,1051.96
107782,02-06-2022,Adidas Online Store,West,California,Kids' Footwear,Online,108.05,30.0,3241.5
105261,2022-06-25,Sports Direct,Southeast,Virginia,Men's Street Footwear,Online,68.16,29.0,1976.64
100372,10-10-2024,Foot Locker,Midwest,Wisconsin,Men's Apparel,In-store,72.95,17.0,1240.15
105383,21 Jul 2023,Kohl's,NORTHEAST,Massachusetts,Women's Apparel,Online,71.04,15.0,1065.6
106518,2024-09-21,Foot Locker,South,,Women's Apparel,Outlet,58.52,29.0,1697.08
108573,15-01-2023,J.D. SPORTS,West,California,Kids' Footwear,In-store,72.38,38.0,2750.44
108717,18 Jun 2023,Amazon,West,Oregon,Kids' Footwear,OUTLET,69.09,32.0,2210.88
102854,2024-11-30,Kohl's,NORTHEAST,Massachusetts,Men's Athletic Footwear, Outlet,69.84,57.0,3980.88
107132,03-09-2022,Amazon,Midwest,Wisconsin,Kids' Apparel,Outlet,69.59,49.0,3409.91
107350,18/07/2022,West Gear,Southeast,North Carolina,Women's Street Footwear,Outlet,76.53,51.0,3903.03
108206,29/04/2023,Kohl's,South,Oklahoma,Men's Athletic Footwear, Outlet,52.95,31.0,1641.45
106552,27/01/2022,Amazon,Northeast,Massachusetts,Men's Athletic Footwear,In-store,45.65,63.0,2875.95
107770,2024-09-13,Amazon,Southeast,Virginia,Women's Street Footwear,Online,48.46,11.0,533.06
105417,03/05/2022,J.D. Sports,Southeast,Virginia,Women's Athletic Footwear,In-store,68.75,,2475.0
105021,10/26/2024,J.D. Sports,Northeast,New Jersey,Women's Street Footwear,Online,65.72,,2037.32
101057,03 Dec 2022,Walmart,South,Oklahoma,Kids' Apparel,Outlet,40.66,1.0,40.66
109589,02/10/2024,Foot Locker,SOUTHEAST,Virginia,Men's Apparel,In-store,44.57,30.0,1337.1
109368,2024-08-13,Foot Locker,Southeast,North Carolina,Men's Athletic Footwear,Outlet,49.92,28.0,1397.76
105834,20-01-2023,  Sports Direct ,Northeast,Pennsylvania,Women's Apparel,In-store,29.56,37.0,
107221,03/09/2023,  West Gear ,Midwest,Wisconsin,Kids' Footwear,In-store,65.05,36.0,2341.8
108376,04/21/2023,KOHL'S,South,Tennessee,Women's Street Footwear,Outlet,,44.0,2827.88
103262,2023-04-04,  Adidas Online Store ,SOUTHEAST,Georgia,Men's Apparel,Online,97.31,56.0,5449.36
100067,14-06-2023,Sports Direct,Southeast,North Carolina,Kids' Footwear,Online,44.58,39.0,1738.62
109502,25-11-2023,Foot Locker,South,Oklahoma,Men's Apparel,Online,62.96,13.0,818.48
107558,2023-09-07,sports direct,Southeast,Florida,Women's Athletic Footwear,Online,61.57,40.0,2462.8
108361,2022-10-10,Sports Direct,Midwest,Wisconsin,Kids' Footwear,Outlet,53.76,35.0,1881.6
108457,13-02-2024,Sports Direct,South,Tennessee,Kids' Footwear,Online,41.51,71.0,
102957,2023-01-06,Sports Direct,West,Oregon,Men's Street Footwear,Online,74.93,44.0,3296.92
105649,27/02/2022,AMAZON,West,Oregon,Women's Apparel,In-store,44.1,37.0,1631.7
101488,21 Dec 2022,West Gear,Midwest,Wisconsin,Women's Apparel,Online,56.4,29.0,1635.6
106460,01/26/2024,Walmart,Northeast,Pennsylvania,Kids' Apparel,Online,51.52,25.0,1288.0
100185,26 Oct 2022,Walmart,West,California,Accessories, In-store,43.73,1.0,
109546,26/10/2023,J.D. Sports,West,Washington,Kids' Footwear,Online,67.41,62.0,4179.42
107520,2024-12-15,Amazon,West,California,Women's Street Footwear,In-store,70.45,19.0,1338.55
104710,04/22/2024,Sports Direct,Midwest,Illinois,Kids' Apparel,Online,99.96,19.0,1899.24
102454,23/08/2024,Walmart,Northeast,Massachusetts,Accessories,In-store,78.6,79.0,6209.4
105875,28 Aug 2024,Sports Direct,South,Oklahoma,Kids' Apparel,Online,43.56,19.0,827.64
108371,2023-03-30,J.D. SPORTS,South,Texas,Men's Apparel,Outlet,62.94,46.0,2895.24
100612,26-08-2023,Adidas Online Store,Southeast,Georgia,Accessories,In-store,48.78,7.0,341.46
108501,09/08/2023,Foot Locker,South,Texas,Women's Street Footwear,In-store,83.57,20.0,1671.4
100910,26 Aug 2024,J.D. Sports,West,Arizona,Outdoor Footwear,outlet,37.43,35.0,1310.05
100989,2023-09-18,  Kohl's ,Northeast,Pennsylvania,Women's Street Footwear,In-store,52.82,-3.0,158.46
101389,2023-02-26,Kohl's,SOUTH,Texas,Women's Apparel,Outlet,60.5,26.0,1573.0
107769,05/01/2024,WEST GEAR,SOUTH,Texas,Accessories,Outlet,93.58,-5.0,467.9
104794,08-11-2022,Sports Direct,Midwest,Ohio,Men's Street Footwear,In-store,61.93,34.0,2105.62
108535,06/28/2022,Kohl's,South,Texas,Women's Street Footwear,Online,93.25,37.0,3450.25
109312,2023-05-04,Walmart,Midwest,Ohio,Men's Athletic Footwear,Online,78.68,1.0,78.68
107860,16/01/2023,Walmart,South,Tennessee,Men's Athletic Footwear,Online,,13.0,290.42
105529,10/06/2024,West Gear,MIDWEST,Wisconsin,Kids' Footwear,ONLINE,95.08,23.0,3280.26
102321,2023-09-29,Kohl's,SOUTH,Oklahoma,Outdoor Footwear,Online,51.15,21.0,1074.15
107677,25-05-2024,J.D. Sports,Midwest,Illinois,Women's Athletic Footwear,Outlet,44.38,44.0,1952.72
102673,06-04-2022,AMAZON,Northeast,Massachusetts,Outdoor Footwear,Outlet,49.26,-74.0,3645.24
101245,2023-02-12,J.D. Sports,Midwest,Illinois,Kids' Apparel,in-store,47.55,24.0,1711.8000000000002
107557,2022-02-14,Adidas Online Store,South,Oklahoma,Men's Athletic Footwear,Online,57.12,23.0,1313.76
104305,03 Jul 2023,J.D. Sports,West,California,Men's Street Footwear,In-store,52.14,38.0,1981.32
101023,15-11-2022,J.D. Sports,Midwest,Wisconsin,Men's Apparel,outlet,21.75,37.0,804.75
104035,13 Jul 2023,Foot Locker,West,California,Women's Athletic Footwear,Online,49.57,22.0,1090.54
109216,09 May 2022,Foot Locker,Southeast,Florida,Kids' Apparel,Online,34.25,42.0,1438.5
106938,19-03-2022,amazon,Northeast,Pennsylvania,Men's Street Footwear,Online,32.17,21.0,675.57
109720,12/11/2024,J.D. Sports,South,Tennessee,Women's Athletic Footwear, Online,64.81,6.0,388.86
104417,01 Aug 2022,J.D. Sports,South,,Accessories,In-store,43.18,26.0,1122.68
103094,08/28/2024,Sports Direct,MIDWEST,,Men's Street Footwear,Outlet,50.13,53.0,2656.89
106443,04/12/2023,Amazon,South,Louisiana,Kids' Footwear,In-store,73.59,24.0,1766.16
103269,2024-12-10,J.D. SPORTS,West,Washington,Men's Athletic Footwear,Online,93.12,40.0,3724.8
106216,08 Nov 2024,J.D. Sports,WEST,Washington,Women's Street Footwear,In-store,54.48,51.0,2778.48
102501,2023-05-11,Foot Locker,Southeast,North Carolina,Men's Apparel,Outlet,54.82,34.0,1863.88
102554,2023-02-17,J.D. Sports,Midwest,Wisconsin,Accessories,In-store,40.84,25.0,1021.0
102060,04/08/2024,J.D. Sports,Midwest,Wisconsin,Outdoor Footwear,Outlet,59.02,31.0,1829.62
102082,12/14/2022,Sports Direct,Southeast,Florida,Men's Apparel,In-store,73.89,32.0,2364.48
105839,06/29/2022,Foot Locker,Northeast,New Jersey,Accessories,,53.18,35.0,1861.3
108304,02-01-2022,Amazon,South,Tennessee,Kids' Apparel,Online,76.77,63.0,4836.51
102630,2023-10-05,Foot Locker,Northeast,New Jersey,Men's Street Footwear,In-store,42.19,27.0,1139.13
104534,2022-10-24,Amazon,Southeast,Georgia,Women's Apparel,Online,82.5,43.0,3547.5
103042,2024-01-21,West Gear,West,Arizona,Men's Street Footwear,Online,71.39,14.0,999.46
105738,06/02/2023,West Gear,Northeast,New York,Women's Street Footwear,Online,71.07,10.0,710.7
101514,11/03/2023,FOOT LOCKER,South,Texas,Men's Street Footwear,Outlet,87.91,23.0,2021.93
104782,2024-05-23,Kohl's,Northeast,Pennsylvania,Accessories,In-store,68.97,77.0,5310.69
108435,18 Jan 2023,Walmart,West,Arizona,Womens Athletic Footwear,Online,64.02,35.0,2240.7
108431,10 Sep 2022,Adidas Online Store,South,Louisiana,Accessories,In-store,17.71,12.0,212.52
103210,10-05-2022,Kohl's,Midwest,Illinois,Kids' Footwear,In-store,52.47,61.0,3200.67
104285,2022-11-18,Sports Direct,Southeast,Georgia,Outdoor Footwear,In-store,25.58,13.0,332.54
103941,09/11/2024,Walmart,Southeast,Florida,Kids' Footwear,Online,69.18,17.0,1176.06
105581,01/16/2023,Kohl's,WEST,Arizona,Kids' Footwear,In-store,55.02,34.0,1870.68
102674,15-02-2023,Amazon,West,Arizona,Men's Apparel,In-store,37.49,9.0,337.41
103619,01 Mar 2023,AMAZON,West,Washington,Kids' Footwear,Outlet,37.45,17.0,636.65
104991,28-01-2024,Sports Direct,Midwest,Michigan,Women's Apparel,in-store,38.92,42.0,1634.64
101684,12/06/2023,Walmart,Southeast,Virginia,Men's Street Footwear,Online,43.1,47.0,
103314,2022-04-12,Kohl's,South,Oklahoma,Women's Apparel,Online,43.99,46.0,2023.54
102680,2023-10-19,Amazon,Southeast,Georgia,Men's Apparel,,37.0,63.0,2331.0
101517,2024-12-20,Sports Direct,South,Tennessee,Women's Athletic Footwear,in-store,,,
101378,03 Feb 2022,Adidas Online Store,NORTHEAST,Pennsylvania,Kids' Apparel,Outlet,45.93,18.0,826.74
103538,29 Aug 2024,Adidas Online Store,SOUTH,Oklahoma,Men's Apparel,In-store,48.19,28.0,1349.32
108129,20-06-2024,Kohl's,Northeast,Massachusetts,Accessories,Online,21.77,40.0,870.8
101411,30 Nov 2022,adidas online store,West,California,Accessories,In-store,106.92,1.0,106.92
107872,08 Feb 2023,Sports Direct,Southeast,Virginia,Men's Apparel,Outlet,43.54,36.0,
101147,2022-12-25,Walmart,West,Arizona,Men's Athletic Footwear,Online,14.66,48.0,703.68
104257,21 Sep 2023,Sports Direct,Southeast,North Carolina,Outdoor Footwear,Outlet,48.84,30.0,1465.2
100751,25 Jun 2022,Foot Locker,Northeast,,Accessories,Online,59.29,23.0,1363.67
101839,01/28/2022,Sports Direct,West,Washington,Women's Street Footwear,Outlet,8.0,21.0,168.0
106525,26 Apr 2023,West Gear,Southeast,Virginia,Men's Athletic Footwear,outlet,54.6,27.0,1474.2
108413,09 Aug 2023,WALMART,Midwest,Illinois,Kids' Apparel,Online,82.28,51.0,4196.28
106997,05/03/2024,FOOT LOCKER,WEST,Arizona,Outdoor Footwear,Outlet,43.73,39.0,1705.47
103043,30 Nov 2023,sports direct,Southeast,Georgia,Women's Athletic Footwear,Outlet,65.4,30.0,1962.0
103172,03/11/2022,Amazon,Southeast,,Women's Athletic Footwear,Online,36.27,58.0,2103.66
108284,15/02/2022,Amazon,MIDWEST,Michigan,Women's Apparel,In-store,68.99,39.0,2690.61
102136,2024-05-03,Adidas Online Store,WEST,Washington,Outdoor Footwear,In-store,51.96,60.0,3117.6
108207,27/10/2023,West Gear,South,Oklahoma,Women's Apparel,In-store,80.42,32.0,2573.44
100239,24 Jul 2022,West Gear,Northeast,New York,Men's Apparel,outlet,78.65,11.0,865.15
107193,13/04/2024,Foot Locker,SOUTHEAST,Virginia,Women's Athletic Footwear,Online,51.31,42.0,
109279,06 Aug 2022,J.D. Sports,Southeast,Florida,Women's Street Footwear,In-store,69.6,23.0,1600.8
102513,22-10-2023,  Amazon ,West,Washington,Kids' Footwear,Outlet,77.29,4.0,309.16
105055,2023-04-05,Walmart,Midwest,Michigan,Kids' Footwear,Outlet,64.11,56.0,3590.16
101837,11/07/2023,Walmart,South,Texas,Men's Apparel,Outlet,101.5,39.0,3958.5
101318,20 Oct 2023,Foot Locker,West,Arizona,Women's Apparel,Outlet,89.46,44.0,3936.24
108731,12-03-2023,Walmart,Midwest,Michigan,Men's Athletic Footwear,In-store,56.44,,3047.76
101668,07/28/2023,West Gear,West,Washington,Kids' Footwear,ONLINE,69.38,20.0,1387.6
103701,09-08-2022,J.D. Sports,Midwest,Illinois,Outdoor Footwear,Outlet,90.67,30.0,2720.1
107413,21-11-2024,Kohl's,Southeast,North Carolina,Men's Street Footwear,In-store,103.79,35.0,3632.65
105237,2024-11-01,Sports Direct,West,,Men's Street Footwear,Outlet,53.82,25.0,1345.5
109432,03-04-2023,Kohl's,Northeast,Pennsylvania,Women's Street Footwear,Outlet,82.65,61.0,5041.65
106313,07-03-2022,Amazon,Northeast,New Jersey,Kids' Footwear,Online,83.28,54.0,4497.12
100288,31/08/2022,J.D. SPORTS,South,Texas,Men's Athletic Footwear,Online,40.29,24.0,966.96
100764,2022-01-27,WALMART,Southeast,Virginia,Men's Apparel,In-store,53.69,63.0,3382.47
107685,22/12/2024,Kohl's,West,Washington,Accessories, In-store,40.71,36.0,1465.56
106999,12/08/2022,J.D. Sports,West,Oregon,Men's Street Footwear,In-store,81.34,38.0,3090.92
103913,05-01-2023,Walmart,West,Arizona,Men's Athletic Footwear,Outlet,31.12,38.0,
102892,15-02-2024,Amazon,Midwest,Wisconsin,Women's Street Footwear,Outlet,60.73,42.0,2550.66
108157,2023-07-04,Adidas Online Store,Southeast,North Carolina,Accessories,Online,57.41,57.0,3272.37
100129,11/13/2022,kohl's,West,Arizona,Men's Athletic Footwear,In-store,45.64,15.0,684.6
106944,19 Jan 2024,West Gear,Midwest,Wisconsin,Kids' Footwear,ONLINE,44.17,24.0,1060.08
104734,27 Dec 2024,Kohl's,West,California,Mens Apparel,Outlet,67.03,13.0,871.39
109666,15/08/2023,J.D. Sports,Midwest,Ohio,Men's Street Footwear,online,55.42,73.0,4045.66
100758,03/06/2022,Kohl's,South,Louisiana,Men's Street Footwear,In-store,8.05,36.0,289.8
107743,21 Jan 2023,Foot Locker,Midwest,,Men's Athletic Footwear,In-store,,33.0,
103092,17 Mar 2023,Amazon,Southeast,North Carolina,Kids' Footwear,,78.81,23.0,1812.63
100505,10/03/2022,Adidas Online Store,South,Texas,Men's Athletic Footwear,Outlet,63.53,14.0,889.42
102423,26-10-2024,Adidas Online Store,South,Louisiana,Men's Street Footwear,Online,41.5,37.0,1535.5
105311,09 Jun 2022,West Gear,Midwest,Michigan,Accessories,Online,62.75,42.0,2635.5
101424,25/05/2022,J.D. Sports,Midwest,Illinois,Kids' Apparel,In-store,53.97,1.0,53.97
100862,22 Sep 2022,Amazon,West,California,Women's Street Footwear,In-store,42.11,26.0,1094.86
100271,28 Jan 2024,J.D. Sports,South,Oklahoma,Accessories,In-store,44.85,32.0,1435.2
101227,30 Oct 2022,West Gear,West,,Women's Apparel,Online,64.15,38.0,2437.7
102397,05/26/2023,Sports Direct,South,Texas,Kids' Apparel,Outlet,61.03,35.0,2136.05
109582,2024-09-22,Amazon,West,Washington,Women's Athletic Footwear,Online,29.86,44.0,1313.84
108054,16-09-2023,Walmart,Northeast,Pennsylvania,Men's Athletic Footwear, In-store,112.73,15.0,1690.95
101910,10/22/2023,Walmart,South,Tennessee,Kids' Apparel,In-store,56.34,11.0,619.74
108621,07/11/2023,J.D. Sports,SOUTHEAST,North Carolina,Men's Apparel,,90.63,34.0,3081.42
104494,2023-07-25,J.D. Sports,Midwest,Ohio,Kids' Apparel,Outlet,66.26,64.0,4240.64
108895,16 Oct 2024,J.D. Sports,Northeast,New Jersey,Men's Street Footwear,Online,61.82,40.0,2472.8
104421,25/12/2024,Adidas Online Store,Northeast,New York,Kids' Footwear,In-store,99.89,55.0,5493.95
105577,2024-08-28,Amazon,Midwest,,Accessories,Online,83.09,35.0,2908.15
107803,07/26/2023,Sports Direct,Midwest,Wisconsin,Men's Street Footwear,Online,76.31,46.0,3510.26
105155,01 Jan 2024,  Walmart ,West,California,Accessories,Outlet,24.0,45.0,1080.0
103153,28 Jun 2024,J.D. Sports,Southeast,Virginia,Men's Athletic Footwear,Online,,57.0,1904.94
107548,21-03-2022,West Gear,Southeast,Georgia,Outdoor Footwear,Outlet,94.96,22.0,2089.12
105146,2024-06-07,Amazon,WEST,Oregon,Men's Apparel,Outlet,37.05,32.0,1185.6
109586,11/10/2023,Amazon,West,California,Women's Apparel,Online,60.04,10.0,600.4
104918,27/03/2022,Foot Locker,Southeast,,Men's Street Footwear,Outlet,54.1,33.0,1785.3
109244,11/02/2023,Walmart,Northeast,,Men's Street Footwear,Outlet,,25.0,1465.25
106221,14-02-2024,West Gear,Northeast,Massachusetts,Men's Athletic Footwear, In-store,47.94,2.0,95.88
109571,07/02/2024,WEST GEAR,Midwest,Wisconsin,Men's Athletic Footwear,Online,85.69,22.0,1885.18
103074,2022-05-03,J.D. Sports,NORTHEAST,Pennsylvania,Women's Street Footwear,IN-STORE,29.51,32.0,944.32
108889,2024-03-16,Foot Locker,Northeast,New York,Kids' Footwear,Outlet,76.34,9.0,687.06
105258,24/11/2023,West Gear,Southeast,Virginia,Womens Street Footwear,Online,60.0,25.0,1500.0
103078,25 May 2022,walmart,WEST,California,Kids' Apparel,In-store,66.97,49.0,3281.53
107597,20/08/2024,Foot Locker,SOUTH,Tennessee,Men's Athletic Footwear,,46.66,42.0,1959.72
105254,15-04-2022,Foot Locker,Southeast,Florida,Kids' Apparel,Online,51.6,,1909.2
104286,01-01-2024,Amazon,South,Tennessee,Accessories,Online,44.45,19.0,844.55
107356,14 Mar 2022,Kohl's,West,,Women's Street Footwear,Outlet,70.23,50.0,3511.5
107317,14/07/2024,West Gear,West,Washington,Outdoor Footwear,Outlet,39.09,33.0,1289.97
104863,16 May 2024,Adidas Online Store,MIDWEST,Ohio,Men's Athletic Footwear,Online,73.5,23.0,1690.5
100658,03/22/2023,West Gear,Northeast,Massachusetts,Men's Athletic Footwear,Online,50.0,33.0,1650.0
106548,2023-05-09,Sports Direct,West,Oregon,Women's Street Footwear,Outlet,42.31,6.0,253.86
107651,21 Jun 2022,Amazon,WEST,Oregon,Kids' Footwear,In-store,33.75,23.0,
105710,12/06/2022,Sports Direct,Southeast,North Carolina,Men's Apparel, Online,74.3,18.0,1337.4
104481,2023-05-29,Sports Direct,Midwest,Ohio,Men's Athletic Footwear,Outlet,85.16,4.0,340.64
108436,13/05/2023,Kohl's,SOUTHEAST,Georgia,Kids' Apparel,In-store,42.38,33.0,1398.54
107449,08/06/2022,Sports Direct,Midwest,Illinois,Men's Apparel,Outlet,78.49,1.0,78.49
101108,09/09/2022,Sports Direct,Southeast,Virginia,Men's Apparel,In-store,50.4,78.0,3931.2
104151,26-01-2024,J.D. Sports,Midwest,Ohio,Men's Athletic Footwear,Outlet,42.12,13.0,547.56
105065,2023-06-22,WEST GEAR,West,California,Kids' Footwear, Online,19.55,63.0,1231.65
106658,09/11/2022,West Gear,South,Texas,Women's Athletic Footwear,Outlet,66.27,15.0,994.05
102824,29/06/2024,West Gear,SOUTH,Oklahoma,Kids' Apparel,Outlet,76.04,29.0,
109108,21/09/2022,Sports Direct,Northeast,Pennsylvania,Accessories,In-store,60.95,27.0,1645.65
107423,08 Jul 2024,Foot Locker,Southeast,Florida,Kids' Apparel,In-store,37.6,28.0,1052.8
104089,22-09-2022,Kohl's,SOUTHEAST,Virginia,Women's Apparel,Online,21.04,27.0,568.08
106300,08/16/2024,Sports Direct,West,Arizona,Accessories,Online,83.99,28.0,2351.72
108945,28/02/2023,Kohl's,Midwest,Wisconsin,Women's Street Footwear,Online,61.15,18.0,1100.7
105888,03/12/2024,J.D. Sports,South,Tennessee,Accessories,Outlet,,31.0,1423.52
103180,10/11/2024,Kohl's,Southeast,North Carolina,Kids' Footwear,ONLINE,76.87,30.0,2306.1
101158,20 Oct 2024,Adidas Online Store,West,Oregon,Outdoor Footwear,In-store,53.23,39.0,2075.97
101131,31/08/2024,Walmart,South,Oklahoma,Men's Apparel,Outlet,31.21,24.0,749.04
100241,02 Aug 2023,Foot Locker,West,Oregon,Women's Apparel,outlet,76.43,53.0,4050.79
103815,2024-02-23,Foot Locker,Northeast,Pennsylvania,Kids' Footwear,In-store,47.24,1.0,47.24
101428,11-01-2022,Adidas Online Store,Midwest,Michigan,Kids' Apparel,Online,73.72,22.0,1621.84
104627,07/18/2024,Sports Direct,South,Oklahoma,Kids' Apparel,Online,64.91,,64.91
107732,29/08/2022,Amazon,Southeast,North Carolina,Men's Street Footwear,In-store,43.86,29.0,1271.94
107707,2024-05-21,J.D. Sports,MIDWEST,Michigan,Women's Street Footwear,Outlet,56.21,6.0,337.26
103762,01/15/2023,Kohl's,NORTHEAST,New York,Men's Apparel,Outlet,43.89,26.0,1141.14
101403,06/10/2024,Foot Locker,Midwest,Ohio,Accessories, Outlet,,41.0,2510.02
102017,06/22/2023,Foot Locker,Southeast,Virginia,Kids' Footwear,In-store,21.33,37.0,789.21
108014,21-02-2022,Kohl's,West,Washington,Accessories,Online,54.39,33.0,1794.87
103405,2024-05-19,Adidas Online Store,Northeast,Pennsylvania,Men's Athletic Footwear,online,36.96,55.0,
101608,08 Aug 2022,Sports Direct,Midwest,Illinois,Outdoor Footwear,Online,65.47,14.0,916.58
105490,2024-02-29,walmart,West,,Outdoor Footwear,Outlet,46.63,1.0,46.63
104651,21-07-2024,J.D. Sports,West,Washington,Women's Street Footwear,In-store,27.49,24.0,659.76
102980,25-09-2023,West Gear,SOUTH,Louisiana,Kids' Footwear,Outlet,37.33,21.0,783.93
103370,25 Nov 2024,Kohl's,West,Washington,Women's Athletic Footwear,Online,49.02,45.0,2205.9
106400,2022-11-20,J.D. SPORTS,West,Washington,Women's Apparel,Outlet,84.63,42.0,3554.46
106791,08/01/2022,Amazon,SOUTHEAST,Virginia,Outdoor Footwear,Outlet,50.51,44.0,2222.44
103605,05/21/2023,adidas online store,South,Tennessee,Men's Street Footwear, Online,59.01,32.0,1888.32
100381,14-01-2024,Foot Locker,WEST,Arizona,Kids' Footwear,In-store,43.21,47.0,2030.87
100182,2024-06-08,Adidas Online Store,Southeast,Virginia,Women's Athletic Footwear,IN-STORE,45.28,39.0,1765.92
100124,2024-10-17,Amazon,Southeast,,Women's Apparel,In-store,80.76,23.0,1857.48
101067,2023-07-09,Kohl's,West,Arizona,Women's Athletic Footwear,Outlet,60.29,29.0,1748.41
104398,12/15/2023,Sports Direct,Midwest,Michigan,Accessories,In-store,37.36,12.0,448.32
106273,08/15/2024,J.D. Sports,West,Washington,Men's Street Footwear,IN-STORE,30.22,28.0,846.16
105502,17/01/2023,Adidas Online Store,South,,Outdoor Footwear,Online,53.54,9.0,481.86
103901,07-05-2023,Amazon,West,Oregon,Men's Apparel,Outlet,42.61,44.0,1874.84
106105,11-09-2023,West Gear,West,Washington,Men's Street Footwear,Online,27.9,25.0,
105084,03/30/2022,SPORTS DIRECT,Northeast,New Jersey,Men's Apparel,IN-STORE,67.68,46.0,3113.28
107393,30/04/2023,Amazon,Northeast,New Jersey,Men's Athletic Footwear,in-store,28.4,67.0,1902.8
100969,05/16/2023,Kohl's,Midwest,Ohio,Men's Apparel,Outlet,67.89,45.0,3055.05
100929,04/25/2022,Amazon,South,Oklahoma,Men's Street Footwear,In-store,33.85,18.0,
107300,09/01/2023,Sports Direct,SOUTHEAST,North Carolina,Women's Athletic Footwear,In-store,55.58,9.0,500.22
101480,30-03-2022,West Gear,Midwest,Wisconsin,Outdoor Footwear,Online,31.42,54.0,1696.68
105780,2024-12-09,  Sports Direct ,West,Washington,Accessories,In-store,98.08,22.0,2157.76
102920,01 Dec 2022,Walmart,South,Louisiana,Women's Apparel,Outlet,49.71,28.0,1391.88
101486,2022-04-05,Sports Direct,Southeast,North Carolina,Kids' Apparel,Online,42.04,16.0,672.64
104303,04/11/2022,WALMART,MIDWEST,Illinois,Women's Street Footwear,Outlet,54.17,42.0,2275.14
105360,2022-10-28,Amazon,West,Arizona,Outdoor Footwear,Outlet,50.7,23.0,1166.1
100335,12/02/2022,Walmart,South,Texas,Men's Apparel,Online,41.14,5.0,205.7
106951,05 Feb 2023,Sports Direct,WEST,Oregon,Kids' Apparel,In-store,50.93,34.0,1731.62
103877,2024-09-04,Foot Locker,Northeast,New Jersey,Kids' Apparel,In-store,8.0,51.0,408.0
103304,10/07/2024,West Gear,Northeast,Pennsylvania,Men's Street Footwear,Outlet,87.02,14.0,1218.28
108106,19-10-2022,Foot Locker,West,Oregon,Kids' Apparel,Online,72.94,64.0,4668.16
109064,01/18/2022,adidas online store,West,Washington,Men's Street Footwear,Online,94.26,39.0,3676.14
101060,18 Jul 2024,Kohl's,Northeast,New York,Kids' Apparel,In-store,71.58,55.0,3936.9
104362,04/08/2022,Foot Locker,South,,Women's Apparel, In-store,68.04,66.0,
105910,31-01-2023,West Gear,Southeast,Virginia,Men's Street Footwear,Outlet,67.72,61.0,4130.92
108357,17 Jun 2022,J.D. Sports,Northeast,Massachusetts,Kids' Apparel,Outlet,22.72,63.0,1431.36
100555,2022-07-04,Sports Direct,Northeast,Massachusetts,Women's Athletic Footwear, Outlet,81.07,29.0,3526.545
107590,01/02/2022,FOOT LOCKER,West,Oregon,Outdoor Footwear,Online,73.46,42.0,3085.32
106267,14 Apr 2023,Adidas Online Store,Northeast,New Jersey,Men's Street Footwear,In-store,53.1,30.0,1593.0
107057,2022-06-15,Foot Locker,Midwest,Illinois,Men's Street Footwear,in-store,57.69,48.0,2769.12
108820,29-03-2024,Foot Locker,South,Tennessee,Kids' Footwear,Online,65.6,30.0,
106346,06/05/2023,Kohl's,West,California,Kids' Apparel,Online,55.47,40.0,2218.8
109315,24/06/2023,Adidas Online Store,Northeast,New Jersey,Accessories,In-store,42.1,1.0,42.1
106895,30-11-2022,Foot Locker,SOUTHEAST,,Women's Athletic Footwear,In-store,48.23,27.0,1302.21
103120,25-06-2023,J.D. Sports,Northeast,Massachusetts,Kids' Footwear,Online,40.06,11.0,440.66
104548,29-08-2022,West Gear,Northeast,New Jersey,Men's Athletic Footwear,Online,53.62,51.0,2734.62
106106,30 Oct 2022,Amazon,Southeast,North Carolina,Accessories,Outlet,59.92,4.0,239.68
100880,2023-10-17,Foot Locker,Southeast,North Carolina,Women's Apparel,In-store,28.49,40.0,1139.6
106161,26-01-2024,Walmart,Southeast,Virginia,Women's Apparel,Outlet,47.53,3.0,142.59
108936,04/24/2023,Kohl's,West,Oregon,Kids' Footwear,Online,91.89,80.0,7351.2
105691,15/01/2024,Adidas Online Store,West,Washington,Kids' Footwear,In-store,50.95,20.0,1019.0
108702,2023-02-24,Foot Locker,Midwest,Wisconsin,Men's Apparel,Online,46.71,32.0,1494.72
103912,23-08-2022,Sports Direct,Midwest,  Ohio  ,Women's Apparel,Outlet,62.94,44.0,2769.36
109431,12-02-2022,Walmart,SOUTH,Oklahoma,Women's Apparel,In-store,37.39,20.0,747.8
101912,05 May 2023,Amazon,South,Oklahoma,Accessories,Outlet,38.98,17.0,662.66
103173,2023-04-04,Kohl's,Midwest,Wisconsin,Outdoor Footwear,Online,70.16,38.0,2666.08
103617,15 Jul 2023,West Gear,West,California,Outdoor Footwear,IN-STORE,80.65,49.0,3951.85
103721,2024-07-05,Kohl's,South,Louisiana,Men's Athletic Footwear,Outlet,70.95,69.0,
102919,26 Dec 2024,Kohl's,Southeast,North Carolina,Kids' Footwear,Online,68.48,3.0,205.44
108911,05/12/2022,Sports Direct,Northeast,New Jersey,Outdoor Footwear,In-store,75.58,17.0,1284.86
109278,01/31/2022,West Gear,Southeast,Georgia,Kids' Apparel,Outlet,72.77,14.0,1018.78
108194,2023-03-05,Kohl's,Midwest,Ohio,Accessories, In-store,58.29,38.0,2215.02
102460,2023-12-25,kohl's,Midwest,Ohio,Women's Street Footwear,Outlet,27.18,32.0,869.76
100149,03/01/2023,Adidas Online Store,Northeast,Massachusetts,Men's Athletic Footwear,Online,91.76,35.0,3211.6
103006,2024-01-09,  Kohl's ,Northeast,New York,Men's Street Footwear,Online,59.55,34.0,2024.7
101338,2023-09-07,Amazon,South,Tennessee,Accessories,Outlet,53.03,22.0,1166.66
106053,12-06-2022,Foot Locker,Northeast,New Jersey,Women's Street Footwear,Outlet,82.04,21.0,1722.84
100510,17 Feb 2023,  Sports Direct ,Midwest,Illinois,Kids' Footwear, In-store,81.08,,4216.16
104041,24/02/2022,Amazon,South,Oklahoma,Men's Athletic Footwear,In-store,58.03,55.0,3191.65
105545,12 Dec 2022,Kohl's,Northeast,Massachusetts,Kids' Footwear,Outlet,,50.0,1354.5
108550,28-04-2024,West Gear,Midwest,Michigan,Women's Street Footwear,Online,45.84,6.0,275.04
105356,23 Aug 2022,West Gear,South,Louisiana,Outdoor Footwear,Online,51.52,28.0,1442.56
101583,05/11/2024,West Gear,South,Louisiana,Women's Apparel,Outlet,53.92,35.0,1887.2
106137,01/05/2024,Kohl's,West,Oregon,Women's Street Footwear,In-store,96.07,42.0,4034.94
105754,10/20/2024,J.D. SPORTS,Southeast,Georgia,Women's Athletic Footwear,Outlet,56.32,34.0,1914.88
104024,02 Dec 2022,Adidas Online Store,Midwest,Wisconsin,Kids' Footwear,in-store,,32.0,
105008,05/03/2022,Adidas Online Store,Northeast,Pennsylvania,Kids' Footwear,Online,88.22,33.0,2911.26
103309,15/12/2024,Kohl's,Southeast,Virginia,Kids' Apparel,In-store,44.43,27.0,1199.61
107441,15-01-2022,Foot Locker,South,Oklahoma,Accessories,Online,66.97,71.0,4754.87
109657,05/07/2023,Foot Locker,West,California,Kids' Footwear,In-store,51.27,46.0,2358.42
106670,17 Jun 2024,amazon,Northeast,Pennsylvania,Women's Athletic Footwear,Online,36.56,,1700.04
108663,21-02-2022,Amazon,Southeast,Florida,Outdoor Footwear,Online,47.85,22.0,1052.7
107408,08/08/2023,West Gear,Midwest,Michigan,Outdoor Footwear,Outlet,48.7,50.0,2435.0
106510,2022-12-30,Sports Direct,Southeast,Florida,Kids' Apparel,Online,37.54,39.0,
108654,18 Feb 2022,  Sports Direct ,South,Oklahoma,Women's Street Footwear,Outlet,59.72,33.0,1970.76
103653,15/07/2024,West Gear,West,Arizona,Women's Athletic Footwear,In-store,81.65,4.0,326.6
102775,12/02/2023,adidas online store,Southeast,Georgia,Women's Apparel,Outlet,40.32,40.0,1612.8
104841,03/19/2023,Foot Locker,Southeast,Virginia,Men's Apparel,Outlet,55.82,54.0,3014.28
106567,10-04-2022,Amazon,Northeast,New York,Women's Athletic Footwear,Online,77.43,70.0,5420.1
100580,02 Jul 2023,Adidas Online Store,South,Texas,Accessories,Outlet,41.26,1.0,41.26
103296,08/12/2024,AMAZON,Southeast,Virginia,Men's Street Footwear,In-store,42.81,50.0,2140.5
107419,05-11-2022,Walmart,West,Arizona,Outdoor Footwear,In-store,23.87,28.0,668.36
105578,2022-07-04,Amazon,South,Texas,Men's Athletic Footwear,Outlet,76.52,42.0,3213.84
101502,27-10-2022,Foot Locker,West,California,Women's Apparel,in-store,55.67,9.0,501.03
107960,29 Jul 2023,J.D. Sports,Midwest,Wisconsin,Kids' Footwear,In-store,64.92,18.0,1168.56
101635,11-02-2022,Adidas Online Store,MIDWEST,Ohio,Women's Street Footwear,In-store,59.73,32.0,1911.36
103287,14-10-2023,Kohl's,Northeast,New Jersey,Accessories,Outlet,70.45,67.0,4720.15
108890,02/26/2024,Adidas Online Store,Northeast,Massachusetts,Womens Street Footwear,In-store,44.96,39.0,1753.44
103435,07/07/2024,Sports Direct,NORTHEAST,New Jersey,Accessories,Online,66.74,26.0,
106984,08/09/2022,Foot Locker,WEST,Washington,Kids' Apparel,In-store,40.57,61.0,2474.77
109417,14 Sep 2024,Amazon,South,Texas,Women's Apparel,Outlet,96.27,47.0,4524.69
105872,05/05/2024,J.D. Sports,West,Arizona,Kids' Apparel,online,57.74,62.0,3579.88
104515,2024-02-11,West Gear,Northeast,Massachusetts,Accessories,Online,34.71,-64.0,2221.44
106064,2024-02-01,Sports Direct,Midwest,Illinois,Women's Street Footwear,In-store,33.19,1.0,33.19
105636,25 Nov 2023,Amazon,Northeast,New Jersey,Women's Apparel,Online,41.03,62.0,2543.86
100675,14-03-2023,J.D. Sports,South,Louisiana,Women's Street Footwear,Outlet,34.52,56.0,1933.12
107487,01/04/2022,West Gear,Midwest,Illinois,Men's Street Footwear,Online,37.04,46.0,2555.7599999999998
102393,09-09-2022,West Gear,Southeast,Georgia,Kids' Footwear,In-store,8.0,,752.0
109052,08 Jan 2022,adidas online store,South,Tennessee,Outdoor Footwear,Outlet,69.68,36.0,3762.7200000000003
109683,27/07/2022,J.D. Sports,Northeast,New York,Men's Apparel,In-store,99.74,2.0,199.48
108193,25-08-2023,Kohl's,MIDWEST,Michigan,Men's Apparel,Outlet,33.05,,66.1
106057,27/06/2022,amazon,Southeast,Virginia,Accessories,IN-STORE,90.98,8.0,727.84
101126,2024-12-18,west gear,Northeast,Massachusetts,Women's Street Footwear,Outlet,71.15,37.0,2632.55
106482,06/21/2022,J.D. Sports,Midwest,Wisconsin,Women's Athletic Footwear,Online,51.67,45.0,2325.15
102766,2022-10-18,J.D. Sports,Northeast,New Jersey,Women's Athletic Footwear,In-store,39.06,40.0,1562.4
101230,31 May 2024,Kohl's,Southeast,North Carolina,Women's Apparel,In-store,18.2,48.0,873.6
102480,12/21/2022,Foot Locker,Northeast,Massachusetts,Women's Athletic Footwear,Outlet,44.34,58.0,2571.72
108806,03/28/2023,  Sports Direct ,South,Louisiana,Kids' Footwear,Online,61.82,1.0,61.82
103436,31 Jan 2024,J.D. Sports,Midwest,Wisconsin,Women's Apparel,Online,59.79,9.0,538.11
102045,08/02/2022,Foot Locker,West,Washington,Accessories,Outlet,29.75,50.0,1487.5
101747,09/05/2024,J.D. Sports,Northeast,Massachusetts,Men's Athletic Footwear,In-store,58.45,66.0,3857.7
109405,19-09-2022,J.D. Sports,Midwest,Ohio,Kids' Footwear,Outlet,80.86,46.0,3719.56
106416,10 Jun 2024,Kohl's,Northeast,New York,Women's Apparel,Outlet,108.94,17.0,1851.98
106606,18/08/2022,  West Gear ,Midwest,Ohio,Women's Street Footwear,Online,76.48,14.0,1070.72
102893,02/10/2023,Adidas Online Store,Northeast,Massachusetts,Men's Athletic Footwear,Online,116.79,67.0,7824.93
105462,2023-12-22,Kohl's,Northeast,Pennsylvania,Men's Apparel,Outlet,,19.0,948.48
104306,2022-05-25,Foot Locker,Southeast,Virginia,Men's Athletic Footwear,In-store,40.7,21.0,854.7
100965,02/08/2023,West Gear,Midwest,Wisconsin,Women's Street Footwear,Outlet,,22.0,1556.28
103456,04/12/2022,KOHL'S,Southeast,Virginia,Kids' Footwear,Online,65.83,44.0,
105158,28/08/2022,Kohl's,Northeast,Massachusetts,Men's Street Footwear, In-store,43.16,1.0,43.16
106962,2023-02-04,Sports Direct,NORTHEAST,Massachusetts,Women's Apparel,Outlet,63.32,40.0,2532.8
104105,16-02-2023,Kohl's,Midwest,Ohio,Women's Athletic Footwear,Outlet,43.99,53.0,2331.47
102622,2023-07-08,Walmart,Northeast,New Jersey,Men's Athletic Footwear,In-store,63.76,54.0,3443.04
101240,05/12/2023,Kohl's,West,Arizona,Men's Street Footwear,Online,52.53,21.0,1103.13
108950,12-06-2024,Foot Locker,West,California,Women's Apparel,Online,80.86,5.0,404.3
102949,12/11/2024,Amazon,NORTHEAST,Massachusetts,Men's Apparel,In-store,64.1,21.0,1346.1
109554,02/03/2024,Foot Locker,Northeast,New York,Kids' Footwear,Online,33.46,55.0,1840.3
108642,01-06-2024,Foot Locker,South,Texas,Kids' Apparel,Outlet,56.8,42.0,2385.6
105684,18/03/2022,Sports Direct,SOUTH,Tennessee,Kids' Footwear,,63.27,,2340.99
105850,12/04/2023,WEST GEAR,Northeast,New Jersey,Women's Apparel,In-store,53.04,16.0,848.64
105122,2024-04-11,Adidas Online Store,Midwest,Wisconsin,Women's Apparel,Outlet,53.78,34.0,1828.52
103545,03/15/2022,Adidas Online Store,West,California,Women's Athletic Footwear,Outlet,55.08,52.0,2864.16
101944,29-03-2022,Walmart,Midwest,Wisconsin,Men's Street Footwear,Online,26.53,43.0,1140.79
101519,2023-06-18,foot locker,West,Washington,Accessories,In-store,67.38,32.0,2156.16
108150,2023-04-24,Foot Locker,West,California,Kids' Footwear,Outlet,64.65,16.0,1034.4
109006,06-03-2024,Foot Locker,West,Washington,Accessories,Online,60.64,1.0,60.64
101628,2022-08-13,Amazon,Midwest,Ohio,Kids' Footwear,Online,43.08,25.0,1077.0
107959,2023-06-24,J.D. Sports,Midwest,Ohio,Men's Street Footwear,In-store,48.19,49.0,2361.31
109408,10-01-2024,west gear,Northeast,New Jersey,Outdoor Footwear,IN-STORE,40.92,35.0,1432.2
108328,19-09-2024,Walmart,SOUTH,Tennessee,Women's Athletic Footwear,Online,46.67,50.0,2333.5
104182,2024-06-07,foot locker,Northeast,Massachusetts,Outdoor Footwear,outlet,39.43,30.0,1182.9
105211,2024-12-11,Walmart,Midwest,,Kids' Apparel,Outlet,56.59,21.0,1188.39
105652,01 Apr 2023,J.D. Sports,MIDWEST,Michigan,Men's Athletic Footwear, In-store,92.53,19.0,1758.07
108541,06 Jun 2024,adidas online store,Midwest,Michigan,Men's Street Footwear,Online,38.82,22.0,854.04
100147,11/11/2023,  Amazon ,WEST,California,Kids' Footwear,Outlet,80.64,15.0,1209.6
108748,02 Jun 2023,Amazon,Southeast,Georgia,Kids' Apparel,Online,42.82,1.0,42.82
100399,19/03/2023,J.D. Sports,Midwest,Michigan,Men's Apparel,Outlet,67.93,35.0,2377.55
104613,05/01/2022,Walmart,South,Oklahoma,Outdoor Footwear,Outlet,39.13,25.0,978.25
101918,15 Jan 2024,Kohl's,South,Tennessee,Women's Street Footwear,Outlet,58.77,9.0,528.93
108850,01/16/2022,Kohl's,West,Oregon,Outdoor Footwear,In-store,57.2,17.0,
100173,17/06/2023,Sports Direct,Northeast,Massachusetts,Kids' Apparel, Online,32.53,23.0,748.19
100315,17 Oct 2024,Sports Direct,Northeast,Massachusetts,Men's Athletic Footwear,Outlet,28.52,63.0,1796.76
102580,03/09/2023,Foot Locker,Southeast,Florida,Men's Street Footwear,Online,86.04,22.0,1892.88
105721,06 May 2024,Foot Locker,Northeast,Pennsylvania,Men's Street Footwear,OUTLET,69.03,51.0,3520.53
108536,27 Apr 2022,Kohl's,Midwest,Ohio,Kids' Footwear,Online,63.39,32.0,2028.48
100357,08/10/2023,Kohl's,Southeast,Florida,Accessories,Outlet,79.49,78.0,6200.22
109227,26 Mar 2023,Foot Locker,West,Arizona,Outdoor Footwear,Outlet,35.8,55.0,1969.0
108542,10-12-2022,j.d. sports,Southeast,Virginia,Women's Athletic Footwear,Online,61.17,42.0,2569.14
100004,23-03-2024,Kohl's,Northeast,New York,Outdoor Footwear,In-store,54.98,1.0,54.98
107299,26 Apr 2024,Kohl's,SOUTHEAST,Virginia,Women's Athletic Footwear, In-store,16.73,1.0,16.73
108870,2024-02-27,J.D. Sports,West,Washington,Women's Apparel, In-store,55.67,25.0,1391.75
105403,10/12/2024,Kohl's,Northeast,New York,Women's Street Footwear,outlet,96.72,53.0,5126.16
100327,04/28/2022,Kohl's,WEST,Washington,Men's Apparel,Online,43.27,38.0,1644.26
105764,02/12/2024,Amazon,Midwest,Wisconsin,Kids' Apparel,Online,29.47,,
103793,28-03-2024,West Gear,West,Washington,Women's Street Footwear,Online,50.94,11.0,560.34
100660,24-12-2022,  Kohl's ,Northeast,New York,Outdoor Footwear,online,27.12,39.0,1057.68
107035,22/06/2023,J.D. Sports,MIDWEST,Illinois,Men's Street Footwear,In-store,74.24,70.0,5196.8
106108,02 Apr 2023,West Gear,Midwest,Ohio,Kids' Footwear,Online,24.58,40.0,983.2
109656,07 Feb 2023,Sports Direct,South,Louisiana,Men's Apparel,Online,43.27,33.0,1427.91
100337,09/26/2022,Adidas Online Store,Midwest,Michigan,Men's Athletic Footwear,Outlet,61.22,,2203.92
105245,11/20/2024,West Gear,Northeast,New Jersey,Women's Apparel,Online,38.88,22.0,855.36
102273,01/06/2023,Kohl's,West,Arizona,Kids' Footwear,In-store,57.44,54.0,3101.76
100368,03-09-2024,West Gear,MIDWEST,Wisconsin,Men's Street Footwear,Outlet,76.01,52.0,3952.52
102446,2024-11-16,WEST GEAR,South,Louisiana,Men's Street Footwear,In-store,32.41,70.0,2268.7
106323,11/30/2024,Foot Locker,Midwest,Ohio,Men's Street Footwear,Outlet,46.07,21.0,967.47
106954,27/11/2023,J.D. Sports,South,Tennessee,Men's Athletic Footwear,OUTLET,71.78,78.0,5598.84
101531,04 Feb 2024,West Gear,Northeast,New York,Kids' Footwear,In-store,48.06,15.0,720.9
103667,28/07/2022,Adidas Online Store,West,Washington,Kids' Apparel,In-store,30.58,17.0,
101174,24/09/2024,J.D. Sports,South,Texas,Accessories,In-store,53.45,6.0,320.7
103611,25-05-2023,Sports Direct,West,California,Kids' Footwear,Outlet,60.4,28.0,1691.2
102648,02-01-2022,Foot Locker,Northeast,New Jersey,Men's Street Footwear, Outlet,59.07,67.0,3957.69
101139,29-10-2024,J.D. Sports,Northeast,New York,Kids' Footwear,Online,,54.0,3518.64
101288,14/03/2023,Kohl's,Southeast,Georgia,Kids' Apparel,In-store,60.83,44.0,2676.52
100331,08-07-2022,Kohl's,South,Oklahoma,Women's Athletic Footwear,In-store,32.31,13.0,420.03
101286,19/07/2023,Amazon,South,Louisiana,Outdoor Footwear,online,75.06,47.0,3527.82
108326,12 Mar 2022,Walmart,SOUTHEAST,Florida,Women's Apparel,Online,67.44,8.0,539.52
105361,26 Jan 2024,West Gear,South,Oklahoma,Men's Apparel,In-store,41.92,20.0,
103920,17/03/2023,Sports Direct,South,Oklahoma,Women's Apparel,Outlet,47.34,41.0,1940.94
108880,2022-10-28,Walmart,Midwest,Illinois,Women's Apparel,Outlet,99.22,6.0,595.32
106588,11/12/2024,West Gear,Southeast,Georgia,Kids' Footwear,Online,,52.0,2430.48
108993,31/07/2024,J.D. Sports,Midwest,Ohio,Men's Street Footwear,ONLINE,36.16,46.0,1663.36
102879,10/26/2024,Walmart,MIDWEST,,Kids' Footwear,Outlet,9.53,44.0,
100459,03/22/2022,Sports Direct,Southeast,North Carolina,Kids' Footwear,Online,30.31,28.0,1273.02
108956,18-06-2023,Kohl's,MIDWEST,Ohio,Kids' Apparel,Online,37.39,22.0,
108502,2024-05-12,Amazon,West,Arizona,Outdoor Footwear,Online,74.89,35.0,2621.15
106230,26/10/2024,  Walmart ,Midwest,Illinois,Men's Street Footwear,Online,49.65,26.0,1290.9
103293,11-03-2023,Sports Direct,SOUTHEAST,Virginia,Women's Athletic Footwear, Outlet,48.12,1.0,48.12
104936,12 Aug 2022,Adidas Online Store,Southeast,Florida,Outdoor Footwear,Online,45.39,91.0,4130.49
106457,2023-05-08,Adidas Online Store,Midwest,Ohio,Accessories,In-store,78.24,36.0,2816.64
109741,11-03-2024,Amazon,Southeast,Georgia,Kids' Apparel,In-store,53.88,11.0,592.68
104123,02/21/2024,J.D. Sports,South,Louisiana,Men's Street Footwear,In-store,70.8,48.0,3398.4
109139,10/02/2022,Kohl's,West,Arizona,Men's Athletic Footwear,Outlet,53.73,19.0,1020.87
109730,20-11-2022,  Amazon ,Midwest,Michigan,Women's Apparel,Online,23.73,45.0,1067.85
108347,05/09/2023,Sports Direct,Northeast,New York,Men's Athletic Footwear,In-store,69.95,33.0,2308.35
100873,01-12-2023,Walmart,South,Louisiana,Women's Street Footwear,Online,48.82,30.0,1464.6
103534,06/06/2022,Sports Direct,Northeast,New Jersey,Men's Apparel,Outlet,31.08,58.0,1802.64
104623,02-04-2023,Adidas Online Store,Midwest,Ohio,Women's Athletic Footwear,In-store,84.19,70.0,5893.3
103709,20/09/2023,Sports Direct,Southeast,Florida,Women's Street Footwear,In-store,55.29,27.0,1492.83
109521,20-03-2022,Foot Locker,Southeast,Georgia,Women's Athletic Footwear,Online,54.67,66.0,3608.22
106956,15-11-2023,Amazon,Southeast,Georgia,Kids' Footwear,Outlet,47.36,,
103704,2024-12-23,West Gear,Southeast,North Carolina,Kids' Apparel,In-store,98.21,33.0,3240.93
104244,03/22/2024,West Gear,Midwest,Illinois,Men's Street Footwear,Online,71.59,32.0,2290.88
107981,2023-08-10,Sports Direct,South,Texas,Kids' Footwear,Outlet,62.41,53.0,3307.73
109641,01/21/2024,  Adidas Online Store ,South,Texas,Accessories, Online,61.3,56.0,3432.8
109179,30 Nov 2023,  Sports Direct ,Northeast,Massachusetts,Accessories,Outlet,88.65,41.0,3634.65
103488,06-08-2024,Walmart,Southeast,Florida,Men's Athletic Footwear,Online,86.39,28.0,2418.92
102550,02-04-2023,Foot Locker,WEST,Washington,Outdoor Footwear,Outlet,23.71,37.0,877.27
103951,10/22/2022,Kohl's,South,Tennessee,Women's Apparel,Online,,27.0,
101522,2023-12-12,Kohl's,Southeast,North Carolina,Women's Apparel,in-store,20.33,30.0,609.9
102692,27 May 2022,Adidas Online Store,Northeast,New Jersey,Women's Apparel,Outlet,76.65,65.0,4982.25
100115,18-09-2022,Amazon,West,Washington,Kids' Apparel,In-store,54.01,49.0,2646.49
100595,06-12-2024,WALMART,West,California,Women's Apparel,Online,70.21,10.0,702.1
102883,2022-05-07,J.D. Sports,South,Texas,Men's Street Footwear,Outlet,,13.0,719.68
106365,19/07/2022,Sports Direct,South,,Women's Apparel,In-store,78.1,21.0,1640.1
108084,2023-03-29,Kohl's,Northeast,New York,Outdoor Footwear,In-store,88.16,45.0,3967.2
101419,03/26/2024,Kohl's,MIDWEST,Ohio,Women's Street Footwear,Online,76.87,45.0,3459.15
103151,01 Jul 2022,Foot Locker,West,California,Women's Apparel, Outlet,71.73,45.0,3227.85
104344,10/05/2022,Kohl's,Southeast,Florida,Accessories,In-store,68.87,46.0,3168.02
101188,29 Oct 2023,West Gear,Midwest,Michigan,Women's Athletic Footwear,Outlet,57.02,80.0,4561.6
105455,28-06-2024,Foot Locker,WEST,Arizona,Men's Apparel,Online,12.34,50.0,617.0
108115,23/12/2024,Amazon,Northeast,Pennsylvania,Women's Athletic Footwear,Outlet,84.21,32.0,2694.72
105185,2024-05-22,West Gear,MIDWEST,Wisconsin,Kids' Apparel,Outlet,94.85,36.0,3414.6
106205,04/07/2023,  West Gear ,Northeast,Pennsylvania,Kids' Apparel,Outlet,66.6,24.0,1598.4
103450,01-12-2024,Foot Locker,West,Washington,Kids' Apparel, Online,29.61,50.0,1480.5
106549,04 Feb 2022,West Gear,West,Oregon,Women's Street Footwear,Outlet,85.2,56.0,4771.2
100336,2023-03-14,  Kohl's ,Northeast,New York,Outdoor Footwear,Outlet,32.94,39.0,1284.66
106531,02/04/2023,SPORTS DIRECT,Midwest,Illinois,Kids' Apparel,Outlet,0.0,22.0,1813.24
109640,24/01/2022,SPORTS DIRECT,Southeast,Georgia,Accessories,In-store,21.99,20.0,439.8
101326,2023-04-21,J.D. Sports,South,Tennessee,Men's Apparel,In-store,13.04,34.0,443.36
106458,19-03-2022,Amazon,Northeast,New Jersey,Men's Athletic Footwear,Online,80.58,,2578.56
103365,07/10/2022,Amazon,South,Louisiana,Accessories,In-store,63.39,37.0,2345.43
100871,2023-11-25,J.D. Sports,Southeast,Georgia,Men's Athletic Footwear,Online,42.22,38.0,1604.36
109063,2022-06-13,Adidas Online Store,SOUTH,Texas,Kids' Apparel,In-store,23.04,29.0,668.16
108558,05 Oct 2022,Kohl's,WEST,California,Kids' Footwear,In-store,63.71,18.0,1146.78
108333,23-01-2022,Kohl's,Northeast,New York,Men's Athletic Footwear,In-store,74.38,46.0,342148.0
105267,04/18/2024,WALMART,Northeast,New Jersey,Outdoor Footwear,Outlet,34.95,44.0,1537.8
103507,26/02/2022,AMAZON,Midwest,Ohio,Men's Athletic Footwear,Online,22.66,30.0,679.8
106875,09 Feb 2022,West Gear,West,Washington,Kids' Footwear,Outlet,42.46,14.0,594.44
104567,08/29/2023,Foot Locker,Midwest,Wisconsin,Outdoor Footwear,Outlet,49.96,59.0,2947.64
104126,20-01-2023,J.D. Sports,Northeast,New Jersey,Accessories,Online,55.02,44.0,
109645,24-02-2024,J.D. Sports,MIDWEST,Illinois,Women's Athletic Footwear,,38.47,12.0,461.64
104055,21 Jul 2024,J.D. Sports,Southeast,Virginia,Kids' Apparel,In-store,44.99,60.0,2699.4
105187,19/04/2022,Amazon,West,Arizona,Women's Athletic Footwear,Outlet,62.16,35.0,2175.6
102696,18-02-2022,J.D. Sports,Midwest,Wisconsin,Men's Athletic Footwear,Outlet,62.06,5.0,310.3
104414,24 Oct 2022,adidas online store,South,Texas,Kids' Footwear,Online,94.0,,2538.0
107055,2022-05-17,Walmart,South,Texas,Men's Street Footwear,Outlet,84.48,16.0,1351.68
107887,28/11/2024,Adidas Online Store,SOUTHEAST,North Carolina,Men's Athletic Footwear,In-store,31.58,33.0,1042.14
109029,02-06-2022,J.D. Sports,West,California,Outdoor Footwear, In-store,35.74,9.0,321.66
108061,2023-04-24,J.D. Sports,South,Louisiana,Men's Apparel,Online,85.74,41.0,3515.34
103953,03/29/2024,Sports Direct,South,Louisiana,Women's Street Footwear,IN-STORE,46.91,19.0,891.29
102592,28/03/2024,J.D. Sports,Northeast,Massachusetts,Women's Athletic Footwear,,72.33,19.0,1374.27
104851,22/08/2023,Kohl's,South,Oklahoma,Men's Athletic Footwear, Online,80.18,20.0,1603.6
105277,29-08-2024,Walmart,Midwest,Ohio,Accessories,Outlet,85.37,42.0,3585.54
101922,07/06/2024,Adidas Online Store,Southeast,Virginia,Women's Apparel,Online,60.92,61.0,3716.12
107067,16-09-2023,Adidas Online Store,SOUTH,Texas,Men's Street Footwear,Outlet,34.59,73.0,2525.07
108776,21 Mar 2022,Kohl's,South,Texas,Mens Apparel,Outlet,22.5,43.0,967.5
102167,08/16/2022,Kohl's,Southeast,North Carolina,Outdoor Footwear, In-store,94.63,57.0,5393.91
105657,25/06/2024,Walmart,West,Arizona,Women's Athletic Footwear,Outlet,61.0,46.0,2806.0
102289,24/03/2023,Foot Locker,South,Louisiana,Outdoor Footwear,In-store,55.9,30.0,
103379,2023-04-21,West Gear,South,Tennessee,Men's Street Footwear,Online,65.2,47.0,3064.4
102262,11/04/2022,Sports Direct,SOUTH,Tennessee,Kids' Footwear,Online,37.6,49.0,1842.4
104259,13/02/2022,Kohl's,Southeast,Florida,Kids' Apparel,Online,24.87,46.0,
100613,2022-07-04,Adidas Online Store,South,Louisiana,Kids' Apparel,in-store,62.94,31.0,1951.14
104312,08/28/2022,  Walmart ,West,  Washington  ,Women's Apparel,Outlet,54.44,3.0,163.32
103807,09/28/2024,Adidas Online Store,South,,Kids' Footwear,Outlet,70.52,57.0,4019.64
102789,09/19/2023,J.D. Sports,Midwest,Ohio,Men's Athletic Footwear,In-store,65.77,1.0,65.77
105682,29-06-2022,West Gear,Southeast,Virginia,Outdoor Footwear,In-store,52.42,,995.98
100760,04 Mar 2022,West Gear,West,Washington,Men's Street Footwear,In-store,51.51,26.0,1339.26
106069,06/06/2023,J.D. Sports,Midwest,Ohio,Kids' Apparel,Online,34.14,8.0,273.12
106237,02/20/2022,J.D. Sports,Midwest,Michigan,Women's Street Footwear,Outlet,85.51,33.0,2821.83
106638,11-06-2022,Adidas Online Store,Midwest,Wisconsin,Men's Street Footwear,Online,59.73,22.0,1314.06
107022,22/05/2023,  Amazon ,Southeast,North Carolina,Accessories,In-store,58.11,37.0,2150.07
109165,25-10-2022,Walmart,South,Texas,Outdoor Footwear,Outlet,86.78,47.0,4078.66
100753,04 Mar 2023,Foot Locker,West,Arizona,Accessories,Online,72.03,14.0,1008.42
106280,2022-06-29,Kohl's,Southeast,Florida,Outdoor Footwear,outlet,34.84,1.0,34.84
107727,31 Oct 2024,West Gear,Northeast,New York,Men's Apparel,In-store,83.59,61.0,5098.99
109292,2022-08-29,J.D. Sports,Southeast,,Men's Athletic Footwear,Online,82.26,56.0,4606.56
107687,11/17/2023,FOOT LOCKER,West,Washington,Kids' Footwear,Outlet,60.01,60.0,3600.6
106251,22/05/2024,Sports Direct,South,Oklahoma,Women's Street Footwear,In-store,46.14,45.0,2076.3
101470,31-01-2024,Sports Direct,Midwest,Michigan,Men's Apparel,Online,69.87,19.0,1327.53
106477,30 Apr 2023,sports direct,South,Oklahoma,Men's Athletic Footwear,In-store,50.7,14.0,709.8
101364,10/08/2024,West Gear,South,Texas,Kids' Apparel,Online,68.71,29.0,1992.59
106104,2024-05-19,  Amazon ,Southeast,Virginia,Women's Apparel,Outlet,70.24,21.0,1475.04
100417,04/02/2024,Kohl's,West,Washington,Kids' Footwear,Outlet,56.1,31.0,1739.1
105327,08 Feb 2023,Foot Locker,South,Oklahoma,Outdoor Footwear,Online,77.09,44.0,3391.96
106182,11/14/2022,Adidas Online Store,Midwest,Illinois,Women's Athletic Footwear,Online,89.99,73.0,6569.27
100165,27/04/2023,Sports Direct,SOUTHEAST,Georgia,Kids' Footwear,Outlet,70.51,30.0,2115.3
104603,19 Apr 2024,Walmart,Northeast,New York,Kids' Footwear,Online,,37.0,2168.57
101940,24-09-2022,  Kohl's ,West,Washington,Men's Street Footwear,IN-STORE,52.27,47.0,2456.69
100815,2023-10-20,Sports Direct,West,Washington,Accessories,In-store,51.58,41.0,2114.78
102209,11/30/2022,J.D. Sports,South,Louisiana,Women's Street Footwear,Online,88.61,1.0,88.61
104263,05/07/2023,J.D. Sports,Midwest,Michigan,Men's Athletic Footwear,In-store,60.32,13.0,784.16
108647,22/05/2024,West Gear,Southeast,Georgia,Women's Apparel,Online,68.77,62.0,4263.74
105570,2023-02-24,Sports Direct,South,Texas,Kids' Apparel,Outlet,58.96,9.0,530.64
104281,08 Sep 2022,ADIDAS ONLINE STORE,Northeast,New Jersey,Women's Athletic Footwear,in-store,65.73,17.0,1117.41
103411,06/17/2023,Amazon,West,Arizona,Women's Athletic Footwear,In-store,88.4,20.0,1768.0
105299,19-10-2024,J.D. Sports,West,Arizona,Women's Athletic Footwear,Outlet,73.63,1.0,73.63
101277,2023-12-17,Sports Direct,Northeast,New Jersey,Women's Apparel,IN-STORE,83.02,50.0,4151.0
100198,24/09/2022,Foot Locker,Northeast,Pennsylvania,Men's Street Footwear,Online,22.86,54.0,1234.44
103962,2022-01-15,Amazon,South,Oklahoma,Men's Athletic Footwear,Outlet,37.26,52.0,1937.52
100754,2023-03-01,J.D. Sports,Northeast,New Jersey,Women's Athletic Footwear, In-store,41.51,11.0,
107489,10/28/2022,J.D. Sports,Northeast,Pennsylvania,Accessories,In-store,59.27,33.0,1955.91
102056,28-06-2022,Walmart,NORTHEAST,New Jersey,Men's Apparel,Online,87.83,53.0,4654.99
109454,26-02-2024,Adidas Online Store,West,California,Women's Athletic Footwear,Outlet,45.76,18.0,823.68
101792,23 Feb 2024,West Gear,Southeast,Florida,Women's Apparel,In-store,10.86,42.0,456.12
104768,06 Apr 2024,Walmart,Midwest,Wisconsin,Kids' Apparel,In-store,91.23,32.0,2919.36
106241,05/29/2024,Sports Direct,Midwest,Ohio,Outdoor Footwear,Outlet,74.43,9.0,669.87
106953,04/01/2024,Adidas Online Store,WEST,Washington,Women's Apparel,Online,83.68,65.0,5439.2
106475,2023-10-17,adidas online store,Northeast,New Jersey,Outdoor Footwear,Outlet,58.8,52.0,3057.6
106023,04/02/2022,Sports Direct,Southeast,North Carolina,Women's Street Footwear,Outlet,50.35,67.0,3373.45
103236,29-10-2022,Foot Locker,West,Oregon,Women's Street Footwear,Outlet,73.14,10.0,731.4
101759,01/21/2024,Walmart,West,Washington,Kids' Footwear,Outlet,67.05,23.0,1542.15
100685,2024-01-12,j.d. sports,Northeast,Massachusetts,Men's Apparel,Outlet,67.64,28.0,1893.92
101603,06/17/2024,Sports Direct,Midwest,Ohio,Women's Apparel,Online,34.72,42.0,1458.24
109361,12/10/2022,Amazon,Southeast,Virginia,Men's Street Footwear,Outlet,87.81,10.0,878.1
101507,20/05/2024,West Gear,Northeast,New Jersey,Women's Athletic Footwear,Outlet,64.73,35.0,2265.55
103025,03/24/2023,Foot Locker,Midwest,Wisconsin,Men's Athletic Footwear,Online,52.11,-28.0,2188.62
107169,27 Jan 2023,J.D. Sports,Southeast,Florida,Men's Street Footwear,Outlet,32.38,34.0,1100.92
108976,20/12/2022,West Gear,Southeast,Virginia,Kids' Apparel,Outlet,26.06,69.0,1798.14
102176,11 Oct 2022,West Gear,West,Oregon,Kids' Footwear,In-store,51.27,26.0,1333.02
103091,2022-06-06,J.D. Sports,Midwest,Illinois,Women's Apparel,Outlet,42.08,27.0,1136.16
106817,19/01/2023,Adidas Online Store,Northeast,Pennsylvania,Kids' Footwear,Outlet,61.75,23.0,1420.25
100025,26/03/2024,J.D. Sports,SOUTH,Texas,Accessories,Outlet,60.39,24.0,1449.36
108799,13/10/2022,Foot Locker,Northeast,Massachusetts,Outdoor Footwear,Outlet,59.43,22.0,1307.46
100823,04/30/2023,SPORTS DIRECT,South,Tennessee,Men's Apparel,online,73.32,18.0,
103639,2024-07-10,J.D. Sports,NORTHEAST,Pennsylvania,Men's Street Footwear,Online,21.67,9.0,195.03
104037,29 Jul 2023,foot locker,Northeast,Pennsylvania,Men's Apparel,online,49.32,72.0,3551.04
109507,2024-01-17,Adidas Online Store,Northeast,New Jersey,Men's Street Footwear,In-store,37.26,40.0,1490.4
101029,13-11-2023,Walmart,West,California,Men's Athletic Footwear,Outlet,57.09,27.0,1541.43
107367,24-04-2024,Walmart,Midwest,Wisconsin,Outdoor Footwear,IN-STORE,65.55,55.0,
103537,08 Jul 2024,Foot Locker,South,Louisiana,Kids' Footwear,Outlet,,46.0,4038.8
108315,2022-01-24,J.D. Sports,South,Louisiana,Outdoor Footwear,Online,48.04,78.0,3747.12
100479,2023-11-11,J.D. Sports,Northeast,New York,Kids' Apparel,In-store,,47.0,4049.05
108302,2023-03-19,Foot Locker,South,Louisiana,Women's Athletic Footwear,Online,65.72,50.0,3286.0
102121,2022-01-20,West Gear,South,Tennessee,Men's Athletic Footwear,In-store,,27.0,1629.72
106940,2022-10-28,Walmart,West,Oregon,Men's Street Footwear,Online,60.13,83.0,4990.79
102125,2024-09-18,J.D. Sports,Northeast,New Jersey,Women's Apparel,,47.88,53.0,2537.64
109205,2022-01-11,Walmart,Northeast,Massachusetts,Outdoor Footwear,Online,72.52,,2175.6
100406,16/08/2022,Sports Direct,WEST,Arizona,Kids' Footwear,Outlet,52.44,32.0,1678.08
104086,2023-09-30,Adidas Online Store,Midwest,Illinois,Men's Street Footwear,Online,59.41,35.0,2079.35
106928,29/05/2022,Adidas Online Store,Midwest,Michigan,Men's Street Footwear,OUTLET,51.37,18.0,924.66
104957,16-10-2022,Kohl's,West,Oregon,Men's Apparel,Online,39.18,33.0,1292.94
109248,31 Oct 2023,Walmart,West,Washington,Men's Apparel,Outlet,61.3,32.0,1961.6
106564,19 Mar 2024,Adidas Online Store,Northeast,New York,Outdoor Footwear,In-store,85.63,25.0,2140.75
102161,14 May 2024,Foot Locker,Southeast,North Carolina,Women's Street Footwear,Outlet,47.27,61.0,2883.47
101270,2024-11-29,Adidas Online Store,West,California,Women's Athletic Footwear,Online,,24.0,1846.8
105678,2022-04-04,West Gear,South,Louisiana,Women's Athletic Footwear,In-store,65.98,39.0,2573.22
106379,16-03-2022,Adidas Online Store,Northeast,New York,Accessories,outlet,52.55,25.0,1313.75
104620,27/03/2022,Walmart,South,Texas,Men's Street Footwear,In-store,57.93,28.0,1622.04
103129,05 Jan 2023,Sports Direct,Southeast,Virginia,Men's Apparel,In-store,98.84,26.0,2569.84
103740,2024-07-10,Adidas Online Store,South,Tennessee,Women's Street Footwear,Online,35.11,35.0,1228.85
109699,24-05-2022,J.D. Sports,Northeast,Massachusetts,Accessories,In-store,48.71,2.0,97.42
107840,19/07/2022,J.D. Sports,West,Oregon,Women's Street Footwear,Outlet,47.36,,1657.6
104781,21/12/2023,Foot Locker,West,Washington,Kids' Apparel,Online,31.77,33.0,1048.41
104394,2023-04-28,Sports Direct,West,California,Kids' Apparel,In-store,43.22,12.0,518.64
107052,10/05/2022,Sports Direct,Midwest,Michigan,Kids' Apparel,Outlet,,58.0,880.44
102053,10-06-2024,ADIDAS ONLINE STORE,Midwest,Wisconsin,Outdoor Footwear,Outlet,98.01,39.0,3822.39
100420,08/17/2023,Adidas Online Store,Midwest,Michigan,Women's Street Footwear,Online,55.67,67.0,3729.89
102531,03-02-2023,Kohl's,NORTHEAST,Massachusetts,Outdoor Footwear,Online,58.25,50.0,2912.5
104675,03 Jan 2024,Foot Locker,Midwest,Ohio,Accessories,Outlet,69.74,36.0,2510.64
100851,16-11-2024,Kohl's,NORTHEAST,New York,Men's Street Footwear,In-store,44.25,41.0,
104719,30 Apr 2022,J.D. Sports,West,Oregon,Outdoor Footwear,In-store,38.75,4.0,155.0
105563,10-02-2022,Walmart,Northeast,Massachusetts,Kids' Apparel,In-store,62.26,10.0,622.6
107925,19-09-2024,Kohl's,Northeast,Massachusetts,Men's Street Footwear,Outlet,83.74,20.0,1674.8
103275,2024-11-22,Foot Locker,Midwest,Wisconsin,Women's Street Footwear,In-store,53.46,68.0,3635.28
107709,05 Mar 2024,  West Gear ,NORTHEAST,New Jersey,Kids' Apparel,Outlet,45.37,53.0,2404.61
101455,12/09/2022,Foot Locker,Southeast,North Carolina,Women's Apparel,Outlet,61.54,22.0,1353.88
104650,07/10/2024,Amazon,Southeast,Florida,Women's Street Footwear,in-store,54.35,45.0,2445.75
101609,06/09/2024,  Walmart ,Midwest,Michigan,Men's Athletic Footwear,IN-STORE,29.69,29.0,861.01
101347,09-01-2024,West Gear,Midwest,Illinois,Accessories, Outlet,61.66,10.0,616.6
100785,31 May 2023,Sports Direct,Midwest,Michigan,Women's Street Footwear,Outlet,71.66,58.0,4156.28
104467,03/28/2023,J.D. Sports,West,Washington,Accessories,Online,67.23,55.0,3697.65
107598,2022-10-30,Kohl's,South,Tennessee,Men's Street Footwear,Online,42.67,14.0,597.38
101041,2023-01-12,West Gear,Southeast,Florida,Men's Athletic Footwear,In-store,27.25,1.0,27.25
100237,16 May 2022,Walmart,Northeast,New York,Women's Athletic Footwear,Online,42.56,38.0,1617.28
107667,02 Sep 2023,Walmart,MIDWEST,Ohio,Women's Apparel,IN-STORE,43.97,40.0,1758.8
100524,17/08/2024,Walmart,Southeast,Georgia,Kids' Apparel,Outlet,53.45,9.0,481.05
106330,2024-02-24,Amazon,West,Washington,Women's Apparel,In-store,33.06,76.0,2512.56
105762,16 Dec 2022,Amazon,West,Washington,Men's Street Footwear,Online,77.59,54.0,4189.86
100402,13 Nov 2022,West Gear,West,Oregon,Accessories,In-store,24.75,43.0,1064.25
102408,15/03/2024,Walmart,Southeast,Georgia,Mens Athletic Footwear, In-store,52.19,33.0,1722.27
104216,08 Apr 2024,Adidas Online Store,Southeast,Florida,Kids' Footwear,In-store,71.04,13.0,923.52
109385,12/19/2023,Amazon,Northeast,Pennsylvania,Men's Apparel, Online,56.83,34.0,1932.22
101636,17 May 2024,Foot Locker,South,Oklahoma,Men's Athletic Footwear,Outlet,84.65,27.0,2285.55
109525,2023-04-12,Adidas Online Store,West,Washington,Women's Street Footwear,In-store,44.53,31.0,1380.43
103993,07/13/2022,Kohl's,West,California,Women's Street Footwear,Online,81.36,21.0,1708.56
107340,2023-12-22,Foot Locker,Southeast,North Carolina,Kids' Footwear,In-store,60.41,3.0,181.23
104470,09/30/2022,Kohl's,Northeast,New Jersey,Kids' Apparel,Outlet,21.38,22.0,470.36
101904,05 Nov 2024,Adidas Online Store,Southeast,North Carolina,Men's Street Footwear,Outlet,72.38,55.0,3980.9
102324,17/08/2022,Foot Locker,Midwest,Illinois,Men's Apparel,In-store,50.54,83.0,4194.82
107108,2024-10-03,Sports Direct,WEST,California,Women's Athletic Footwear,Outlet,77.25,35.0,2703.75
101180,10/24/2023,Amazon,Northeast,New Jersey,Men's Street Footwear,Outlet,25.89,39.0,1009.71
104468,05 Apr 2022,J.D. Sports,South,Tennessee,Kids' Apparel,In-store,58.47,10.0,584.7
106411,28/12/2022,Amazon,Southeast,,Accessories,ONLINE,57.75,24.0,1386.0
109220,2024-01-15,Foot Locker,West,Washington,Men's Athletic Footwear,Outlet,61.97,34.0,2106.98
101140,2022-04-30,J.D. SPORTS,NORTHEAST,New Jersey,Men's Apparel,In-store,70.03,11.0,
102237,04-04-2023,Kohl's,South,Tennessee,Accessories,In-store,34.25,30.0,1027.5
101198,21 Apr 2024,ADIDAS ONLINE STORE,Midwest,Ohio,Men's Street Footwear,Outlet,60.87,16.0,973.92
108853,23/06/2022,Walmart,South,Tennessee,Kids' Footwear,In-store,19.56,42.0,821.52
103150,12 Jul 2024,Sports Direct,West,Washington,Men's Street Footwear,Outlet,34.24,51.0,1746.24
101735,15 Jan 2024,Sports Direct,West,Washington,Kids' Footwear, In-store,28.06,44.0,1234.64
108483,2022-05-17,J.D. Sports,Midwest,Michigan,Accessories,In-store,48.16,14.0,674.24
106054,06/05/2024,Kohl's,Southeast,Virginia,Men's Athletic Footwear,In-store,58.03,48.0,2785.44
104507,18/02/2022,Foot Locker,Northeast,New York,Accessories,ONLINE,36.04,8.0,288.32
103380,01/04/2024,Adidas Online Store,Midwest,Michigan,Kids' Apparel,Online,69.63,43.0,2994.09
104950,08-12-2022,Foot Locker,Southeast,Virginia,Outdoor Footwear,In-store,38.92,54.0,2101.68
104745,24-03-2024,  J.D. Sports ,South,Louisiana,Outdoor Footwear,Outlet,80.6,44.0,3546.4
104751,21/04/2023,Adidas Online Store,SOUTH,Tennessee,Women's Apparel,In-store,24.72,40.0,988.8
109364,2022-12-12,Adidas Online Store,Midwest,Ohio,Men's Athletic Footwear,Online,35.32,40.0,1412.8
100425,2023-06-29,J.D. Sports,Southeast,Georgia,Accessories, Online,69.0,73.0,5037.0
101002,2023-01-14,Sports Direct,West,Arizona,Men's Street Footwear,Online,39.06,45.0,1757.7
100039,06/14/2022,J.D. Sports,Southeast,North Carolina,Women's Apparel,Outlet,61.64,49.0,3020.36
104875,09/26/2022,j.d. sports,Midwest,Illinois,Outdoor Footwear,In-store,52.71,39.0,2055.69
105882,2024-04-23,sports direct,South,Louisiana,Accessories,ONLINE,38.52,38.0,1463.76
107361,11/07/2023,Sports Direct,Northeast,Pennsylvania,Women's Apparel,Outlet,73.48,9.0,661.32
100141,12 Oct 2024,Amazon,Southeast,North Carolina,Men's Athletic Footwear,Online,43.24,1.0,43.24
100615,11/19/2023,Foot Locker,Southeast,Virginia,Women's Athletic Footwear,Online,69.31,48.0,3326.88
107900,01/06/2024,Adidas Online Store,Midwest,Ohio,Kids' Apparel,Outlet,80.84,10.0,808.4
108729,17/02/2024,AMAZON,Midwest,Illinois,Kids' Footwear,ONLINE,45.98,1.0,45.98
109393,17 Mar 2024,Adidas Online Store,Southeast,Virginia,Accessories,Outlet,88.55,1.0,88.55
108096,14/09/2022,Amazon,Northeast,New York,Men's Athletic Footwear,In-store,80.6,33.0,
105660,04/06/2023,Walmart,South,Louisiana,Women's Athletic Footwear,Outlet,71.5,35.0,2502.5
106360,2022-05-26,Foot Locker,Northeast,New Jersey,Women's Athletic Footwear,Online,62.58,1.0,62.58
109616,15/01/2022,J.D. Sports,Northeast,New York,Women's Athletic Footwear,Online,67.53,38.0,2566.14
105377,24-07-2023,j.d. sports,Midwest,Michigan,Accessories,in-store,80.04,25.0,2001.0
108272,2024-12-17,Sports Direct,Southeast,Virginia,Men's Street Footwear,OUTLET,50.67,20.0,1013.4
104371,18 Nov 2022,Adidas Online Store,Midwest,,Outdoor Footwear,Outlet,81.37,32.0,2603.84
103583,19 Oct 2022,West Gear,MIDWEST,Michigan,Men's Athletic Footwear,Outlet,74.22,53.0,3933.66
108920,26 Mar 2023,West Gear,SOUTHEAST,,Men's Athletic Footwear,OUTLET,,30.0,435.6
107670,03-01-2024,West Gear,Southeast,,Outdoor Footwear,Outlet,8.0,42.0,336.0
101849,08/12/2023,Sports Direct,South,Texas,Men's Street Footwear,Online,84.58,62.0,5243.96
109716,17 Jul 2022,Adidas Online Store,Midwest,  Ohio  ,Accessories,outlet,39.15,44.0,1722.6
105522,25 Jun 2023,West Gear,Midwest,Wisconsin,Men's Athletic Footwear,Outlet,27.76,25.0,1041.0
103227,2023-10-22,West Gear,Southeast,Georgia,Men's Athletic Footwear,Outlet,55.54,32.0,1777.28
104897,22-08-2024,J.D. Sports,Southeast,North Carolina,Men's Athletic Footwear,Online,46.28,35.0,1619.8
102333,2022-09-21,West Gear,South,Oklahoma,Men's Street Footwear,In-store,66.75,31.0,2069.25
104791,06/01/2023,J.D. Sports,SOUTH,Tennessee,Men's Athletic Footwear,In-store,68.07,18.0,1225.26
106657,13-03-2022,KOHL'S,Southeast,Florida,Men's Apparel,outlet,57.97,24.0,1391.28
102111,06/08/2023,Walmart,South,Texas,Kids' Apparel,Outlet,59.58,1.0,59.58
103451,16-09-2024,Amazon,Midwest,Wisconsin,Men's Apparel, Online,43.33,102.0,4419.66
107593,01-08-2022,Kohl's,West,California,Kids' Apparel,,33.91,15.0,508.65
106845,23-07-2023,West Gear,West,California,Women's Street Footwear,Outlet,42.62,35.0,1491.7
102059,06/11/2023,Adidas Online Store,West,Oregon,Accessories,Online,69.38,13.0,901.94
103330,07 Jan 2024,west gear,Northeast,Pennsylvania,Women's Apparel,In-store,9.0,1.0,9.0
101671,23 Jul 2022,West Gear,MIDWEST,Michigan,Men's Street Footwear,In-store,47.05,1.0,47.05
101210,27/10/2023,West Gear,Midwest,Michigan,Women's Street Footwear,ONLINE,50.33,7.0,352.31
109068,25-01-2024,J.D. Sports,Northeast,Massachusetts,Women's Athletic Footwear,Outlet,55.62,45.0,2502.9
106435,26 Apr 2023,Adidas Online Store,Northeast,Pennsylvania,Women's Street Footwear,Outlet,55.9,53.0,2962.7
106687,06/22/2024,Foot Locker,Midwest,Wisconsin,Kids' Apparel, Online,13.72,57.0,782.04
109297,11/01/2023,Amazon,Northeast,New Jersey,Men's Athletic Footwear,In-store,46.7,50.0,2335.0
107280,01/23/2022,Walmart,West,California,Men's Street Footwear,In-store,58.12,33.0,1917.96
103958,07/15/2022,  Foot Locker ,South,Louisiana,Accessories,In-store,69.55,66.0,4590.3
104162,12-11-2024,Kohl's,Southeast,Virginia,Men's Apparel,Online,76.34,31.0,
102047,20/08/2022,J.D. Sports,Southeast,Georgia,Women's Apparel,In-store,60.96,40.0,2438.4
107146,19-10-2022,Kohl's,Southeast,Virginia,Kids' Footwear,online,50.12,41.0,2054.92
102444,31 Jan 2022,SPORTS DIRECT,West,Arizona,Women's Street Footwear,Online,53.43,38.0,2030.34
102585,06/02/2023,Walmart,South,Louisiana,Men's Athletic Footwear,Online,38.39,36.0,
108145,08/11/2023,Kohl's,West,Washington,Women's Street Footwear,Online,80.18,35.0,
104555,05-01-2022,Foot Locker,Northeast,New Jersey,Kids' Footwear,Outlet,56.15,59.0,
105191,14 Mar 2023,Kohl's,Southeast,Georgia,Outdoor Footwear,Outlet,18.47,65.0,1200.55
101278,18/03/2023,Sports Direct,South,Tennessee,Men's Street Footwear,Outlet,54.05,42.0,2270.1
107552,02/14/2024,Walmart,Northeast,New Jersey,Kids' Footwear,Outlet,99.36,6.0,596.16
103336,27/10/2022,Walmart,Southeast,North Carolina,Men's Athletic Footwear,Online,37.72,1.0,37.72
100938,10-01-2022,Adidas Online Store,West,Washington,Womens Street Footwear, Online,,26.0,1084.98
108634,2024-12-21,Walmart,West,Arizona,Men's Athletic Footwear,In-store,50.78,51.0,2589.78
103973,31-12-2022,Kohl's,MIDWEST,,Women's Apparel,Online,43.73,47.0,2055.31
108136,20-04-2022,Foot Locker,Midwest,Wisconsin,Women's Apparel,Online,60.68,35.0,2123.8
100769,2022-07-03,Kohl's,South,Texas,Kids' Footwear,Online,,47.0,2205.71
103986,03/06/2022,Kohl's,South,Tennessee,Women's Apparel,Online,94.26,59.0,8342.01
103136,31-10-2024,J.D. Sports,Southeast,Georgia,Outdoor Footwear,Online,55.28,47.0,2598.16
108525,02/21/2024,Walmart,West,Oregon,Kids' Apparel,Outlet,31.79,30.0,953.7
101596,2024-06-13,Foot Locker,Northeast,New Jersey,Kids' Apparel,Outlet,80.81,1.0,80.81
101027,25/03/2024,Amazon,Northeast,New York,Kids' Apparel,Online,76.22,,533.54
100523,03/31/2022,Sports Direct,Southeast,North Carolina,Outdoor Footwear,Online,25.15,17.0,427.55
108921,12/08/2023,J.D. Sports,Southeast,Georgia,Kids' Apparel,Online,42.55,36.0,1531.8
104356,03/03/2024,ADIDAS ONLINE STORE,West,Arizona,Men's Apparel,Online,74.73,45.0,3362.85
108399,28 Aug 2024,Kohl's,Midwest,Illinois,Men's Apparel,Online,64.09,29.0,
103215,12/29/2022,Walmart,South,Louisiana,Kids' Footwear,In-store,87.66,1.0,87.66
101972,27 Aug 2022,Walmart,South,Louisiana,Women's Athletic Footwear,Online,76.12,42.0,3197.04
101118,2023-10-29,foot locker,South,Tennessee,Men's Apparel,Outlet,63.5,13.0,825.5
109663,24 Mar 2024,Adidas Online Store,MIDWEST,Ohio,Mens Street Footwear,Online,68.66,40.0,2746.4
101179,02/11/2022,Sports Direct,Southeast,North Carolina,Women's Athletic Footwear,Online,49.14,49.0,2407.86
104370,15 Apr 2023,West Gear,NORTHEAST,Massachusetts,Men's Street Footwear,In-store,63.97,45.0,2878.65
108320,08/28/2024,Foot Locker,West,Oregon,Women's Street Footwear,Outlet,15.77,25.0,394.25
106937,2022-11-10,Adidas Online Store,Southeast,Virginia,Accessories,Outlet,,30.0,1690.5
104208,2024-12-09,WEST GEAR,Northeast,New York,Kids' Apparel,In-store,90.73,51.0,4627.23
100142,26/04/2022,Kohl's,South,Oklahoma,Kids' Apparel,Outlet,19.62,30.0,588.6
103574,05/08/2022,Walmart,West,Washington,Outdoor Footwear,In-store,36.72,37.0,1358.64
105286,29-12-2022,Adidas Online Store,Northeast,Massachusetts,Women's Apparel,Outlet,65.17,48.0,3128.16
100266,30/03/2024,West Gear,Midwest,Michigan,Kids' Footwear,In-store,65.6,40.0,2624.0
106440,02/29/2024,Walmart,Midwest,Ohio,Men's Apparel,Online,35.47,45.0,1596.15
101432,30 Sep 2024,Amazon,South,Texas,Women's Apparel,Outlet,52.48,39.0,2046.72
106388,2022-03-11,Walmart,West,Washington,Women's Street Footwear,Online,52.06,19.0,989.14
100101,05/02/2022,Amazon,South,Oklahoma,Men's Athletic Footwear,Outlet,21.33,55.0,1173.15
100979,19-01-2024,Sports Direct,South,Tennessee,Women's Apparel,Online,37.9,36.0,1364.4
101460,2022-03-17,Adidas Online Store,Southeast,Georgia,Accessories,Online,36.25,36.0,1305.0
108877,14 Aug 2024,Adidas Online Store,West,Arizona,Men's Athletic Footwear,In-store,32.51,56.0,1820.56
109160,2022-06-23,West Gear,Northeast,Pennsylvania,Men's Apparel,Outlet,77.34,32.0,2474.88
102159,28 Jan 2023,foot locker,South,Tennessee,Accessories,In-store,51.11,43.0,2197.73
100353,2024-06-18,J.D. Sports,Northeast,New Jersey,Accessories,In-store,75.07,46.0,3453.22
103358,24-06-2022,Foot Locker,Midwest,Illinois,Men's Apparel,OUTLET,106.1,71.0,7533.1
109239,20/03/2022,Amazon,West,Arizona,Womens Athletic Footwear,outlet,41.8,8.0,334.4
104073,10/06/2024,SPORTS DIRECT,Midwest,Wisconsin,Kids' Footwear,Online,67.72,3.0,304.74
100429,2023-07-19,SPORTS DIRECT,Northeast,Massachusetts,Women's Athletic Footwear,Outlet,16.49,41.0,676.09
106238,09-02-2022,  Foot Locker ,West,California,Men's Street Footwear,IN-STORE,35.02,50.0,1751.0
101203,04/11/2024,Sports Direct,South,Tennessee,Women's Athletic Footwear,Online,58.65,35.0,2052.75
104003,28/02/2022,Amazon,Southeast,Georgia,Women's Apparel,Online,76.51,40.0,3060.4
101930,11/21/2022,Kohl's,Midwest,Ohio,Women's Street Footwear,In-store,64.73,67.0,4336.91
103300,2024-11-30,Walmart,South,Tennessee,Outdoor Footwear,Outlet,40.7,41.0,1668.7
107757,24/09/2024,Kohl's,West,California,Women's Apparel,IN-STORE,57.42,34.0,1952.28
100792,12/22/2022,West Gear,Northeast,Pennsylvania,Kids' Apparel, Outlet,32.0,42.0,1344.0
109541,22 Sep 2022,Adidas Online Store,South,Tennessee,Women's Athletic Footwear,In-store,52.57,12.0,630.84
109369,01/01/2024,West Gear,Northeast,New York,Kids' Apparel,In-store,45.43,35.0,1590.05
104175,26/05/2022,Foot Locker,Northeast,New York,Women's Apparel,Online,60.21,10.0,602.1
100906,12 Apr 2023,Adidas Online Store,SOUTH,Louisiana,Women's Athletic Footwear,In-store,61.74,54.0,3333.96
109573,24-07-2023,Foot Locker,WEST,Washington,Kids' Footwear,Outlet,10.98,31.0,340.38
100982,25 Apr 2024,West Gear,Southeast,North Carolina,Accessories,Outlet,58.92,,3417.36
104059,06/01/2022,West Gear,South,Oklahoma,Women's Apparel,In-store,54.13,1.0,
101038,12 Apr 2023,Foot Locker,West,California,Kids' Footwear,Outlet,70.26,66.0,4637.16
107043,29-04-2023,Adidas Online Store,WEST,Oregon,Accessories,In-store,48.17,48.0,2312.16
101143,04/07/2022,Adidas Online Store,Midwest,Michigan,Women's Street Footwear,IN-STORE,41.18,10.0,411.8
101218,28 Mar 2023,J.D. SPORTS,Midwest,Michigan,Women's Athletic Footwear,Online,73.47,1.0,73.47
106070,2022-05-28,  Kohl's ,Northeast,Massachusetts,Women's Street Footwear,Online,38.12,55.0,2096.6
107262,20/04/2022,Sports Direct,Northeast,Pennsylvania,Kids' Footwear,Outlet,43.77,25.0,1094.25
106441,03/06/2024,Walmart,Southeast,Florida,Men's Street Footwear,Outlet,21.22,3.0,63.66
101499,02 Jul 2023,West Gear,Midwest,Wisconsin,Women's Street Footwear,Online,44.67,15.0,670.05
103710,29 Jan 2024,Amazon,West,Washington,Accessories,in-store,78.85,47.0,3705.95
104748,03/11/2023,Kohl's,Southeast,Georgia,Women's Street Footwear,Outlet,70.12,67.0,4698.04
109583,23/06/2023,Walmart,Southeast,Georgia,Men's Apparel,Outlet,56.59,88.0,4979.92
100197,01/19/2024,Sports Direct,Northeast,New York,Women's Apparel,Outlet,37.3,29.0,1081.7
103014,2024-05-03,Walmart,Midwest,Illinois,Men's Street Footwear,In-store,85.14,37.0,3150.18
101383,2022-07-10,Amazon,Northeast,New York,Men's Street Footwear,outlet,78.42,36.0,2823.12
108882,03-08-2024,Sports Direct,West,Arizona,Accessories,In-store,8.0,40.0,320.0
109647,04/26/2022,Foot Locker,Northeast,New Jersey,Accessories,Online,33.82,11.0,372.02
106839,02/11/2024,Walmart,West,California,Kids' Footwear,OUTLET,58.24,,2154.88
108955,07-01-2022,Kohl's,West,Arizona,Accessories,in-store,75.93,55.0,4176.15
103431,06 Mar 2024,Amazon,Southeast,Florida,Outdoor Footwear,Online,65.62,42.0,2756.04
108112,2023-11-12,Adidas Online Store,Midwest,Illinois,Outdoor Footwear,In-store,59.78,16.0,956.48
104080,2023-09-20,Adidas Online Store,South,Tennessee,Men's Athletic Footwear,In-store,53.63,33.0,1769.79
103888,2022-08-18,Sports Direct,MIDWEST,Illinois,Men's Apparel,Outlet,32.99,40.0,1319.6
108446,2023-08-17,Kohl's,South,Tennessee,Women's Street Footwear,Online,40.15,44.0,1766.6
101778,07-03-2023,walmart,Midwest,Michigan,Kids' Footwear,Outlet,17.88,61.0,1090.68
101317,11/11/2022,Walmart,NORTHEAST,Massachusetts,Women's Apparel,Online,38.24,73.0,2791.52
102984,08/16/2022,Adidas Online Store,South,Louisiana,Accessories,Outlet,,1.0,47.56
108126,21/10/2023,Adidas Online Store,WEST,Oregon,Women's Street Footwear,In-store,63.18,21.0,
102123,2023-05-18,  Kohl's ,Southeast,Georgia,Women's Street Footwear,Outlet,61.63,55.0,3389.65
103886,07/19/2023,Sports Direct,West,Washington,Men's Athletic Footwear,In-store,54.33,5.0,271.65
108695,14 Nov 2022,Kohl's,West,Arizona,Men's Athletic Footwear,Online,62.31,21.0,
106245,19 Apr 2023,Amazon,Southeast,Florida,Accessories,In-store,66.81,35.0,2338.35
101578,22-08-2024,Walmart,Southeast,,Men's Athletic Footwear,Online,73.14,52.0,3803.28
102206,21/04/2022,  Walmart ,Northeast,Massachusetts,Accessories,In-store,78.7,27.0,2124.9
100913,20 May 2024,West Gear,Northeast,Pennsylvania,Women's Apparel,Online,39.96,41.0,1638.36
109532,02/14/2023,J.D. Sports,Southeast,Florida,Men's Street Footwear,In-store,23.25,34.0,790.5
105019,2022-04-09,West Gear,Northeast,New Jersey,Kids' Apparel,Outlet,57.17,49.0,4201.995
103171,04/19/2023,Sports Direct,South,Louisiana,Women's Apparel,Outlet,60.97,31.0,1890.07
109259,19 Jan 2024,Amazon,Southeast,North Carolina,Outdoor Footwear,Outlet,72.9,5.0,364.5
104688,2022-12-04,Walmart,South,Louisiana,Kids' Apparel,In-store,87.36,24.0,2096.64
106673,28/11/2022,WALMART,West,California,Accessories,Outlet,50.6,45.0,2277.0
101312,06/29/2022,Kohl's,South,Louisiana,Kids' Footwear,Outlet,39.81,8.0,318.48
105023,07-08-2023,J.D. Sports,Northeast,Massachusetts,Kids' Apparel,Online,26.05,35.0,911.75
102102,21-05-2023,Adidas Online Store,Midwest,Ohio,Outdoor Footwear,In-store,39.02,24.0,936.48
100038,15/06/2023,Foot Locker,Midwest,Illinois,Men's Apparel,OUTLET,,30.0,2552.1
102180,21 Feb 2024,Adidas Online Store,Southeast,Florida,Accessories,Outlet,73.27,23.0,
105132,05-05-2023,Amazon,NORTHEAST,Pennsylvania,Kids' Footwear,In-store,77.7,60.0,4662.0
109182,01/08/2024,Kohl's,West,Arizona,Men's Street Footwear,Online,65.12,47.0,3060.64
107068,28 Mar 2023,Kohl's,Northeast,New Jersey,Women's Athletic Footwear,Online,45.01,1.0,45.01
107217,2024-08-16,WEST GEAR,NORTHEAST,New Jersey,Men's Apparel,In-store,66.53,14.0,931.42
101000,06/07/2024,West Gear,Midwest,Ohio,Kids' Apparel,Online,49.86,30.0,1495.8
107234,04/15/2023,J.D. Sports,Midwest,Illinois,Accessories,In-store,40.76,1.0,40.76
108548,07/05/2023,Adidas Online Store,Southeast,North Carolina,Outdoor Footwear,In-store,68.21,38.0,2591.98
105908,21 Aug 2022,Kohl's,West,Washington,Women's Apparel,In-store,54.45,57.0,3103.65
106063,16-08-2023,West Gear,Southeast,Virginia,Outdoor Footwear,Outlet,15.2,54.0,820.8
100484,01/11/2023,West Gear,South,Oklahoma,Men's Apparel,Online,68.79,12.0,825.48
107133,2024-11-10,Adidas Online Store,West,Arizona,Men's Street Footwear,in-store,42.13,42.0,1769.46
102532,09/30/2024,Amazon,West,Oregon,Accessories,OUTLET,89.17,40.0,3566.8
103270,05 Aug 2023,Kohl's,Northeast,Massachusetts,Women's Athletic Footwear,Outlet,68.28,88.0,6008.64
108756,11/27/2023,Amazon,Southeast,Florida,Accessories,OUTLET,65.5,29.0,
101037,08/09/2024,Amazon,South,Louisiana,Kids' Apparel,Online,61.17,70.0,4281.9
103052,17 Oct 2024,J.D. Sports,Northeast,New York,Women's Street Footwear,In-store,60.56,29.0,1756.24
101515,22/05/2022,Walmart,Northeast,New Jersey,Kids' Footwear,Outlet,46.53,70.0,3257.1
103184,10/09/2022,Adidas Online Store,Midwest,Ohio,Kids' Apparel,Outlet,65.65,48.0,3151.2
106521,11/14/2024,Walmart,Southeast,Florida,Outdoor Footwear,Outlet,59.66,36.0,
106494,2024-12-25,Kohl's,Midwest,Michigan,Women's Apparel,Online,42.9,1.0,42.9
106462,28-02-2022,J.D. Sports,South,Texas,Accessories,Outlet,72.37,42.0,3039.54
102819,23 Oct 2024,Kohl's,Southeast,Florida,Kids' Footwear,In-store,103.94,34.0,3533.96
106912,31 Aug 2023,adidas online store,Northeast,Pennsylvania,Outdoor Footwear, Online,82.92,9.0,746.28
102722,07/06/2023,Kohl's,West,Arizona,Men's Athletic Footwear,In-store,21.8,40.0,872.0
104329,2024-11-21,Amazon,West,Arizona,Accessories,Online,38.89,67.0,2605.63
105242,02 Jan 2024,Foot Locker,West,Oregon,Outdoor Footwear,online,78.91,37.0,2919.67
104190,31/12/2022,  Sports Direct ,Northeast,New Jersey,Outdoor Footwear,Outlet,87.84,13.0,
107417,03/10/2023,  J.D. Sports ,Northeast,Massachusetts,Women's Apparel,In-store,73.14,1.0,73.14
102875,2023-03-31,KOHL'S,Southeast,Florida,Kids' Footwear,Outlet,73.32,57.0,4179.24
101528,06 Aug 2024,Kohl's,Midwest,Ohio,Women's Athletic Footwear,In-store,36.76,24.0,882.24
101385,05 Dec 2022,Adidas Online Store,SOUTH,Texas,Outdoor Footwear,Online,39.56,12.0,474.72
107260,10-07-2024,Sports Direct,Southeast,Georgia,Men's Street Footwear,ONLINE,56.01,27.0,1512.27
105006,25 Jan 2022,Foot Locker,Southeast,,Women's Street Footwear,Outlet,44.8,13.0,582.4
108019,06/05/2024,Sports Direct,Southeast,Virginia,Kids' Footwear,Outlet,70.3,60.0,4218.0
102721,18/11/2022,Adidas Online Store,Southeast,Virginia,Men's Street Footwear,Online,44.29,14.0,620.06
107715,04/10/2024,Sports Direct,SOUTH,Louisiana,Accessories,Outlet,56.83,,2216.37
105822,08/01/2024,Sports Direct,Northeast,New Jersey,Kids' Apparel,Outlet,50.73,59.0,2993.07
104993,17/03/2024,Sports Direct,West,Oregon,Kids' Apparel,Outlet,75.02,42.0,3150.84
107416,27 Feb 2022,Sports Direct,Southeast,North Carolina,Men's Street Footwear,In-store,40.35,57.0,2299.95
107952,18/12/2024,West Gear,Northeast,Pennsylvania,Men's Street Footwear,In-store,41.55,28.0,1163.4
105040,24 May 2022,  Sports Direct ,South,Louisiana,Accessories,Outlet,41.15,55.0,2263.25
107351,17/04/2023,Sports Direct,Midwest,,Men's Apparel,ONLINE,46.63,20.0,932.6
103319,08/21/2023,Sports Direct,West,California,Kids' Apparel, Outlet,8.96,41.0,367.36
102575,16-03-2024,Sports Direct,WEST,Arizona,Men's Athletic Footwear,Online,86.01,1.0,86.01
106935,2023-07-14,Kohl's,West,Arizona,Women's Apparel,outlet,35.63,59.0,2102.17
104078,18-11-2023,Foot Locker,Southeast,Virginia,Women's Street Footwear,online,77.22,63.0,4864.86
103386,03/11/2024,Amazon,SOUTH,Tennessee,Kids' Apparel,Online,37.52,41.0,1538.32
102256,02/02/2024,J.D. Sports,Midwest,Ohio,Outdoor Footwear,Outlet,30.54,22.0,671.88
104319,30 Jun 2024,WEST GEAR,Midwest,,Kids' Footwear,In-store,,62.0,3437.28
104590,2024-07-05,Amazon,MIDWEST,Illinois,Kids' Footwear,Outlet,38.76,13.0,503.88
108230,11-08-2024,Amazon,South,Oklahoma,Outdoor Footwear,Outlet,40.35,36.0,1452.6
101095,28 Jan 2022,WALMART,Northeast,New York,Kids' Footwear,In-store,35.51,25.0,887.75
102703,02/22/2024,  Sports Direct ,South,Tennessee,Kids' Footwear,online,47.56,34.0,1617.04
109542,03/06/2023,Kohl's,Northeast,New York,Men's Apparel,In-store,51.6,15.0,774.0
107203,20 Aug 2023,West Gear,Northeast,Pennsylvania,Kids' Footwear,Online,9.85,47.0,462.95
104360,04/25/2022,Walmart,Midwest,Ohio,Kids' Apparel,in-store,18.15,12.0,217.8
105441,2024-03-12,Sports Direct,Northeast,Massachusetts,Kids' Apparel,Outlet,43.77,24.0,1050.48
103932,23/08/2023,J.D. Sports,Midwest,Illinois,Men's Street Footwear,In-store,82.46,57.0,4700.22
107813,13-11-2024,Foot Locker,Southeast,Florida,Accessories,outlet,51.7,3.0,155.1
100410,2024-02-12,Sports Direct,Southeast,North Carolina,Kids' Footwear,Online,71.27,32.0,2280.64
105118,05/15/2024,Kohl's,South,Texas,Women's Athletic Footwear,Online,88.79,12.0,1065.48
107412,12-10-2024,West Gear,Midwest,Wisconsin,Men's Athletic Footwear, Online,78.04,3.0,234.12
103776,20/04/2023,Walmart,Midwest,Illinois,Accessories,Outlet,57.98,33.0,1913.34
104607,08/16/2022,walmart,SOUTH,Texas,Men's Athletic Footwear,In-store,54.33,20.0,1086.6
105048,11 Jun 2023,  Adidas Online Store ,Southeast,,Accessories,online,71.06,19.0,1350.14
109208,2023-03-09,Amazon,Midwest,Ohio,Men's Street Footwear,in-store,58.25,45.0,2621.25
106691,28 Feb 2022,Adidas Online Store,Southeast,Georgia,Accessories,,22.46,17.0,381.82
104504,12/07/2023,  Walmart ,Southeast,Florida,Mens Apparel,OUTLET,27.5,82.0,2255.0
107484,2022-01-23,Kohl's,Midwest,Illinois,Men's Street Footwear, In-store,45.51,3.0,136.53
105558,12 Jan 2023,Sports Direct,West,Washington,Men's Athletic Footwear,Online,52.94,27.0,1429.38
106616,2023-08-26,Foot Locker,Midwest,Illinois,Accessories,In-store,77.96,65.0,5067.4
104005,07/17/2024,West Gear,Southeast,Virginia,Men's Athletic Footwear,Outlet,86.19,18.0,1551.42
104365,2022-06-20,West Gear,South,Louisiana,Kids' Apparel,online,78.98,61.0,4817.78
100981,13/09/2022,Sports Direct,Southeast,,Women's Street Footwear,IN-STORE,50.61,53.0,2682.33
106430,04 Dec 2024,Kohl's,West,Oregon,Men's Apparel,In-store,91.32,53.0,4839.96
104191,14 Apr 2022,J.D. Sports,WEST,Oregon,Men's Street Footwear,In-store,89.13,,
102026,29-09-2024,Walmart,Midwest,Wisconsin,Kids' Footwear,Online,45.61,45.0,2052.45
105743,25/05/2022,Amazon,Northeast,Massachusetts,Kids' Apparel,IN-STORE,40.34,,1169.86
100400,05/17/2022,Foot Locker,Midwest,Illinois,Women's Street Footwear,Online,46.78,51.0,2385.78
102491,17-09-2024,  J.D. Sports ,West,Arizona,Kids' Apparel,Online,66.5,15.0,997.5
103104,2023-08-09,Amazon,Midwest,Illinois,Women's Athletic Footwear,Outlet,53.78,26.0,1398.28
100220,01/01/2022,J.D. Sports,South,Tennessee,Women's Athletic Footwear,,61.27,27.0,1654.29
108186,11/20/2024,J.D. Sports,SOUTH,Oklahoma,Kids' Footwear,Online,63.22,47.0,4457.01
103332,2023-03-12,Adidas Online Store,Midwest,Ohio,Outdoor Footwear,Online,59.13,44.0,2601.72
106428,10/01/2024,Adidas Online Store,West,Washington,Accessories,Online,61.32,1.0,61.32
109291,18-02-2022,Sports Direct,Midwest,Wisconsin,Women's Athletic Footwear,OUTLET,45.26,1.0,45.26
104028,10-03-2023,Walmart,West,California,Outdoor Footwear,Online,93.59,56.0,5241.04
104766,24 Feb 2022,WEST GEAR,Midwest,Michigan,Kids' Footwear,In-store,54.41,-55.0,2992.55
109003,27/06/2022,West Gear,Northeast,Pennsylvania,Women's Street Footwear,Online,71.08,56.0,3980.48
105074,12 Jan 2023,J.D. Sports,Northeast,Pennsylvania,Kids' Apparel,Online,75.25,3.0,225.75
106476,2022-07-20,Foot Locker,Southeast,North Carolina,Outdoor Footwear,Online,34.15,55.0,1878.25
104739,07/25/2022,  J.D. Sports ,NORTHEAST,Pennsylvania,Women's Athletic Footwear,outlet,61.52,47.0,2891.44
104795,2022-03-13,Amazon,Southeast,Florida,Outdoor Footwear,Outlet,110.86,60.0,6651.6
109590,09-03-2022,Kohl's,Northeast,New Jersey,Kids' Footwear,Outlet,59.96,10.0,599.6
103390,07/29/2022,Kohl's,West,Arizona,Outdoor Footwear,In-store,43.2,29.0,1252.8
104743,12/12/2023,Foot Locker,Northeast,New York,Outdoor Footwear, In-store,54.91,46.0,2525.86
102676,19 Feb 2024,J.D. Sports,Southeast,Georgia,Men's Street Footwear,In-store,42.17,49.0,2066.33
105479,11/17/2022,Adidas Online Store,Midwest,Illinois,Men's Athletic Footwear,In-store,46.0,42.0,1932.0
108281,03-11-2023,Walmart,Northeast,Pennsylvania,Outdoor Footwear,Outlet,,,1494.4
105326,01/23/2022,Kohl's,Midwest,Michigan,Women's Athletic Footwear,Online,47.14,36.0,1697.04
107893,2024-10-08,West Gear,SOUTH,Texas,Women's Street Footwear,Online,66.34,46.0,3051.64
105549,07-08-2023,Adidas Online Store,Southeast,North Carolina,Women's Athletic Footwear,Outlet,43.18,10.0,431.8
105604,31-01-2023,Adidas Online Store,West,Oregon,Women's Athletic Footwear,Online,55.31,34.0,
102813,20/05/2022,  Adidas Online Store ,Southeast,Virginia,Women's Apparel,Outlet,71.52,41.0,2932.32
106448,14-09-2023,West Gear,South,Louisiana,Men's Street Footwear,Outlet,88.48,39.0,3450.72
101544,2023-02-15,Adidas Online Store,Midwest,Ohio,Outdoor Footwear,In-store,63.84,44.0,2808.96
107394,01 Jul 2022,Kohl's,Southeast,Florida,Women's Apparel,Outlet,40.63,12.0,
101856,02/14/2023,Walmart,West,Washington,Men's Street Footwear,Outlet,60.5,28.0,1694.0
106732,01/03/2022,amazon,Midwest,Ohio,Men's Street Footwear,in-store,35.2,18.0,633.6
100306,12 Oct 2022,West Gear,Northeast,Pennsylvania,Men's Street Footwear,Outlet,,57.0,3393.78
106431,04/25/2022,Adidas Online Store,Northeast,Pennsylvania,Kids' Apparel,outlet,43.15,25.0,1078.75
100952,2024-02-11,Sports Direct,Midwest,Illinois,Women's Apparel,Online,49.33,44.0,2170.52
108807,2022-03-08,Sports Direct,Northeast,Pennsylvania,Outdoor Footwear,Online,,35.0,732.9
101406,01/24/2023,Sports Direct,Northeast,Massachusetts,Outdoor Footwear,Online,74.6,31.0,2312.6
107100,13 Nov 2024,Walmart,South,Tennessee,Kids' Apparel,Outlet,58.74,12.0,704.88
105864,06/03/2023,  Amazon ,South,Tennessee,Men's Street Footwear,Online,39.22,25.0,980.5
107810,20-12-2023,Kohl's,Southeast,North Carolina,Men's Street Footwear,Outlet,35.79,56.0,
109191,01/27/2023,Walmart,West,Arizona,Women's Athletic Footwear,Outlet,45.52,32.0,1456.64
100300,29-01-2023,J.D. Sports,Midwest,Ohio,Men's Athletic Footwear,Outlet,93.09,29.0,2699.61
103950,02/08/2024,j.d. sports,Southeast,Virginia,Outdoor Footwear,Outlet,65.21,14.0,912.94
109646,10/27/2023,J.D. Sports,South,Tennessee,Kids' Apparel,Outlet,46.4,1.0,46.4
109284,28-03-2023,Amazon,West,California,Kids' Apparel,Online,63.82,27.0,1723.14
103357,08 Mar 2023,Walmart,South,Tennessee,Accessories,Online,62.06,27.0,1675.62
108519,18/03/2022,West Gear,South,Tennessee,Outdoor Footwear,Outlet,40.25,48.0,1932.0
109654,16-11-2024,Sports Direct,Southeast,Virginia,Outdoor Footwear,Online,56.75,24.0,1362.0
105537,28-04-2023,Kohl's,Midwest,Illinois,Kids' Apparel,Online,83.91,11.0,923.01
109708,2023-03-03,Amazon,West,Washington,Men's Apparel,Outlet,72.4,54.0,3909.6
107137,12/11/2024,Foot Locker,SOUTH,Louisiana,Women's Apparel,In-store,82.07,13.0,1066.91
103988,30/12/2024,Amazon,Midwest,Wisconsin,Women's Street Footwear,Online,60.28,7.0,421.96
103495,09/20/2024,J.D. Sports,Midwest,Michigan,Women's Apparel,Outlet,43.17,20.0,
106818,20 Apr 2023,Foot Locker,Northeast,,Accessories,In-store,56.57,42.0,2375.94
105990,14-10-2024,West Gear,Midwest,Michigan,Women's Athletic Footwear,In-store,51.2,68.0,
102140,2023-12-02,Adidas Online Store,Midwest,,Accessories,Online,29.36,33.0,968.88
105943,2022-07-25,Kohl's,Southeast,Virginia,Outdoor Footwear,Online,68.94,24.0,1654.56
107744,29-04-2024,Adidas Online Store,Midwest,Michigan,Men's Street Footwear, Outlet,28.83,2.0,57.66
109224,2024-06-18,Walmart,Southeast,North Carolina,Accessories,Outlet,51.72,20.0,1034.4
105216,16/03/2024,  Kohl's ,West,Oregon,Kids' Apparel,IN-STORE,,33.0,1986.93
109069,03 Oct 2023,AMAZON,West,Washington,Men's Athletic Footwear,Outlet,39.89,36.0,1436.04
108752,2023-05-24,WEST GEAR,West,California,Women's Apparel,Outlet,46.28,40.0,1851.2
108552,2023-05-10,Amazon,Midwest,Wisconsin,Outdoor Footwear,online,54.42,26.0,1414.92
100063,2024-01-20,Walmart,West,Washington,Women's Apparel, In-store,53.48,,2674.0
100666,22-04-2024,Kohl's,Northeast,New York,Men's Street Footwear,,81.23,64.0,5198.72
105798,12 May 2023,SPORTS DIRECT,South,Oklahoma,Men's Street Footwear,Outlet,17.68,23.0,406.64
109466,2023-02-26,Walmart,West,Oregon,Accessories,Outlet,75.28,7.0,526.96
106964,11-05-2024,Walmart,Southeast,,Kids' Footwear,Online,102.59,37.0,3795.83
102222,09/09/2024,Amazon,Northeast,New Jersey,Men's Street Footwear,Outlet,35.81,59.0,3169.185
106129,05/22/2022,Kohl's,MIDWEST,Michigan,Men's Apparel,outlet,58.39,20.0,1167.8
108887,26/12/2023,West Gear,Southeast,Florida,Women's Athletic Footwear,Outlet,90.67,3.0,272.01
108673,29 Jan 2022,west gear,Southeast,Florida,Kids' Apparel,Outlet,53.36,10.0,533.6
107254,14/08/2022,Adidas Online Store,West,,Outdoor Footwear,In-store,40.79,32.0,1305.28
105124,06/14/2023,Sports Direct,Southeast,Georgia,Accessories,Outlet,63.78,23.0,1466.94
101401,05/15/2023,J.D. Sports,West,Washington,Men's Street Footwear,outlet,37.24,1.0,37.24
104585,26 Oct 2024,Walmart,South,Texas,Women's Apparel,Online,45.8,55.0,2519.0
105520,06 Jan 2023,Sports Direct,West,,Kids' Footwear,Outlet,52.64,33.0,1737.12
102276,2023-01-16,Adidas Online Store,Southeast,Georgia,Kids' Footwear,Online,49.29,43.0,2119.47
101678,25-02-2023,Foot Locker,West,Washington,Outdoor Footwear,Outlet,27.7,24.0,664.8
100091,09/30/2022,West Gear,South,Oklahoma,Men's Street Footwear,In-store,45.43,42.0,1908.06
104049,11 Oct 2022,Kohl's,Southeast,North Carolina,Men's Apparel,Outlet,68.02,62.0,4217.24
103476,02/08/2023,Kohl's,Southeast,Virginia,Women's Street Footwear,Online,19.13,26.0,497.38
101851,28 Oct 2024,Amazon,South,Oklahoma,Women's Apparel,Outlet,43.64,21.0,916.44
101065,09/23/2023,Foot Locker,South,Texas,Men's Apparel, In-store,60.32,1.0,60.32
101250,12-06-2022,Kohl's,Midwest,Illinois,Kids' Apparel,In-store,72.82,50.0,3641.0
103884,10 Dec 2024,AMAZON,South,Tennessee,Outdoor Footwear,In-store,48.71,28.0,1363.88
100507,10-07-2022,Kohl's,SOUTH,Oklahoma,Outdoor Footwear,Outlet,58.14,10.0,581.4
102890,10/09/2022,Walmart,Midwest,Michigan,Women's Apparel, Online,43.88,21.0,921.48
106589,2024-02-03,Walmart,South,Texas,Men's Street Footwear,In-store,26.92,8.0,215.36
104300,12/04/2024,J.D. Sports,West,California,Men's Street Footwear,Outlet,44.04,24.0,1056.96
107595,01/04/2024,West Gear,West,Arizona,Women's Apparel,In-store,54.62,12.0,655.44
107066,11/24/2022,West Gear,South,Tennessee,Men's Apparel, Online,52.21,41.0,2140.61
103752,06/04/2023,Adidas Online Store,Midwest,Wisconsin,Men's Athletic Footwear,In-store,58.33,30.0,
102415,2023-11-28,kohl's,West,California,Men's Athletic Footwear,In-store,,22.0,754.6
104915,10/02/2022,Foot Locker,Northeast,New Jersey,Women's Street Footwear,In-store,61.43,35.0,2150.05
108513,28 Aug 2024,Walmart,Northeast,New Jersey,Outdoor Footwear,In-store,60.26,34.0,2048.84
102109,22-09-2024,Amazon,Southeast,Georgia,Kids' Apparel,Online,65.35,19.0,1241.65
104664,25 Dec 2023,Amazon,Midwest,Michigan,Women's Apparel,In-store,73.78,11.0,811.58
102617,25-10-2022,West Gear,Southeast,Florida,Kids' Footwear,Outlet,57.04,11.0,627.44
101323,10/12/2022,Sports Direct,West,California,Women's Athletic Footwear,IN-STORE,42.48,53.0,2251.44
106789,2022-08-14,J.D. Sports,Northeast,New Jersey,Accessories,In-store,53.02,12.0,636.24
101691,07/14/2023,Foot Locker,South,Oklahoma,Kids' Footwear,In-store,21.9,6.0,131.4
107519,02/08/2023,Amazon,West,Oregon,Women's Street Footwear,Online,31.63,44.0,1391.72
101009,06/24/2024,Walmart,NORTHEAST,Massachusetts,Accessories, Online,67.68,72.0,4872.96
102736,16/01/2023,Adidas Online Store,Northeast,Pennsylvania,Accessories,outlet,76.21,15.0,1143.15
102100,10/15/2022,Walmart,Southeast,North Carolina,Men's Athletic Footwear,In-store,57.01,24.0,1368.24
108097,2024-10-25,Kohl's,West,Washington,Men's Apparel,In-store,31.18,43.0,1340.74
104269,05/31/2023,Walmart,South,Texas,Men's Athletic Footwear,Online,48.45,32.0,2325.6000000000004
107622,20/07/2024,Foot Locker,South,Texas,Kids' Footwear,Online,90.24,53.0,4782.72
103165,2022-04-13,West Gear,West,Arizona,Men's Athletic Footwear,outlet,82.28,21.0,1727.88
106366,19/09/2023,Sports Direct,Midwest,Wisconsin,Kids' Footwear,Outlet,88.37,50.0,4418.5
102271,08/31/2022,Sports Direct,Southeast,Georgia,Accessories,In-store,,45.0,2961.45
100686,2024-01-15,  Foot Locker ,Midwest,Wisconsin,Kids' Apparel,Outlet,35.06,39.0,1367.34
106198,2022-06-25,WEST GEAR,Midwest,Michigan,Women's Athletic Footwear,In-store,58.79,37.0,
104800,26 Jun 2024,Amazon,Northeast,New York,Kids' Footwear,In-store,67.77,1.0,67.77
107074,24-07-2023,Sports Direct,South,Tennessee,Women's Athletic Footwear,Online,44.84,47.0,2107.48
100202,18/07/2023,Amazon,Northeast,Massachusetts,Womens Street Footwear,Outlet,26.37,43.0,1133.91
104512,24 Jun 2024,  J.D. Sports ,West,Washington,Kids' Apparel,Outlet,,,848.65
105182,23/04/2022,Sports Direct,Northeast,Massachusetts,Kids' Footwear,Online,,13.0,882.31
105936,2024-10-08,Walmart,NORTHEAST,Massachusetts,Kids' Footwear,Outlet,27.61,66.0,1822.26
100552,2024-09-05,Kohl's,South,Louisiana,Outdoor Footwear,Outlet,50.61,1.0,50.61
108161,20 Feb 2022,Kohl's,Midwest,Illinois,Outdoor Footwear,Online,69.6,32.0,2227.2
106596,01/05/2023,Adidas Online Store,Southeast,Virginia,Outdoor Footwear,Outlet,72.65,22.0,1598.3
106092,28/09/2023,Foot Locker,Midwest,Ohio,Men's Athletic Footwear,Online,76.54,17.0,1301.18
106278,07-03-2024,Amazon,Northeast,Pennsylvania,Outdoor Footwear,outlet,57.09,48.0,2740.32
107411,18 Jan 2024,Kohl's,South,Oklahoma,Kids' Footwear,Outlet,44.19,33.0,1458.27
107091,2022-10-24,Walmart,Northeast,New Jersey,Mens Street Footwear,In-store,68.28,,1433.88
105425,08/04/2022,foot locker,South,Tennessee,Kids' Apparel,In-store,,37.0,838.42
106919,02 May 2024,Sports Direct,SOUTHEAST,Georgia,Mens Athletic Footwear,Online,18.92,24.0,454.08
103685,20-11-2024,J.D. Sports,West,California,Men's Athletic Footwear, Online,36.79,,551.85
104213,24 Oct 2022,Amazon,Southeast,North Carolina,Women's Athletic Footwear,Online,0.0,37.0,845.82
106777,30-10-2023,Amazon,Northeast,New Jersey,Women's Athletic Footwear,In-store,21.04,26.0,547.04
109624,2022-04-06,SPORTS DIRECT,Northeast,New Jersey,Women's Athletic Footwear,Online,43.9,29.0,1273.1
105232,24 Oct 2023,Foot Locker,Southeast,Virginia,Men's Athletic Footwear,In-store,33.95,25.0,848.75
107789,13 Oct 2024,Amazon,Southeast,Florida,Men's Street Footwear,Online,32.37,57.0,1845.09
105141,30 Oct 2024,Kohl's,Southeast,Georgia,Women's Street Footwear,Online,38.16,33.0,1259.28
100567,04/17/2022,J.D. Sports,Southeast,North Carolina,Women's Athletic Footwear,Online,44.93,40.0,1797.2
108401,09/02/2023,West Gear,Midwest,Ohio,Outdoor Footwear,Online,,42.0,2107.56
101763,30 Jul 2023,Foot Locker,West,Washington,Women's Apparel,Online,72.08,38.0,2739.04
104844,25 Dec 2024,J.D. Sports,Southeast,Florida,Accessories,IN-STORE,53.89,33.0,1778.37
102632,10-02-2023,Adidas Online Store,Southeast,Georgia,Kids' Apparel,Outlet,53.89,48.0,2586.72
103045,06/01/2024,Walmart,Southeast,North Carolina,Men's Street Footwear,In-store,69.41,49.0,
108305,07/19/2022,West Gear,Northeast,Massachusetts,Women's Street Footwear,In-store,67.01,51.0,3417.51
100519,24-09-2024,Foot Locker,West,California,Women's Apparel,In-store,63.51,13.0,825.63
107956,13-10-2022,Adidas Online Store,WEST,Washington,Accessories,Online,47.34,55.0,2603.7
108807,2022-03-08,Sports Direct,Northeast,Pennsylvania,Outdoor Footwear,Online,,35.0,732.9
106184,01/03/2023,  Kohl's ,Southeast,Virginia,Women's Apparel,In-store,77.11,40.0,3084.4
108465,05/11/2023,SPORTS DIRECT,SOUTHEAST,Virginia,Kids' Footwear,Online,87.94,1.0,87.94
100576,10/30/2022,sports direct,West,California,Women's Athletic Footwear,Online,60.27,32.0,1928.64
100956,02-12-2022,Amazon,NORTHEAST,New Jersey,Womens Apparel,In-store,20.05,35.0,701.75
100349,09/06/2022,FOOT LOCKER,West,Washington,Women's Street Footwear,in-store,60.37,3.0,181.11
103281,2023-08-01,Amazon,South,Oklahoma,Accessories,Outlet,77.66,48.0,3727.68
102170,16/01/2022,Amazon,West,California,Women's Athletic Footwear,In-store,75.89,20.0,1517.8
105276,18/01/2024,  Adidas Online Store ,West,Arizona,Outdoor Footwear,In-store,57.63,17.0,979.71
101550,2024-05-24,J.D. Sports,Southeast,Virginia,Outdoor Footwear,in-store,80.86,13.0,1051.18
107555,15 Dec 2024,Sports Direct,South,Louisiana,Outdoor Footwear,Outlet,,49.0,4853.94
104803,02/17/2022,J.D. Sports,NORTHEAST,New Jersey,Men's Apparel,outlet,52.42,37.0,1939.54
102693,07-06-2023,Sports Direct,South,Oklahoma,Outdoor Footwear,Outlet,89.88,35.0,3145.8
100018,23-05-2023,Kohl's,West,California,Men's Apparel,In-store,13.71,21.0,287.91
107725,15 Jun 2022,Kohl's,Midwest,Wisconsin,Kids' Apparel,In-store,44.25,21.0,929.25
108980,18 Dec 2024,amazon,West,Washington,Women's Apparel,IN-STORE,75.16,79.0,5937.64
100927,23 Mar 2022,Sports Direct,Southeast,Florida,Kids' Footwear,In-store,78.38,17.0,1332.46
105059,08-07-2022,j.d. sports,Midwest,Ohio,Women's Street Footwear,Online,63.99,16.0,1023.84
101469,30-12-2023,Adidas Online Store,South,Oklahoma,Kids' Apparel,In-store,53.98,1.0,53.98
101387,12/10/2023,Walmart,SOUTHEAST,North Carolina,Kids' Footwear,In-store,38.75,48.0,1860.0
109080,14-10-2022,sports direct,South,Tennessee,Men's Street Footwear,Outlet,65.72,46.0,
102706,06/17/2024,Sports Direct,Northeast,New Jersey,Kids' Apparel,OUTLET,8.0,11.0,88.0
106393,03/24/2022,Foot Locker,WEST,California,Women's Athletic Footwear,Outlet,66.84,76.0,5079.84
102517,09/02/2022,J.D. Sports,Southeast,Georgia,Men's Street Footwear,In-store,17.26,65.0,1121.9
109540,14-11-2023,Sports Direct,Northeast,Massachusetts,Men's Athletic Footwear,Outlet,103.83,17.0,1765.11
108885,28 Aug 2022,Walmart,West,California,Accessories,Online,74.49,12.0,893.88
105793,11-03-2022,Walmart,Northeast,New York,Women's Apparel,Online,,47.0,2592.99
109384,14 Apr 2024,Sports Direct,Southeast,North Carolina,Women's Athletic Footwear,Outlet,51.02,31.0,1581.62
101768,04/24/2024,Foot Locker,SOUTH,Oklahoma,Outdoor Footwear,In-store,53.49,46.0,2460.54
101339,09-08-2023,J.D. SPORTS,South,Oklahoma,Kids' Apparel,Outlet,57.09,57.0,3254.13
103322,02-04-2022,Sports Direct,MIDWEST,Wisconsin,Women's Athletic Footwear,OUTLET,49.02,32.0,1568.64
108329,03/02/2022,Sports Direct,Northeast,New York,Kids' Footwear,Online,84.75,81.0,6864.75
106599,2024-06-03,West Gear,South,Louisiana,Kids' Footwear,In-store,38.91,1.0,38.91
103676,06/07/2023,Walmart,Southeast,Florida,Kids' Apparel,Outlet,23.07,50.0,1153.5
103149,13/06/2023,Adidas Online Store,Southeast,North Carolina,Kids' Footwear,in-store,71.9,31.0,2228.9
108569,18 Feb 2023,West Gear,Midwest,Illinois,Women's Apparel,outlet,59.69,63.0,3760.47
100257,12/15/2023,Walmart,Southeast,Georgia,Outdoor Footwear,Online,29.36,1.0,29.36
103083,02 Aug 2022,Adidas Online Store,West,California,Kids' Footwear,Outlet,54.09,11.0,594.99
106395,03/10/2024,Foot Locker,Southeast,Florida,Accessories,Online,46.9,47.0,2204.3
107664,18 Sep 2023,West Gear,Midwest,Ohio,Women's Street Footwear,In-store,70.14,7.0,490.98
101151,09/11/2024,J.D. Sports,Northeast,New York,Men's Street Footwear,In-store,56.19,28.0,1573.32
106992,24/02/2024,Kohl's,SOUTHEAST,Virginia,Kids' Apparel,In-store,63.93,74.0,4730.82
107215,17/09/2024,Kohl's,WEST,Oregon,Womens Athletic Footwear,outlet,69.52,37.0,2572.24
105731,12 Feb 2024,Kohl's,South,,Men's Apparel,Online,58.94,67.0,3948.98
102782,26 Aug 2022,J.D. Sports,SOUTHEAST,,Women's Street Footwear,In-store,63.7,36.0,2293.2
107966,08/04/2024,Walmart,Southeast,Florida,Kids' Footwear,Outlet,60.78,45.0,2735.1
105391,2024-04-30,West Gear,Midwest,Illinois,Outdoor Footwear,Outlet,17.88,51.0,911.88
106485,2024-11-02,adidas online store,Midwest,Michigan,Accessories,In-store,42.38,18.0,
104922,17-03-2024,Sports Direct,Northeast,Massachusetts,Men's Apparel,Online,50.68,30.0,1520.4
101050,30/04/2022,J.D. Sports,Southeast,Georgia,Women's Street Footwear,Outlet,56.27,38.0,2138.26
102220,24 Mar 2023,Amazon,SOUTHEAST,Virginia,Kids' Footwear,Outlet,20.05,3.0,60.15
100180,10/02/2023,Amazon,West,Oregon,Kids' Footwear,In-store,51.0,,969.0
100854,09-10-2023,Walmart,Southeast,Virginia,Men's Apparel,Outlet,52.47,55.0,2885.85
101855,02-02-2023,Kohl's,Northeast,Massachusetts,Men's Athletic Footwear,Online,61.71,74.0,4566.54
100945,10/01/2022,Foot Locker,South,Tennessee,Men's Athletic Footwear,Online,63.82,50.0,3191.0
104297,04-05-2023,West Gear,Southeast,North Carolina,Women's Athletic Footwear,outlet,34.2,36.0,1231.2
106583,24-07-2024,West Gear,South,Louisiana,Men's Street Footwear, Online,52.75,67.0,5301.375
105209,14/04/2022,J.D. Sports,Midwest,Michigan,Kids' Apparel,Online,42.5,17.0,722.5
103925,07/16/2022,J.D. Sports,Northeast,New York,Men's Street Footwear,In-store,70.25,6.0,421.5
100761,2023-08-24,Foot Locker,SOUTHEAST,Virginia,Women's Street Footwear,Online,33.44,29.0,969.76
107172,30-12-2023,West Gear,Northeast,Pennsylvania,Kids' Footwear,In-store,62.17,,2673.31
103624,10/25/2022,Kohl's,SOUTH,Oklahoma,Accessories,In-store,85.64,43.0,3682.52
105949,2023-02-11,Walmart,Northeast,Massachusetts,Accessories,Online,63.67,38.0,2419.46
106969,10-08-2023,  Sports Direct ,South,Texas,Kids' Footwear,Online,72.4,19.0,1375.6
109423,11/11/2024,Amazon,West,Arizona,Men's Apparel,,82.76,19.0,1572.44
105347,24/12/2022,Foot Locker,South,Oklahoma,Women's Street Footwear,Outlet,58.91,62.0,3652.42
105557,2024-06-05,Kohl's,Midwest,Illinois,Men's Athletic Footwear,In-store,42.56,56.0,2383.36
103812,21/08/2023,Walmart,West,California,Women's Athletic Footwear,Outlet,60.16,22.0,1323.52
109580,09/09/2022,Adidas Online Store,South,Tennessee,Women's Athletic Footwear,In-store,76.83,39.0,2996.37
107592,29/01/2024,Sports Direct,Northeast,New Jersey,Kids' Apparel,,46.57,71.0,3306.47
101772,2023-08-20,Walmart,Northeast,Massachusetts,Accessories,In-store,65.8,29.0,1908.2
108251,07-07-2022,West Gear,Midwest,Michigan,Women's Street Footwear,outlet,77.95,1.0,77.95
100877,2022-01-26,AMAZON,West,Arizona,Mens Athletic Footwear, In-store,52.18,8.0,417.44
106215,2022-01-28,Kohl's,West,Oregon,Women's Athletic Footwear,Outlet,86.6,26.0,2251.6
100591,18/12/2024,Kohl's,South,Tennessee,Women's Street Footwear,In-store,55.61,43.0,2391.23
102418,06/17/2022,Kohl's,Northeast,Pennsylvania,Men's Street Footwear,Online,61.01,33.0,2013.33
109678,2024-04-23,FOOT LOCKER,Southeast,Virginia,Men's Street Footwear,Online,42.75,30.0,1282.5
108583,05/08/2024,amazon,South,Tennessee,Women's Athletic Footwear,OUTLET,51.36,13.0,667.68
107885,2024-04-30,Foot Locker,Midwest,Michigan,Women's Street Footwear,In-store,21.84,26.0,567.84
107229,17/12/2022,Walmart,West,Arizona,Outdoor Footwear,In-store,62.06,34.0,2110.04
105746,03/07/2024,Walmart,Midwest,Michigan,Women's Street Footwear,ONLINE,40.21,57.0,2291.97
108529,10/02/2022,West Gear,Midwest,Illinois,Accessories,Online,35.04,38.0,1331.52
108252,13/12/2024,Adidas Online Store,West,Oregon,Outdoor Footwear,Online,66.4,15.0,996.0
100802,25-04-2023,Foot Locker,Northeast,Pennsylvania,Accessories, Online,60.31,43.0,2593.33
109329,06/22/2022,kohl's,Northeast,New York,Accessories,Online,69.65,29.0,2019.85
107723,24/04/2023,Foot Locker,West,Washington,Accessories,Outlet,50.47,44.0,2220.68
102463,20 May 2022,Adidas Online Store,Midwest,Wisconsin,Women's Athletic Footwear,,66.63,21.0,2098.8450000000003
107866,27-02-2022,Amazon,Midwest,Illinois,Women's Street Footwear,ONLINE,51.7,59.0,
100226,20 Jun 2023,Sports Direct,Northeast,Pennsylvania,Women's Athletic Footwear,In-store,42.98,15.0,967.0500000000001
100554,01 Sep 2024,Sports Direct,South,Louisiana,Men's Apparel,In-store,56.04,32.0,1793.28
109011,22-08-2022,J.D. Sports,South,Louisiana,Women's Athletic Footwear,In-store,19.95,18.0,538.6500000000001
106344,30 Nov 2023,  Amazon ,Northeast,Massachusetts,Men's Athletic Footwear,Online,72.61,1.0,72.61
108285,29/11/2023,  Sports Direct ,Southeast,Georgia,Men's Athletic Footwear,Outlet,86.34,,3539.94
100262,08/30/2023,Adidas Online Store,Northeast,Pennsylvania,Women's Athletic Footwear, Online,40.05,19.0,
102504,13 Oct 2023,Kohl's,South,Tennessee,Men's Apparel,In-store,96.88,35.0,3390.8
108505,24/02/2023,  Foot Locker ,Midwest,Michigan,Men's Apparel,OUTLET,61.75,30.0,1852.5
103121,2024-06-24,Adidas Online Store,South,Oklahoma,Men's Apparel,In-store,25.44,33.0,839.52
109473,2024-01-30,Amazon,West,Washington,Men's Athletic Footwear,In-store,56.55,21.0,1187.55
102364,31-07-2022,Amazon,Midwest,Michigan,Women's Athletic Footwear,Online,60.78,59.0,3586.02
106629,23-07-2023,Walmart,West,Washington,Men's Apparel,Online,29.77,40.0,1190.8
107982,04/06/2024,Walmart,West,Oregon,Men's Athletic Footwear,Outlet,85.42,44.0,3758.48
103444,07 May 2022,Amazon,Northeast,Pennsylvania,Outdoor Footwear,Online,50.26,42.0,2110.92
104198,03/12/2024,Sports Direct,Midwest,Michigan,Accessories,Online,49.08,28.0,1374.24
105635,18/06/2024,Sports Direct,Southeast,Florida,Kids' Footwear,Outlet,53.86,50.0,2693.0
106693,27/11/2024,adidas online store,Southeast,North Carolina,Outdoor Footwear,Outlet,41.46,70.0,2902.2
101820,22/03/2022,West Gear,Southeast,Virginia,Women's Apparel,Online,48.48,26.0,1260.48
109536,11/02/2023,J.D. Sports,South,Texas,Kids' Footwear,outlet,38.94,33.0,1285.02
105887,22 Jan 2022,J.D. Sports,West,Washington,Kids' Apparel,Outlet,25.04,51.0,1277.04
108865,10/04/2022,J.D. Sports,Midwest,Michigan,Outdoor Footwear,Online,91.05,33.0,3004.65
103176,2024-03-24,West Gear,WEST,Oregon,Kids' Apparel,OUTLET,58.02,23.0,1334.46
105994,24-10-2023,Sports Direct,Southeast,North Carolina,Men's Apparel,Online,28.31,33.0,934.23
102308,23/08/2022,Sports Direct,West,Arizona,Men's Street Footwear,Outlet,65.31,41.0,2677.71
107314,09-11-2023,J.D. Sports,Midwest,Wisconsin,Kids' Footwear,ONLINE,68.63,74.0,5078.62
107772,01 Jan 2024,West Gear,Southeast,Georgia,Women's Athletic Footwear,Outlet,60.03,7.0,630.3149999999999
107209,15-03-2022,Walmart,Midwest,Ohio,Womens Street Footwear,Outlet,38.72,62.0,2400.64
103855,19 Aug 2023,Sports Direct,Midwest,Wisconsin,Outdoor Footwear,Online,84.93,39.0,3312.27
107550,12/06/2022,Foot Locker,Midwest,Wisconsin,Women's Athletic Footwear,Outlet,56.34,35.0,1971.9
107762,30-04-2023,Kohl's,Northeast,Massachusetts,Accessories,In-store,73.02,22.0,1606.44
102288,07 Mar 2024,West Gear,West,Arizona,Women's Athletic Footwear,Online,26.54,50.0,1327.0
108962,09/23/2023,Kohl's,Midwest,Wisconsin,Men's Apparel,Online,30.1,26.0,782.6
106778,26/06/2023,AMAZON,Southeast,Florida,Men's Athletic Footwear,Outlet,70.12,65.0,4557.8
103539,10-02-2022,West Gear,Northeast,Pennsylvania,Men's Athletic Footwear,Outlet,60.87,42.0,2556.54
105394,21/04/2024,Foot Locker,NORTHEAST,New Jersey,Women's Apparel,In-store,57.72,55.0,3174.6
109242,25/03/2023,J.D. Sports,Southeast,Virginia,Outdoor Footwear,Online,67.31,21.0,2120.265
106812,12 Jul 2023,WALMART,West,California,Accessories,Online,30.83,3.0,92.49
100446,26/09/2022,Kohl's,Midwest,Wisconsin,Women's Athletic Footwear,Outlet,47.42,21.0,995.82
102453,16/09/2023,SPORTS DIRECT,West,  Washington  ,Men's Apparel,Online,72.52,19.0,1377.88
109535,21/10/2024,Sports Direct,Northeast,Massachusetts,Men's Athletic Footwear,Outlet,45.63,31.0,1414.53
105071,2022-03-07,West Gear,Northeast,New Jersey,Men's Athletic Footwear,Outlet,53.02,43.0,2279.86
109308,2023-05-20,Kohl's,West,Arizona,Men's Street Footwear,Outlet,63.4,27.0,1711.8
107167,2024-09-01,Walmart,South,Tennessee,Kids' Apparel,In-store,8.0,47.0,376.0
102834,15 Jul 2024,Walmart,South,Texas,Women's Street Footwear,Online,37.12,48.0,1781.76
101442,2024-11-14,Kohl's,MIDWEST,Ohio,Women's Street Footwear,Online,39.93,41.0,1637.13
102659,20/01/2023,Kohl's,MIDWEST,Ohio,Kids' Footwear,In-store,38.73,17.0,658.41
104882,01/05/2022,Walmart,Southeast,Virginia,Men's Athletic Footwear,Outlet,61.16,29.0,1773.64
102880,07/14/2023,Foot Locker,West,California,Men's Athletic Footwear,Online,86.83,31.0,2691.73
100844,2022-10-16,Walmart,SOUTHEAST,North Carolina,Accessories,Outlet,84.97,19.0,1614.43
106257,09/04/2022,Adidas Online Store,Southeast,Georgia,Women's Athletic Footwear,IN-STORE,38.87,28.0,1088.36
105623,10/09/2022,Kohl's,Midwest,Illinois,Men's Street Footwear,Outlet,68.73,3.0,206.19
105843,10 Jun 2024,Adidas Online Store,South,Texas,Men's Athletic Footwear,Online,56.62,54.0,3057.48
104911,04-06-2022,Adidas Online Store,Northeast,New Jersey,Kids' Apparel,Outlet,43.47,31.0,1347.57
102714,2022-03-27,West Gear,West,Washington,Men's Street Footwear,Online,66.99,,2411.64
102800,16-02-2023,Amazon,West,California,Women's Athletic Footwear,In-store,36.22,31.0,1122.82
106381,14/04/2024,Foot Locker,Midwest,Michigan,Men's Apparel,In-store,84.85,55.0,4666.75
107304,17 Jul 2023,Sports Direct,Southeast,North Carolina,Men's Athletic Footwear,Online,66.4,27.0,
103863,06-10-2024,  J.D. Sports ,Midwest,Michigan,Women's Athletic Footwear, Outlet,83.2,20.0,1664.0
109136,07/05/2023,J.D. Sports,Southeast,Florida,Kids' Apparel,In-store,44.8,,1209.6
108829,09/08/2023,Foot Locker,West,California,Women's Athletic Footwear,online,62.1,49.0,3042.9
102840,2023-09-27,Amazon,WEST,,Men's Street Footwear,,66.63,19.0,1265.97
103972,05-06-2024,Sports Direct,South,Louisiana,Men's Athletic Footwear,Outlet,72.36,32.0,2315.52
107453,04/26/2022,West Gear,West,Washington,Women's Apparel,Online,72.16,51.0,3680.16
102646,28-01-2023,Amazon,Southeast,North Carolina,Kids' Footwear,In-store,51.87,28.0,1452.36
104570,2023-02-13,J.D. Sports,West,Washington,Women's Street Footwear,In-store,60.33,8.0,482.64
106199,04/26/2023,West Gear,Midwest,Ohio,Accessories,Online,52.21,57.0,2975.97
108110,10-03-2024,Amazon,South,Oklahoma,Men's Street Footwear,In-store,46.62,48.0,2237.76
100319,02-12-2022,Sports Direct,West,Washington,Men's Athletic Footwear,Outlet,43.6,7.0,305.2
105514,06 Apr 2024,  Foot Locker ,West,California,Women's Street Footwear,Online,77.06,24.0,1849.44
106146,26/08/2022,Amazon,Southeast,Florida,Women's Street Footwear,OUTLET,73.57,46.0,
109434,2024-12-04,Walmart,WEST,Arizona,Kids' Footwear,In-store,69.84,,1257.12
107498,11-02-2022,Foot Locker,MIDWEST,Michigan,Women's Athletic Footwear,Online,62.34,1.0,62.34
102095,19/07/2022,West Gear,Northeast,New York,Men's Athletic Footwear,Online,15.78,31.0,489.18
103599,01/05/2022,Kohl's,Southeast,Florida,Men's Apparel,In-store,40.16,26.0,1044.16
107175,2024-12-25,J.D. Sports,Midwest,Wisconsin,Men's Athletic Footwear,Outlet,51.59,13.0,670.67
103245,16/04/2024,  West Gear ,Northeast,Massachusetts,Outdoor Footwear,Outlet,57.92,46.0,2664.32
108855,10-01-2022,Amazon,Northeast,Massachusetts,Women's Street Footwear,In-store,68.62,58.0,3979.96
106314,21-09-2024,J.D. Sports,Midwest,Wisconsin,Women's Apparel,In-store,67.41,27.0,1820.07
105795,28 Feb 2024,Amazon,Midwest,Illinois,Outdoor Footwear,Online,69.57,34.0,2365.38
104200,18 Jul 2023,Adidas Online Store,Northeast,New Jersey,Men's Apparel,Outlet,40.31,1.0,40.31
106891,07/07/2022,Kohl's,Northeast,New York,Outdoor Footwear,In-store,40.22,57.0,2292.54
103549,13/03/2024,Amazon,Midwest,Michigan,Kids' Apparel,Online,29.8,35.0,1043.0
102945,11/23/2024,Kohl's,Northeast,New Jersey,Outdoor Footwear,In-store,34.95,41.0,1432.95
106410,11-08-2024,Kohl's,Southeast,North Carolina,Women's Apparel,ONLINE,48.04,7.0,336.28
104108,02/22/2024,Walmart,South,Louisiana,Kids' Footwear,Online,63.25,31.0,1960.75
107737,2024-03-15,  Sports Direct ,Midwest,Illinois,Accessories,Outlet,41.58,26.0,1081.08
102320,01/11/2022,Foot Locker,Midwest,Wisconsin,Women's Apparel,Outlet,64.47,28.0,1805.16
101049,2023-06-14,J.D. Sports,SOUTHEAST,Georgia,Women's Apparel,Outlet,33.54,55.0,1844.7
106597,2023-02-16,  Amazon ,Southeast,Florida,Men's Street Footwear,In-store,44.16,43.0,1898.88
104316,14/01/2023,  J.D. Sports ,Midwest,Wisconsin,Women's Apparel,Online,54.53,21.0,1145.13
102399,28 Jan 2022,  Adidas Online Store ,Southeast,Georgia,Kids' Apparel,In-store,58.64,1.0,58.64
107512,2023-12-27,ADIDAS ONLINE STORE,Midwest,Wisconsin,Kids' Apparel,Outlet,22.16,45.0,997.2
104730,12-12-2024,J.D. Sports,Northeast,New York,Women's Apparel,Online,39.68,25.0,992.0
106861,19/09/2022,West Gear,WEST,Oregon,Men's Athletic Footwear,Outlet,64.86,46.0,2983.56
105644,20-07-2024,J.D. Sports,West,California,Kids' Apparel,Online,87.78,47.0,4125.66
100768,2023-03-10,WEST GEAR,Midwest,Illinois,Kids' Apparel,In-store,24.59,56.0,1377.04
106954,27/11/2023,J.D. Sports,South,Tennessee,Men's Athletic Footwear,OUTLET,71.78,78.0,5598.84
109339,05 Jul 2024,Amazon,Northeast,Pennsylvania,Men's Apparel,Outlet,31.83,52.0,1655.16
101788,26/02/2023,West Gear,West,Arizona,Outdoor Footwear,Outlet,101.11,35.0,3538.85
103175,03 Jun 2022,Kohl's,Southeast,Florida,Women's Apparel,outlet,91.21,31.0,2827.51
102202,2023-09-03,  Kohl's ,Northeast,Pennsylvania,Men's Street Footwear,Outlet,51.84,56.0,2903.04
105015,24 Jun 2022,Walmart,Midwest,Wisconsin,Kids' Footwear,Outlet,36.72,15.0,550.8
106543,01 Nov 2023,Foot Locker,South,Oklahoma,Women's Apparel,OUTLET,61.15,47.0,2874.05
103896,07/24/2023,kohl's,Midwest,Wisconsin,Kids' Apparel,Outlet,70.97,57.0,4045.29
108942,28 Aug 2024,Adidas Online Store,West,Arizona,Kids' Apparel,,60.12,61.0,3667.32
100802,25-04-2023,Foot Locker,Northeast,Pennsylvania,Accessories, Online,60.31,43.0,2593.33
104451,29-01-2022,J.D. Sports,Northeast,Pennsylvania,Men's Apparel,Outlet,27.14,33.0,895.62
108012,14-09-2023,Kohl's,South,,Kids' Apparel,Outlet,45.2,27.0,1220.4
106259,02/18/2022,Amazon,Northeast,New York,Women's Street Footwear,Outlet,53.92,41.0,2210.72
109712,30-12-2024,Kohl's,Northeast,New York,Accessories,Outlet,80.08,1.0,80.08
101001,2022-05-18,J.D. Sports,Midwest,Illinois,Women's Street Footwear,In-store,53.49,45.0,2407.05
105622,06-05-2022,Walmart,South,Louisiana,Men's Street Footwear,Online,75.27,38.0,2860.26
106806,04/07/2022,  West Gear ,Northeast,Pennsylvania,Women's Apparel,Outlet,69.34,64.0,4437.76
104332,24/07/2022,Sports Direct,Midwest,Illinois,Men's Athletic Footwear,Outlet,63.52,55.0,3493.6
103572,2022-02-02,Walmart,Midwest,Illinois,Women's Street Footwear,Online,61.84,95.0,5874.8
101213,23/11/2022,Sports Direct,SOUTHEAST,North Carolina,Kids' Apparel,In-store,85.02,25.0,2125.5
108540,06/13/2023,Kohl's,Northeast,Massachusetts,Women's Apparel,Outlet,39.71,4.0,158.84
107468,27/01/2022,Amazon,West,Washington,Kids' Footwear,Online,41.63,36.0,1498.68
105153,18/01/2023,AMAZON,West,Oregon,Women's Street Footwear,In-store,,15.0,1347.0
105083,21 Mar 2022,J.D. Sports,South,Texas,Men's Apparel,Outlet,33.66,10.0,336.6
106524,08/31/2023,  Adidas Online Store ,West,Oregon,Women's Apparel,Online,59.8,13.0,777.4
103563,2023-02-10,Kohl's,Southeast,North Carolina,Women's Street Footwear,Outlet,0.0,45.0,2956.05
106328,09 Jul 2024,West Gear,Southeast,Florida,Men's Street Footwear,In-store,60.97,38.0,2316.86
104639,08/12/2024,Sports Direct,West,Oregon,Kids' Footwear, In-store,48.73,33.0,1608.09
103228,01-04-2022,J.D. SPORTS,Midwest,Illinois,Women's Apparel,Online,40.71,53.0,2157.63
102500,03/10/2022,Foot Locker,SOUTHEAST,Georgia,Men's Athletic Footwear, Outlet,72.69,18.0,1308.42
107086,2023-06-23,West Gear,Southeast,Georgia,Accessories,Online,28.48,35.0,996.8
105802,27/06/2023,Walmart,Northeast,,Women's Street Footwear,Outlet,52.68,48.0,2528.64
106545,25/09/2024,Kohl's,Midwest,Ohio,Men's Street Footwear,In-store,68.16,49.0,3339.84
102084,05/18/2024,Walmart,MIDWEST,Michigan,Women's Apparel,In-store,52.41,29.0,1519.89
101950,2023-05-17,Sports Direct,Southeast,Virginia,Men's Apparel,Outlet,49.73,1.0,49.73
105126,2022-09-08,West Gear,West,California,Women's Apparel,In-store,71.62,11.0,787.82
102193,15-06-2023,Amazon,South,Louisiana,Outdoor Footwear,Online,51.87,48.0,2489.76
101867,06/08/2022,West Gear,Southeast,Virginia,Men's Street Footwear,Outlet,59.68,1.0,
107884,10/24/2023,Adidas Online Store,Midwest,Ohio,Men's Apparel,Online,66.54,26.0,1730.04
105414,2023-09-14,J.D. Sports,Southeast,Florida,Men's Street Footwear,OUTLET,19.86,40.0,794.4
100801,20/11/2024,Sports Direct,WEST,Oregon,Accessories,In-store,57.91,42.0,2432.22
101094,2024-11-07,J.D. Sports,South,Oklahoma,Outdoor Footwear,In-store,39.6,7.0,277.2
109552,18/04/2024,West Gear,South,Louisiana,Men's Athletic Footwear,Online,66.27,61.0,4042.47
100078,11/02/2023,Kohl's,South,,Women's Athletic Footwear,Outlet,76.84,69.0,5301.96
103068,18 Jun 2024,  Adidas Online Store ,West,Arizona,Men's Apparel,In-store,38.46,5.0,192.3
108270,2024-07-21,  J.D. Sports ,South,Louisiana,Men's Athletic Footwear,Outlet,60.4,23.0,1389.2
107621,2022-08-27,J.D. Sports,SOUTHEAST,North Carolina,Women's Athletic Footwear,Online,53.09,30.0,1592.7
101800,13-12-2022,Kohl's,Northeast,Massachusetts,Accessories,In-store,65.2,54.0,3520.8
102508,05/30/2024,Amazon,Northeast,Massachusetts,Men's Street Footwear,Outlet,64.62,31.0,2003.22
103956,10/23/2024,Foot Locker,MIDWEST,Illinois,Accessories,In-store,55.84,-39.0,2177.76
103321,21/05/2023,Amazon,Southeast,Georgia,Men's Apparel,,40.1,51.0,2045.1
105741,2022-02-05,Adidas Online Store,Northeast,New Jersey,Accessories,In-store,33.33,18.0,599.94
100804,27-07-2024,Sports Direct,Northeast,Massachusetts,Women's Athletic Footwear,In-store,113.59,57.0,6474.63
100194,16/06/2024,Walmart,West,Arizona,Kids' Apparel,ONLINE,53.61,31.0,1661.91
103277,2023-04-26,Foot Locker,South,Oklahoma,Accessories, Online,9.1,60.0,546.0
101247,2023-10-13,West Gear,Midwest,Ohio,Women's Athletic Footwear,Online,111.08,15.0,1666.2
106723,2023-09-13,Kohl's,SOUTHEAST,Florida,Outdoor Footwear,In-store,71.41,65.0,4641.65
104891,12-08-2023,Kohl's,Northeast,,Kids' Apparel,In-store,56.32,1.0,56.32
105289,26/08/2022,West Gear,Midwest,Ohio,Outdoor Footwear,Outlet,67.69,8.0,541.52
103017,01 Jun 2022,West Gear,Midwest,Wisconsin,Accessories,OUTLET,38.31,20.0,766.2
103168,2023-04-29,Adidas Online Store,Southeast,Virginia,Women's Street Footwear,In-store,83.61,42.0,3511.62
106361,10/18/2022,West Gear,Northeast,Massachusetts,Accessories, Online,35.65,22.0,784.3
108740,19 Dec 2024,Adidas Online Store,South,Tennessee,Men's Apparel,In-store,29.02,21.0,609.42
102481,13-01-2023,Walmart,West,Washington,Men's Athletic Footwear,In-store,36.64,21.0,769.44
104721,22 Sep 2022,Amazon,West,Arizona,Kids' Footwear,Outlet,60.71,49.0,2974.79
109644,2023-07-08,Sports Direct,Southeast,North Carolina,Men's Athletic Footwear,In-store,30.08,53.0,1594.24
108935,02 Aug 2023,Sports Direct,South,Louisiana,Women's Street Footwear,Outlet,48.24,44.0,2122.56
100208,01/26/2024,Walmart,Midwest,Wisconsin,Men's Apparel,outlet,52.37,51.0,2670.87
100531,18-05-2023,Walmart,Northeast,  Massachusetts  ,Women's Apparel,Online,,49.0,2459.8
100086,22/10/2022,West Gear,Southeast,Florida,Men's Apparel,In-store,38.66,38.0,1469.08
109245,04/02/2023,West Gear,Northeast,New Jersey,Men's Athletic Footwear,In-store,93.2,41.0,3821.2
103589,24-09-2023,Foot Locker,Midwest,Wisconsin,Women's Street Footwear,Outlet,45.55,29.0,1320.95
106651,12/28/2022,Sports Direct,Midwest,Illinois,Women's Athletic Footwear,In-store,43.49,61.0,2652.89
100169,05 Nov 2024,Adidas Online Store,Midwest,Illinois,Men's Apparel, In-store,62.81,6.0,376.86
107337,13 Feb 2023,Walmart,West,Oregon,Outdoor Footwear,Online,18.01,11.0,297.165
102411,2023-06-01,Walmart,SOUTHEAST,North Carolina,Men's Street Footwear,Online,82.65,27.0,2231.55
107360,28-08-2024,kohl's,West,Oregon,Men's Athletic Footwear,Outlet,57.19,53.0,3031.07
106266,11/10/2024,Sports Direct,Southeast,Georgia,Kids' Apparel,In-store,25.32,56.0,1417.92
107312,06 Feb 2023,Walmart,Southeast,North Carolina,Women's Street Footwear,Online,79.96,25.0,1999.0
101511,04 Oct 2022,  Sports Direct ,Northeast,Massachusetts,Women's Street Footwear,Outlet,69.37,64.0,4439.68
108223,2024-11-08,West Gear,Midwest,  Wisconsin  ,Kids' Footwear,In-store,62.84,30.0,1885.2
100102,05-07-2023,West Gear,Midwest,Wisconsin,Accessories,Outlet,26.17,8.0,209.36
104273,2022-10-03,WALMART,South,Oklahoma,Kids' Apparel,Online,62.02,16.0,992.32
109566,14/11/2024,Amazon,Southeast,North Carolina,Women's Street Footwear,OUTLET,38.35,47.0,1802.45
100888,14-01-2024,kohl's,Southeast,Georgia,Women's Apparel,Online,61.11,13.0,794.43
107358,12/20/2023,Adidas Online Store,West,Oregon,Men's Street Footwear,Outlet,30.85,10.0,308.5
104018,21-12-2024,Adidas Online Store,Northeast,Massachusetts,Women's Apparel,In-store,37.23,46.0,1712.58
107051,16 Oct 2023,Adidas Online Store,Midwest,Illinois,Women's Street Footwear,Outlet,75.32,30.0,2259.6
100299,2024-11-03,Walmart,West,Arizona,Accessories,Outlet,66.33,41.0,2719.53
109037,01/28/2024,Adidas Online Store,South,Oklahoma,Women's Apparel,In-store,39.81,59.0,2348.79
103002,12/29/2024,j.d. sports,Northeast,Pennsylvania,Men's Apparel,In-store,39.59,22.0,870.98
100313,25/08/2024,Kohl's,Northeast,New York,Men's Athletic Footwear,In-store,66.18,48.0,3176.64
103554,2022-06-01,West Gear,Northeast,Massachusetts,Women's Apparel,Online,50.37,21.0,1057.77
108900,24-11-2024,Sports Direct,Northeast,Massachusetts,Men's Street Footwear,Online,66.14,50.0,3307.0
104904,26 Feb 2022,J.D. Sports,Southeast,Georgia,Women's Street Footwear,Outlet,53.72,21.0,1128.12
109323,06/05/2024,Adidas Online Store,South,Texas,Women's Apparel,Outlet,47.87,52.0,2489.24
108040,05/30/2024,Kohl's,Southeast,North Carolina,Kids' Footwear,Outlet,47.57,47.0,2235.79
107612,22/07/2023,  Adidas Online Store ,West,Oregon,Kids' Apparel,Outlet,48.31,17.0,821.27
105595,01/02/2024,Sports Direct,West,California,Women's Street Footwear,In-store,80.37,32.0,2571.84
104172,03 Nov 2023,Sports Direct,Southeast,Georgia,Men's Street Footwear,Outlet,,33.0,1633.83
108128,02/15/2024,  Adidas Online Store ,Northeast,,Kids' Footwear,Outlet,21.62,1.0,21.62
100121,06 Jul 2022,Sports Direct,Southeast,Florida,Women's Apparel, Online,52.34,1.0,52.34
101295,25-05-2023,J.D. Sports,Northeast,Massachusetts,Women's Apparel,Online,77.84,48.0,3736.32
104867,07/16/2022,  Foot Locker ,West,Washington,Men's Athletic Footwear,Outlet,61.6,34.0,2094.4
101119,12 Oct 2024,West Gear,Midwest,Michigan,Men's Athletic Footwear,Online,67.26,63.0,4237.38
100876,24/12/2023,Walmart,Midwest,Michigan,Men's Apparel,Outlet,81.72,-1.0,81.72
104902,23-05-2022,West Gear,South,Tennessee,Women's Athletic Footwear,Online,44.47,18.0,800.46
109733,2022-10-22,kohl's,MIDWEST,Illinois,Men's Street Footwear,Online,90.3,38.0,3431.4
109463,17-09-2022,J.D. Sports,Northeast,New Jersey,Kids' Apparel,Outlet,77.3,62.0,4792.6
108362,05-05-2022,J.D. SPORTS,Southeast,Florida,Women's Athletic Footwear,OUTLET,44.23,12.0,530.76
100175,20 Mar 2022,Foot Locker,Midwest,Ohio,Women's Athletic Footwear,Outlet,88.19,20.0,1763.8
101579,12 Nov 2024,J.D. Sports,Southeast,North Carolina,Men's Athletic Footwear,Outlet,75.29,45.0,3388.05
103540,09 Dec 2023,Foot Locker,Southeast,Georgia,Men's Street Footwear,Outlet,51.85,28.0,1451.8
104492,23 Aug 2022,J.D. Sports,MIDWEST,Ohio,Women's Apparel,In-store,47.45,40.0,1898.0
107700,03/12/2023,West Gear,Southeast,Georgia,Women's Apparel,Outlet,74.52,38.0,2831.76
103573,16 Feb 2023,Walmart,Southeast,North Carolina,Women's Street Footwear, In-store,54.86,12.0,658.32
107577,2024-07-17,Adidas Online Store,West,Arizona,Kids' Apparel,In-store,72.11,37.0,2668.07
106828,2022-01-17,Sports Direct,South,Texas,Kids' Footwear,In-store,53.1,62.0,3292.2
105807,2024-10-08,Kohl's,Southeast,Virginia,Women's Street Footwear,Online,40.75,78.0,3178.5
102908,15 Aug 2022,Foot Locker,West,California,Men's Athletic Footwear,Outlet,75.19,70.0,5263.3
101089,07 Apr 2023,J.D. Sports,Midwest,,Kids' Apparel,In-store,49.0,26.0,1274.0
105594,05/02/2022,  Kohl's ,NORTHEAST,New York,Kids' Footwear,Outlet,20.9,33.0,689.7
108559,10 Sep 2022,Kohl's,South,Tennessee,Outdoor Footwear,Outlet,76.89,73.0,5612.97
103170,29-10-2024,SPORTS DIRECT,Southeast,Florida,Men's Athletic Footwear,Online,17.64,,635.04
104087,14-02-2023,West Gear,West,Oregon,Kids' Apparel,Online,70.74,22.0,1556.28
109632,26 Aug 2023,Sports Direct,West,California,Kids' Footwear,Online,64.46,39.0,2513.94
102374,11/20/2022,KOHL'S,Northeast,New Jersey,Women's Apparel,In-store,54.74,1.0,54.74
102612,08/24/2023,Kohl's,South,Texas,Men's Athletic Footwear, In-store,46.16,62.0,2861.92
109481,02-07-2022,  Foot Locker ,South,,Kids' Footwear,Online,88.36,37.0,3269.32
104654,12/04/2023,J.D. Sports,West,Washington,Kids' Footwear,Outlet,81.01,65.0,5265.65
102494,22/03/2023,West Gear,MIDWEST,Michigan,Accessories,In-store,49.47,33.0,1632.51
101545,31/10/2024,SPORTS DIRECT,South,Texas,Women's Street Footwear,Online,63.7,51.0,3248.7
105722,30 Oct 2022,West Gear,Northeast,Massachusetts,Women's Street Footwear,In-store,33.24,44.0,1462.56
104115,2024-12-19,Kohl's,Midwest,Michigan,Kids' Footwear,Online,67.26,62.0,4170.12
105845,2022-06-25,J.D. Sports,Midwest,Wisconsin,Men's Apparel,Online,67.19,53.0,3561.07
104622,08/25/2024,Kohl's,South,Tennessee,Men's Athletic Footwear,Online,67.2,39.0,2620.8
103915,14 May 2022,J.D. Sports,Southeast,North Carolina,Outdoor Footwear,In-store,44.67,44.0,1965.48
100497,01/09/2023,Foot Locker,West,California,Women's Apparel,Online,79.99,68.0,5439.32
109221,2024-09-10,Walmart,Northeast,New Jersey,Men's Apparel,,24.07,42.0,1010.94
102049,16-03-2023,  Kohl's ,Southeast,Florida,Kids' Apparel,Online,8.0,39.0,312.0
105806,2024-07-14,Sports Direct,Southeast,Virginia,Women's Street Footwear,Online,8.0,19.0,152.0
107780,01/11/2022,Amazon,SOUTH,Tennessee,Men's Apparel,ONLINE,,11.0,376.86
105847,29-04-2022,West Gear,Northeast,New York,Women's Apparel,IN-STORE,71.57,1.0,71.57
105250,12/11/2023,Foot Locker,Southeast,Georgia,Men's Street Footwear,Online,61.62,64.0,3943.68
106042,14/10/2022,Foot Locker,Southeast,Florida,Women's Athletic Footwear,Outlet,51.54,,2216.22
106511,2024-06-27,  Kohl's ,WEST,Washington,Men's Street Footwear,Online,42.6,39.0,1661.4
106403,19/05/2024,FOOT LOCKER,Northeast,Pennsylvania,Women's Street Footwear,Online,19.5,47.0,916.5
106579,07-11-2023,Foot Locker,West,Arizona,Kids' Footwear,Outlet,10.33,27.0,278.91
107892,02/12/2023,Walmart,Northeast,Massachusetts,Kids' Apparel,Outlet,50.42,,1966.38
103139,17-01-2024,Amazon,Northeast,New York,Kids' Apparel,Online,41.07,8.0,328.56
104704,01/06/2023,Foot Locker,South,Texas,Accessories, Outlet,57.14,15.0,857.1
106978,2022-12-01,Foot Locker,South,Texas,Women's Street Footwear,In-store,,35.0,2403.45
104849,01-06-2024,West Gear,Northeast,Pennsylvania,Men's Athletic Footwear,Online,86.93,32.0,2781.76
104453,22 Jan 2022,West Gear,Northeast,Massachusetts,Women's Athletic Footwear,Online,35.4,26.0,920.4
102670,2023-05-27,Adidas Online Store,WEST,Arizona,Outdoor Footwear,Online,66.02,56.0,3697.12
108027,07 Feb 2022,J.D. Sports,South,Tennessee,Women's Apparel,In-store,47.05,8.0,376.4
105776,14 Jul 2023,Kohl's,MIDWEST,Michigan,Women's Apparel,online,,,392.0
105345,06 Jul 2024,  West Gear ,Midwest,Michigan,Accessories,Outlet,20.81,48.0,998.88
102756,17-11-2022,West Gear,Northeast,New York,Men's Street Footwear,Outlet,0.0,44.0,1705.88
103528,2022-01-29,Sports Direct,West,Washington,Outdoor Footwear,In-store,39.85,23.0,916.55
105278,16-08-2022,Amazon,South,,Kids' Apparel,In-store,27.44,10.0,274.4
108602,22 Jul 2024,Walmart,Midwest,Wisconsin,Men's Apparel,Online,61.36,28.0,1718.08
100250,26 Jun 2022,West Gear,Midwest,Michigan,Kids' Footwear, Outlet,29.27,40.0,1170.8
106899,10/07/2024,J.D. Sports,WEST,Oregon,Outdoor Footwear,,59.32,54.0,3203.28
105861,14-11-2024,Foot Locker,South,Oklahoma,Women's Athletic Footwear,Outlet,64.79,73.0,4729.67
102257,20/07/2024,Amazon,SOUTHEAST,North Carolina,Men's Street Footwear,In-store,83.41,72.0,6005.52
104084,31 Jan 2024,Walmart,West,Washington,Accessories,Outlet,60.06,46.0,2762.76
106322,23/04/2024,Kohl's,SOUTHEAST,Virginia,Kids' Apparel,Online,87.48,55.0,4811.4
101591,2023-06-25,J.D. Sports,Northeast,New Jersey,Women's Street Footwear,Outlet,47.76,7.0,334.32
107350,18/07/2022,West Gear,Southeast,North Carolina,Women's Street Footwear,Outlet,76.53,51.0,3903.03
109031,2023-02-15,Foot Locker,West,California,Accessories,Outlet,84.31,-27.0,2276.37
103871,02/10/2023,West Gear,NORTHEAST,New York,Outdoor Footwear,Online,,33.0,1719.63
109024,17-02-2023,J.D. Sports,Northeast,New Jersey,Kids' Footwear,,40.62,8.0,324.96
106716,27 Oct 2023,Kohl's,Midwest,Michigan,Men's Apparel,Outlet,63.09,38.0,2397.42
107499,08/06/2024,Amazon,South,Louisiana,Women's Street Footwear,Online,84.58,37.0,3129.46
101527,11 Jan 2023,Walmart,WEST,Washington,Women's Street Footwear,online,,36.0,1721.88
109626,23/04/2024,J.D. Sports,Midwest,Illinois,Women's Street Footwear,ONLINE,50.76,65.0,3299.4
101422,2024-10-15,J.D. Sports,West,Oregon,Men's Street Footwear,Outlet,53.03,5.0,
109611,05/09/2024,J.D. Sports,Southeast,Florida,Men's Athletic Footwear,Online,69.08,52.0,
106456,2024-08-28,Walmart,South,Tennessee,Men's Street Footwear,Online,37.38,,523.32
108676,13/05/2022,Amazon,South,Tennessee,Accessories,In-store,86.02,18.0,1548.36
100834,2024-01-27,Kohl's,South,Oklahoma,Outdoor Footwear,In-store,71.7,34.0,2437.8
109110,11/05/2023,Adidas Online Store,Northeast,Pennsylvania,Women's Apparel,Online,47.84,39.0,1865.76
107970,04/20/2023,Foot Locker,Midwest,Illinois,Women's Street Footwear,Online,51.85,29.0,1503.65
102442,2024-02-24,walmart,Northeast,Massachusetts,Women's Athletic Footwear,In-store,87.62,70.0,6133.4
100977,30 Oct 2022,WEST GEAR,Northeast,Pennsylvania,Men's Apparel,Online,53.28,27.0,1438.56
106095,06-12-2023,Walmart,Southeast,Florida,Outdoor Footwear,Online,45.05,24.0,
101665,04-01-2024,Kohl's,West,California,Accessories,Online,69.03,30.0,3106.3500000000004
105642,07/18/2023,Adidas Online Store,West,California,Kids' Footwear,In-store,53.54,41.0,2195.14
106414,2024-03-11,Adidas Online Store,Southeast,Florida,Men's Apparel,In-store,50.64,30.0,1519.2
107629,2023-10-18,Adidas Online Store,Southeast,Virginia,Accessories, Online,35.93,50.0,
106420,09 Apr 2023,Adidas Online Store,West,Arizona,Outdoor Footwear,Online,,61.0,3606.93
108913,12-08-2024,Sports Direct,Northeast,New Jersey,Women's Street Footwear,Online,42.0,47.0,1974.0
102476,2024-07-11,Sports Direct,Southeast,Georgia,Outdoor Footwear,Outlet,48.4,58.0,2807.2
102075,05/04/2022,Sports Direct,Northeast,Pennsylvania,Accessories,Online,18.52,24.0,444.48
105813,02/26/2024,Amazon,Southeast,North Carolina,Kids' Footwear,In-store,40.27,64.0,2577.28
100865,07 Aug 2022,Amazon,Northeast,New York,Women's Street Footwear,Online,53.53,59.0,3158.27
104335,07 Dec 2023,Foot Locker,Southeast,North Carolina,Kids' Footwear,IN-STORE,42.61,28.0,1193.08
106270,03/02/2024,West Gear,West,,Men's Street Footwear,Outlet,36.74,34.0,1873.7400000000002
102402,18/11/2023,Walmart,West,Washington,Kids' Apparel,Online,8.0,65.0,520.0
103660,02-05-2023,West Gear,South,Tennessee,Men's Street Footwear,ONLINE,47.13,20.0,942.6
106643,02-04-2024,Adidas Online Store,Northeast,Pennsylvania,Women's Athletic Footwear,ONLINE,84.51,32.0,2704.32
106692,26 Jan 2022,WEST GEAR,Midwest,Ohio,Women's Athletic Footwear, Online,47.53,36.0,1711.08
102029,22/06/2024,Walmart,Northeast,Massachusetts,Accessories,In-store,70.5,31.0,2185.5
104358,15/04/2023,Sports Direct,Northeast,Massachusetts,Men's Street Footwear,Outlet,76.43,63.0,4815.09
102233,10/13/2022,Adidas Online Store,Southeast,Florida,Men's Street Footwear,In-store,86.3,37.0,3193.1
107226,09/05/2023,J.D. Sports,West,Oregon,Men's Street Footwear,online,43.03,50.0,2151.5
100618,27-06-2022,AMAZON,Northeast,New Jersey,Accessories,OUTLET,56.7,72.0,
105708,29 Feb 2024,J.D. Sports,Northeast,Massachusetts,Men's Street Footwear,In-store,29.18,1.0,29.18
101098,28/10/2023,Foot Locker,Northeast,Massachusetts,Kids' Footwear,outlet,39.43,35.0,1380.05
104023,17/07/2022,J.D. Sports,Northeast,,Outdoor Footwear,Online,67.28,36.0,2422.08
105823,10/12/2024,Kohl's,West,,Kids' Apparel,Online,17.68,1.0,17.68
101577,11 Sep 2022,  Kohl's ,Northeast,New Jersey,Men's Apparel, In-store,62.01,40.0,2480.4
109062,04/08/2023,J.D. Sports,Northeast,Massachusetts,Outdoor Footwear,In-store,55.61,22.0,1223.42
102830,30/07/2022,Adidas Online Store,West,Arizona,Women's Street Footwear,Outlet,35.62,34.0,1211.08
102217,2024-12-22,Kohl's,South,Oklahoma,Women's Street Footwear,Online,81.59,33.0,2692.47
104826,23 Oct 2024,Adidas Online Store,West,Arizona,Men's Street Footwear,In-store,37.5,1.0,37.5
103146,24-01-2022,Kohl's,West,Washington,Men's Apparel, Online,53.1,41.0,2177.1
106737,2023-12-01,Amazon,Midwest,Michigan,Accessories,In-store,37.07,37.0,1371.59
104278,17/07/2023,Kohl's,South,Tennessee,Kids' Apparel,Online,36.93,42.0,1551.06
100995,2024-04-15,adidas online store,Northeast,New Jersey,Men's Athletic Footwear,In-store,74.91,3.0,224.73
105026,01 Oct 2022,Adidas Online Store,Northeast,New Jersey,Men's Apparel,Outlet,65.78,40.0,2631.2
109021,03 Jun 2023,Adidas Online Store,Southeast,Virginia,Kids' Apparel,Online,49.59,23.0,1140.57
103783,28/10/2023,Amazon,South,Texas,Men's Athletic Footwear,Outlet,73.33,48.0,3519.84
109305,29-07-2023,Adidas Online Store,West,Washington,Men's Athletic Footwear,Online,43.59,24.0,1046.16
106976,2024-12-04,J.D. Sports,West,California,Women's Street Footwear,In-store,79.65,4.0,318.6
104128,28/10/2024,J.D. Sports,SOUTH,Texas,Women's Apparel,Outlet,62.13,41.0,2547.33
105783,2023-02-18,Amazon,Northeast,Massachusetts,Women's Apparel,Outlet,51.22,12.0,614.64
101465,21-10-2023,Adidas Online Store,West,Arizona,Women's Street Footwear,In-store,59.98,25.0,1499.5
105347,27/07/2024,J.D. Sports,Northeast,Pennsylvania,Men's Street Footwear,Online,38.46,38.0,1461.48
102252,29 Aug 2022,Amazon,West,Washington,Women's Athletic Footwear,Online,27.69,23.0,636.87
104517,24 Feb 2022,  Sports Direct ,West,Arizona,Women's Apparel,In-store,69.0,48.0,3312.0
107880,14-09-2022,J.D. Sports,Southeast,Virginia,Women's Apparel,Online,66.87,38.0,2541.06
100771,07-12-2022,Sports Direct,West,California,Outdoor Footwear,Outlet,43.66,15.0,654.9
109690,24 Nov 2024,  Amazon ,Southeast,Virginia,Men's Apparel,Outlet,48.05,61.0,2931.05
102270,14-11-2023,Walmart,Northeast,Pennsylvania,Accessories,In-store,54.74,1.0,54.74
104127,27-05-2022,Sports Direct,Southeast,Florida,Women's Athletic Footwear, In-store,,41.0,2223.02
104196,30-10-2024,Foot Locker,South,Tennessee,Men's Athletic Footwear,Outlet,54.39,45.0,2447.55
107856,27-05-2024,Walmart,South,Oklahoma,Accessories,Outlet,67.32,38.0,2558.16
103934,01/01/2023,West Gear,Southeast,Florida,Kids' Apparel,In-store,72.53,73.0,5294.69
107123,08 Oct 2023,  J.D. Sports ,Northeast,Massachusetts,Men's Street Footwear,In-store,50.58,37.0,
105180,08/04/2023,Kohl's,Southeast,Florida,Women's Athletic Footwear,Online,,,82.24
103813,2022-04-11,  J.D. Sports ,South,Texas,Outdoor Footwear,IN-STORE,34.71,26.0,902.46
103138,06/11/2022,Walmart,West,Washington,Accessories,Online,70.2,68.0,4773.6
105885,06 Jul 2024,Amazon,West,Oregon,Womens Athletic Footwear,Outlet,65.09,20.0,1301.8
104952,04-11-2023,Sports Direct,Southeast,Florida,Kids' Apparel,Online,64.94,21.0,1363.74
102486,25-01-2023,Foot Locker,Northeast,New Jersey,Men's Apparel,In-store,62.63,36.0,2254.68
100621,27 Sep 2022,Amazon,West,Arizona,Men's Apparel,In-store,77.81,38.0,2956.78
106074,12-08-2024,West Gear,Midwest,Wisconsin,Women's Apparel,Outlet,69.85,15.0,1047.75
105424,08-12-2022,Amazon,West,Washington,Men's Athletic Footwear,Outlet,65.76,24.0,1578.24
105163,10 Aug 2024,West Gear,WEST,California,Kids' Apparel,Online,56.14,33.0,
105492,09/23/2023,Adidas Online Store,Southeast,Virginia,Men's Street Footwear,Online,43.73,34.0,1486.82
101808,2023-01-09,Kohl's,West,Arizona,Kids' Footwear,In-store,61.05,1.0,61.05
105064,15-06-2023,  Adidas Online Store ,Midwest,Illinois,Women's Street Footwear,Outlet,48.35,49.0,2369.15
101525,27/12/2023,J.D. Sports,MIDWEST,Ohio,Outdoor Footwear,Online,41.94,50.0,2097.0
104941,2024-10-23,Kohl's,Southeast,Georgia,Women's Athletic Footwear,Online,58.6,42.0,2461.2
101746,07-01-2024,J.D. Sports,NORTHEAST,Massachusetts,Men's Apparel,In-store,53.78,36.0,1936.08
105821,06/06/2024,Adidas Online Store,Northeast,New York,Kids' Footwear,Outlet,39.4,39.0,1536.6
106574,28/02/2022,J.D. Sports,Midwest,Ohio,Outdoor Footwear, In-store,113.16,31.0,3507.96
102876,2024-03-11,Walmart,Southeast,North Carolina,Kids' Apparel,In-store,43.86,50.0,2193.0
109060,29 Jan 2024,J.D. Sports,Southeast,Florida,Women's Apparel,In-store,60.78,64.0,3889.92
107114,15-01-2022,Walmart,Southeast,Virginia,Accessories,In-store,67.69,45.0,3046.05
107641,01/01/2024,west gear,Southeast,Florida,Kids' Footwear,In-store,67.49,7.0,472.43
106167,27-02-2024,Walmart,South,,Outdoor Footwear,outlet,43.39,15.0,650.85
104796,2022-12-04,Amazon,Midwest,Ohio,Men's Street Footwear,Outlet,25.71,40.0,1028.4
102058,15/04/2024,Walmart,West,Washington,Women's Street Footwear,online,36.69,12.0,440.28
105240,11 Sep 2023,Kohl's,South,Tennessee,Men's Athletic Footwear,outlet,45.48,40.0,1819.2
101223,06/26/2024,Amazon,Northeast,Massachusetts,Women's Street Footwear,Online,67.13,26.0,
105484,2023-03-02,Foot Locker,Midwest,Wisconsin,Men's Athletic Footwear,Online,52.57,44.0,2313.08
102836,11/19/2023,Sports Direct,West,Arizona,Women's Apparel,Outlet,57.91,,2374.31
105687,17-06-2022,  Amazon ,Southeast,Virginia,Accessories, Online,64.75,1.0,64.75
103757,01/05/2024,West Gear,Northeast,New York,Women's Apparel,Online,88.25,53.0,4677.25
102822,2024-11-18,Foot Locker,Midwest,Michigan,Men's Street Footwear,Online,62.24,49.0,3049.76
101006,01 Jun 2024,WEST GEAR,Northeast,New Jersey,Accessories,Online,20.14,27.0,543.78
109198,04 Sep 2024,J.D. Sports,West,Arizona,Accessories,In-store,25.83,31.0,800.73
107712,2022-05-13,Sports Direct,West,Arizona,Kids' Footwear,In-store,41.02,64.0,2625.28
104056,11/23/2024,Kohl's,Midwest,Wisconsin,Men's Athletic Footwear,Online,39.34,47.0,1848.98
101794,2024-12-17,J.D. Sports,West,Oregon,Accessories,In-store,57.6,27.0,1555.2
103943,12 Feb 2022,Sports Direct,Southeast,North Carolina,Accessories,Outlet,58.49,38.0,
100065,08/20/2022,Amazon,West,Oregon,Accessories,In-store,74.28,40.0,2971.2
106686,13 Feb 2023,Kohl's,West,  Arizona  ,Women's Athletic Footwear,Outlet,48.7,35.0,1704.5
100278,09/14/2022,Adidas Online Store,Southeast,North Carolina,Kids' Apparel,Outlet,32.4,47.0,1522.8
102325,2023-10-09,Sports Direct,South,Tennessee,Accessories,Outlet,75.54,,377.7
108821,08/04/2024,foot locker,Midwest,Wisconsin,Kids' Footwear,Outlet,49.89,66.0,3292.74
109420,18 Aug 2023,adidas online store,MIDWEST,Michigan,Kids' Footwear,In-store,50.78,9.0,457.02
106820,04-03-2024,Adidas Online Store,Midwest,Illinois,Men's Street Footwear,Online,41.98,91.0,3820.18
100637,14/11/2023,Sports Direct,Southeast,Virginia,Women's Street Footwear, Outlet,67.01,1.0,67.01
101936,2024-03-30,  Adidas Online Store ,West,Washington,Kids' Footwear,Outlet,43.85,49.0,2148.65
107020,24-03-2022,Walmart,South,Oklahoma,Men's Apparel, Outlet,47.7,39.0,1860.3
105679,14/10/2023,Foot Locker,South,Oklahoma,Accessories, Outlet,53.99,28.0,1511.72
102339,15/12/2024,Kohl's,Midwest,Illinois,Men's Apparel,In-store,94.54,,94.54
105205,09-05-2022,Walmart,South,Louisiana,Men's Athletic Footwear,In-store,62.52,23.0,1437.96
109671,14 Dec 2023,Foot Locker,West,Washington,Accessories,In-store,37.65,34.0,1280.1
102302,2023-03-07,Foot Locker,Midwest,Michigan,Kids' Apparel,Online,82.09,4.0,328.36
104662,03/09/2022,foot locker,Southeast,Georgia,Men's Athletic Footwear,Outlet,68.4,,2394.0
106802,14-09-2024,Foot Locker,Southeast,Georgia,Women's Apparel,Outlet,64.61,19.0,1841.3849999999998
102719,09/24/2024,  Walmart ,South,Tennessee,Kids' Footwear,Online,22.71,12.0,272.52
101719,2023-08-09,J.D. Sports,Midwest,Ohio,Kids' Footwear,Outlet,67.23,55.0,3697.65
109719,12 Nov 2024,Adidas Online Store,South,Louisiana,Women's Apparel,In-store,69.62,19.0,1322.78
104241,22-02-2022,Kohl's,South,Oklahoma,Men's Street Footwear,Online,44.4,44.0,1953.6
102380,17-09-2023,J.D. Sports,SOUTH,Tennessee,Men's Apparel,Online,83.92,30.0,2517.6
101885,07 Apr 2024,Amazon,West,Oregon,Outdoor Footwear,Online,49.47,77.0,3809.19
101775,22 Dec 2023,Adidas Online Store,Southeast,Virginia,Men's Street Footwear,In-store,54.55,31.0,1691.05
108944,06/13/2023,West Gear,West,California,Men's Apparel,Outlet,57.25,44.0,2519.0
108530,26-03-2022,J.D. Sports,South,Oklahoma,Outdoor Footwear,Outlet,72.45,28.0,2028.6
109358,17 Jul 2022,J.D. Sports,Midwest,Wisconsin,Women's Athletic Footwear,In-store,55.12,36.0,1984.32
101711,2022-07-10,Amazon,South,Oklahoma,Men's Athletic Footwear,In-store,88.75,42.0,3727.5
101738,07-09-2023,Foot Locker,Northeast,Massachusetts,Men's Athletic Footwear, Online,51.46,27.0,1389.42
102808,03 Jan 2023,Walmart,West,Washington,Men's Street Footwear,Online,78.7,37.0,2911.9
107492,31-12-2024,J.D. SPORTS,South,Oklahoma,Men's Apparel,In-store,76.45,,
107118,06-06-2024,West Gear,West,Washington,Women's Street Footwear,In-store,56.65,28.0,1586.2
105210,08/30/2022,Walmart,Midwest,Wisconsin,Men's Apparel,In-store,67.63,32.0,2164.16
106747,30 Oct 2022,J.D. Sports,Northeast,New Jersey,Outdoor Footwear,Online,43.62,20.0,872.4
109692,08/27/2022,West Gear,Northeast,New York,Men's Street Footwear,In-store,62.32,42.0,2617.44
104189,14/03/2022,Kohl's,WEST,Oregon,Women's Street Footwear,Outlet,61.71,14.0,863.94
100859,17/05/2022,  Adidas Online Store ,Northeast,New York,Kids' Footwear,Outlet,32.59,1.0,32.59
109330,03/31/2024,Sports Direct,South,Tennessee,Mens Athletic Footwear,In-store,68.01,25.0,
106614,2023-11-24,Foot Locker,Midwest,Michigan,Men's Athletic Footwear,In-store,78.16,37.0,2891.92
109455,12/21/2024,Foot Locker,South,,Men's Athletic Footwear,In-store,37.53,18.0,675.54
100225,08/10/2024,Adidas Online Store,West,California,Kids' Footwear,Online,76.2,1.0,76.2
104870,04-11-2022,Walmart,Southeast,Florida,Men's Athletic Footwear,Online,59.41,15.0,891.15
102918,2023-09-30,Adidas Online Store,South,Texas,Men's Street Footwear,Online,67.26,49.0,3295.74
105089,26/10/2022,West Gear,South,Oklahoma,Outdoor Footwear,Outlet,53.04,54.0,2864.16
106337,15-06-2024,  Amazon ,West,Oregon,Accessories,In-store,56.4,1.0,56.4
103124,21 Mar 2022,Amazon,South,Louisiana,Women's Athletic Footwear,In-store,64.16,25.0,1604.0
108623,2023-04-10,West Gear,WEST,Arizona,Accessories, Outlet,88.88,,3377.44
108999,02/27/2024,J.D. Sports,NORTHEAST,Massachusetts,Women's Apparel,Online,46.09,58.0,2673.22
105629,09/15/2022,Adidas Online Store,South,Tennessee,Women's Athletic Footwear,In-store,44.37,50.0,2218.5
103026,04/15/2023,Adidas Online Store,Northeast,Pennsylvania,Women's Athletic Footwear,outlet,57.07,46.0,2625.22
105895,06/02/2024,j.d. sports,South,Louisiana,Accessories,Outlet,50.42,68.0,3428.56
105662,22/01/2022,J.D. Sports,NORTHEAST,Massachusetts,Men's Street Footwear,In-store,59.91,28.0,1677.48
106213,03 Jun 2024,Adidas Online Store,South,Texas,Accessories, Outlet,78.52,34.0,2669.68
101409,04/09/2024,Amazon,Southeast,Virginia,Women's Athletic Footwear,Outlet,80.75,22.0,1776.5
102398,10-12-2022,SPORTS DIRECT,Northeast,Massachusetts,Men's Street Footwear,Outlet,63.76,-23.0,1466.48
100974,06 Jan 2023,Walmart,South,Tennessee,Outdoor Footwear,Online,71.27,53.0,3777.31
109142,01/27/2024,West Gear,Southeast,North Carolina,Men's Apparel,Outlet,59.47,70.0,4162.9
103394,27-11-2022,Kohl's,West,Oregon,Kids' Apparel,Outlet,79.75,7.0,558.25
106025,20-12-2022,West Gear,West,Washington,Outdoor Footwear,IN-STORE,64.47,50.0,3223.5
108834,29-09-2024,J.D. Sports,Southeast,Florida,Men's Athletic Footwear,Outlet,73.35,36.0,2640.6
109470,15/05/2022,West Gear,West,Oregon,Men's Street Footwear,In-store,48.71,34.0,1656.14
100416,22-10-2024,West Gear,South,Oklahoma,Kids' Footwear,Outlet,40.42,37.0,1495.54
104204,2023-08-30,J.D. Sports,Northeast,Pennsylvania,Accessories,In-store,43.35,76.0,3294.6
103756,25/09/2024,Adidas Online Store,Midwest,Wisconsin,Men's Street Footwear,In-store,56.72,66.0,3743.52
106788,01/31/2022,Kohl's,South,Tennessee,Men's Athletic Footwear,In-store,45.76,12.0,549.12
109366,2022-11-26,Adidas Online Store,South,Louisiana,Men's Apparel,Outlet,35.21,17.0,598.57
105967,15-01-2024,Sports Direct,Midwest,Illinois,Outdoor Footwear,outlet,69.49,28.0,1945.72
103404,2024-07-18,Amazon,SOUTH,Texas,Women's Apparel,Online,58.43,34.0,1986.62
103845,12-06-2024,Sports Direct,Southeast,Florida,Women's Street Footwear, Online,50.27,43.0,2161.61
107541,04-08-2024,west gear,Southeast,Florida,Women's Apparel,online,71.23,8.0,569.84
102558,10/13/2022,Amazon,Northeast,Pennsylvania,Men's Apparel,Outlet,29.41,38.0,1117.58
100161,04/15/2024,Adidas Online Store,South,Oklahoma,Women's Street Footwear,In-store,67.77,39.0,2643.03
103310,14/04/2024,Foot Locker,Midwest,Ohio,Kids' Apparel,In-store,57.09,26.0,1484.34
104538,08/31/2024,Kohl's,Northeast,Pennsylvania,Women's Athletic Footwear,,91.21,45.0,4104.45
104715,18/04/2023,J.D. Sports,Northeast,New York,Accessories,OUTLET,68.81,43.0,2958.83
105103,13-01-2022,West Gear,Southeast,Florida,Outdoor Footwear,In-store,54.73,53.0,2900.69
103821,05-05-2023,Foot Locker,Northeast,New York,Men's Street Footwear,Online,53.66,66.0,3541.56
101886,2024-06-30,West Gear,West,California,Women's Street Footwear,In-store,52.19,42.0,3287.9700000000003
104199,29 Jun 2023,Walmart,SOUTH,Tennessee,Kids' Footwear,Outlet,66.79,51.0,3406.29
103630,01-12-2024,Adidas Online Store,West,Oregon,Women's Apparel,Online,62.1,48.0,
103810,27/10/2022,Kohl's,Midwest,Ohio,Men's Athletic Footwear,Online,48.72,22.0,1071.84
104407,2022-11-08,foot locker,West,Washington,Men's Street Footwear,In-store,32.6,4.0,130.4
108088,15-10-2023,foot locker,Southeast,North Carolina,Accessories,in-store,,19.0,721.24
107573,28/07/2023,Foot Locker,Southeast,Georgia,Kids' Apparel, Outlet,66.74,2.0,133.48
103448,2023-08-19,J.D. Sports,South,Tennessee,Women's Athletic Footwear,Outlet,87.52,38.0,
108226,28/02/2023,Kohl's,SOUTHEAST,Virginia,Accessories,Online,68.68,24.0,1648.32
109145,11-08-2022,FOOT LOCKER,Southeast,Georgia,Men's Street Footwear,In-store,54.88,51.0,2798.88
100166,03-07-2023,Amazon,South,Texas,Men's Apparel,Outlet,49.79,39.0,1941.81
104047,12/19/2024,sports direct,Midwest,Wisconsin,Men's Street Footwear,Outlet,36.31,,1488.71
107096,05/03/2024,J.D. Sports,South,Tennessee,Women's Street Footwear,Online,75.63,,3176.46
106864,2022-09-28,Amazon,Southeast,Virginia,Women's Street Footwear,Online,46.08,54.0,2488.32
103283,03/09/2024,Sports Direct,Northeast,Pennsylvania,Accessories,In-store,38.47,50.0,1923.5
107636,05/08/2022,West Gear,Northeast,New Jersey,Women's Apparel,Online,63.07,41.0,2585.87
107448,17/07/2023,Walmart,Northeast,New Jersey,Men's Athletic Footwear, Online,42.27,8.0,338.16
108143,2023-11-05,Kohl's,West,Washington,Women's Apparel,Online,22.05,51.0,1124.55
107097,16 Jul 2023,J.D. Sports,West,Oregon,Women's Apparel,In-store,50.32,,2968.88
106900,12/08/2023,j.d. sports,Northeast,New Jersey,Women's Apparel,Outlet,66.15,43.0,2844.45
104432,29/03/2023,Adidas Online Store,West,Washington,Women's Street Footwear,Outlet,22.96,10.0,229.6
108440,2022-10-25,Kohl's,Southeast,Georgia,Kids' Apparel,OUTLET,63.79,51.0,3253.29
104989,16 Jan 2024,Foot Locker,Southeast,Florida,Kids' Apparel,Online,47.66,43.0,2049.38
102521,26-05-2024,Walmart,Northeast,Massachusetts,Kids' Apparel,In-store,30.49,9.0,274.41
100160,11/06/2022,J.D. SPORTS,Midwest,Michigan,Women's Apparel,Online,39.76,41.0,1630.16
103526,2024-09-06,Sports Direct,MIDWEST,Michigan,Women's Apparel,Online,43.37,1.0,
106149,2024-04-06,J.D. Sports,SOUTHEAST,Georgia,Kids' Footwear,outlet,60.22,46.0,2770.12
105727,15/07/2023,Adidas Online Store,Southeast,,Men's Street Footwear, In-store,71.1,14.0,995.4
107335,02 May 2024,West Gear,Southeast,North Carolina,Women's Street Footwear,Online,72.87,-48.0,
104433,19/08/2023,  J.D. Sports ,Northeast,New Jersey,Women's Apparel,,46.62,49.0,2284.38
102708,15 Mar 2023,  Foot Locker ,South,Louisiana,Accessories,In-store,47.88,20.0,957.6
107553,15 Sep 2024,walmart,West,Washington,Outdoor Footwear,Outlet,51.41,44.0,2262.04
103030,05/14/2023,Adidas Online Store,Midwest,Ohio,Men's Athletic Footwear,In-store,34.96,63.0,2202.48
102904,03-07-2024,Adidas Online Store,Northeast,New York,Men's Street Footwear,,35.06,44.0,1542.64
100103,04-07-2022,Kohl's,West,Washington,Men's Athletic Footwear,Online,47.77,50.0,2388.5
104262,06/20/2024,Adidas Online Store,Northeast,New York,Women's Athletic Footwear,Online,69.68,26.0,1811.68
107218,02/02/2023,KOHL'S,South,Texas,Womens Apparel,ONLINE,48.66,45.0,2189.7
101981,22 Feb 2022,Sports Direct,Northeast,New York,Accessories,Outlet,59.58,44.0,2621.52
109625,11 Sep 2022,Kohl's,Midwest,Ohio,Women's Athletic Footwear,OUTLET,39.32,58.0,2280.56
102705,04-12-2023,Sports Direct,South,,Outdoor Footwear,Online,57.08,74.0,4223.92
101832,09-06-2023,West Gear,Midwest,Michigan,Women's Street Footwear,Outlet,73.08,10.0,730.8
108856,13/03/2024,Walmart,Northeast,New York,Kids' Footwear,In-store,102.52,37.0,3793.24
105475,2024-10-07,J.D. Sports,MIDWEST,Illinois,Women's Street Footwear,ONLINE,12.17,4.0,48.68
101381,29/05/2022,WALMART,Midwest,Michigan,Men's Street Footwear,in-store,46.3,8.0,370.4
101703,01 Apr 2023,Foot Locker,South,Oklahoma,Outdoor Footwear,Outlet,,53.0,4584.5
102989,21 Sep 2022,Kohl's,Midwest,Illinois,Outdoor Footwear,IN-STORE,58.97,65.0,3833.05
108582,13 Jan 2023,  Sports Direct ,Northeast,New York,Outdoor Footwear, In-store,32.23,,1643.73
103618,08/14/2024,Foot Locker,Southeast,Georgia,Women's Apparel,Online,40.92,28.0,1145.76
103600,2023-01-05,Amazon,South,Oklahoma,Accessories,Online,56.26,55.0,3094.3
103968,30 Nov 2023,Adidas Online Store,WEST,Arizona,Men's Street Footwear,ONLINE,32.81,37.0,1213.97
106319,08/10/2022,Kohl's,Midwest,Michigan,Accessories,Online,49.14,4.0,196.56
106492,20 Aug 2022,Kohl's,West,  Washington  ,Men's Street Footwear,Online,71.42,1.0,71.42
100302,24-01-2023,West Gear,West,Oregon,Men's Street Footwear,In-store,64.26,11.0,706.86
107935,08/29/2023,Foot Locker,West,Arizona,Men's Street Footwear,Online,8.0,40.0,320.0
107224,2024-10-27,Walmart,Southeast,Georgia,Men's Athletic Footwear,Outlet,73.6,28.0,
107089,08/08/2023,Walmart,Midwest,Wisconsin,Men's Apparel,Outlet,69.51,73.0,5074.23
105355,2023-10-14,Adidas Online Store,South,Oklahoma,Women's Apparel,Outlet,32.45,30.0,973.5
105781,2022-11-24,Foot Locker,Southeast,North Carolina,Kids' Apparel,Online,36.0,31.0,1116.0
103641,04 Jun 2024,Walmart,Southeast,Georgia,Kids' Footwear,Online,60.35,1.0,60.35
100632,04/27/2022,J.D. Sports,Southeast,North Carolina,Kids' Footwear,In-store,57.96,46.0,2666.16
104493,03/02/2022,Amazon,Northeast,Massachusetts,Outdoor Footwear,Outlet,57.67,39.0,2249.13
106325,28/04/2022,Walmart,Northeast,,Kids' Footwear, In-store,12.7,35.0,444.5
102229,29-05-2023,Kohl's,Midwest,Illinois,Women's Street Footwear,Online,8.0,1.0,8.0
104505,01 Jan 2022,J.D. Sports,Midwest,Wisconsin,Kids' Footwear,In-store,67.47,1.0,67.47
106988,03/14/2022,J.D. Sports,West,Arizona,Men's Apparel,Online,67.52,23.0,1552.96
105969,2022-12-22,Sports Direct,Southeast,Florida,Women's Athletic Footwear,Online,73.06,31.0,2264.86
108009,2023-08-09,Sports Direct,Midwest,Michigan,Kids' Apparel,Outlet,33.9,17.0,576.3
105755,2024-03-08,Walmart,Midwest,Illinois,Men's Street Footwear,In-store,62.71,27.0,
107390,29/03/2023,West Gear,Southeast,North Carolina,Women's Apparel,Outlet,72.95,38.0,2772.1
101538,09/23/2024,Foot Locker,Southeast,North Carolina,Men's Athletic Footwear,In-store,72.86,32.0,2331.52
101863,2024-04-08,Kohl's,West,California,Men's Street Footwear,Online,49.16,57.0,2802.12
100210,06/04/2023,foot locker,Southeast,Georgia,Men's Apparel,Online,64.77,1.0,64.77
106877,09/03/2022,Walmart,South,Tennessee,Men's Street Footwear,Outlet,66.73,27.0,1801.71
102882,15 Feb 2022,Kohl's,Northeast,Massachusetts,Men's Street Footwear,In-store,8.0,1.0,8.0
103905,2022-08-18,Amazon,Midwest,Illinois,Women's Athletic Footwear,OUTLET,53.52,28.0,1498.56
102845,26-04-2024,KOHL'S,South,Oklahoma,Kids' Apparel,Online,31.04,49.0,1520.96
107718,29-08-2024,Adidas Online Store,West,Washington,Women's Apparel,Outlet,53.4,28.0,1495.2
102986,03/03/2023,Foot Locker,South,Texas,Outdoor Footwear,In-store,60.37,31.0,1871.47
106142,16-09-2022,West Gear,Southeast,Virginia,Men's Athletic Footwear,Outlet,58.57,14.0,819.98
103917,2022-09-29,Adidas Online Store,Northeast,Pennsylvania,Accessories,Outlet,59.72,47.0,2806.84
109477,04 Aug 2024,amazon,Midwest,Michigan,Women's Apparel,ONLINE,25.0,80.0,2000.0
101289,30-08-2024,  Adidas Online Store ,Midwest,Ohio,Men's Apparel,Outlet,37.39,43.0,1607.77
104677,2022-01-24,Walmart,South,Louisiana,Outdoor Footwear, Online,42.02,59.0,3718.7699999999995
104131,2023-07-12,Adidas Online Store,Midwest,Illinois,Accessories,Online,31.52,1.0,31.52
103682,24-05-2022,Walmart,South,Texas,Women's Athletic Footwear,In-store,29.0,-13.0,377.0
105530,04/10/2024,Kohl's,Midwest,Ohio,Women's Street Footwear,In-store,42.91,14.0,600.74
105177,2022-02-26,Foot Locker,South,Tennessee,Women's Athletic Footwear,ONLINE,94.61,23.0,2176.03
104326,2024-10-01,Adidas Online Store,Midwest,Wisconsin,Accessories,Outlet,33.85,44.0,1489.4
100201,29/03/2023,J.D. Sports,Southeast,Georgia,Men's Apparel,In-store,53.8,50.0,2690.0
105419,13 Mar 2022,Sports Direct,WEST,California,Kids' Apparel, Outlet,52.8,39.0,2059.2
109057,07/11/2024,J.D. Sports,Northeast,New Jersey,Kids' Footwear,ONLINE,,30.0,240.0
106319,08/10/2022,Kohl's,Midwest,  Michigan  ,Accessories,Online,49.14,4.0,196.56
105139,2024-05-16,Amazon,Southeast,Georgia,Outdoor Footwear,In-store,43.94,27.0,1186.38
105951,2023-07-10,Sports Direct,Southeast,Georgia,Kids' Footwear, Outlet,45.73,13.0,594.49
100504,20-08-2022,J.D. Sports,West,Washington,Women's Athletic Footwear,ONLINE,41.62,18.0,
101789,02/06/2023,J.D. Sports,South,Texas,Men's Athletic Footwear,Online,95.11,,
106914,2024-07-27,Adidas Online Store,Midwest,,Women's Athletic Footwear,In-store,70.37,66.0,4644.42
102762,2022-10-24,Sports Direct,Southeast,North Carolina,Accessories,In-store,81.54,66.0,5381.64
105612,31/03/2022,J.D. Sports,Southeast,Florida,Men's Athletic Footwear,Outlet,65.04,30.0,1951.2
100434,2023-09-14,Walmart,SOUTH,Oklahoma,Men's Street Footwear,Outlet,26.22,11.0,288.42
105891,03/21/2023,Amazon,South,Tennessee,Women's Apparel,Outlet,,14.0,
100068,2023-07-26,  J.D. Sports ,WEST,Washington,Women's Apparel,In-store,33.44,1.0,33.44
104471,17-09-2022,Amazon,West,Arizona,Women's Street Footwear,Online,63.63,55.0,3499.65
104416,12 May 2022,Foot Locker,West,Oregon,Men's Athletic Footwear,In-store,57.59,32.0,1842.88
100176,01-02-2024,Foot Locker,SOUTH,Oklahoma,Women's Apparel,,,74.0,7974.98
108863,12 Mar 2024,J.D. Sports,Southeast,Georgia,Kids' Footwear,In-store,36.17,39.0,1410.63
101694,14 Apr 2022,Kohl's,Midwest,Illinois,Outdoor Footwear,In-store,74.86,27.0,2021.22
105809,12/11/2024,Amazon,Southeast,North Carolina,Accessories,Outlet,84.92,25.0,2123.0
101168,2022-10-18,  Walmart ,West,Washington,Outdoor Footwear,Online,52.63,24.0,1263.12
104288,11/09/2022,Foot Locker,Southeast,North Carolina,Accessories,Outlet,41.83,39.0,1631.37
100007,05/09/2022,WALMART,Northeast,New Jersey,Men's Athletic Footwear,Online,65.11,29.0,1888.19
107320,11/05/2023,Walmart,Midwest,Michigan,Women's Athletic Footwear,IN-STORE,62.12,3.0,186.36
103037,20 Jun 2022,Foot Locker,WEST,Oregon,Kids' Apparel,online,26.39,10.0,263.9
102784,30 Apr 2024,Sports Direct,WEST,Arizona,Men's Street Footwear,In-store,35.86,55.0,1972.3
105859,16 May 2024,Adidas Online Store,South,Louisiana,Outdoor Footwear,In-store,48.29,35.0,1690.15
106374,26-02-2024,Adidas Online Store,West,Arizona,Women's Apparel,Online,69.89,32.0,2236.48
100714,2024-01-07,Kohl's,Midwest,Ohio,Men's Apparel, In-store,15.77,17.0,268.09
100968,12/25/2022,J.D. Sports,SOUTH,Louisiana,Women's Athletic Footwear,Online,31.38,15.0,470.7
109088,09/04/2023,Amazon,Northeast,New York,Women's Apparel,In-store,57.05,1.0,57.05
107284,27 Feb 2022,Foot Locker,Southeast,,Outdoor Footwear,Outlet,57.1,18.0,1027.8
102106,27 Mar 2022,Foot Locker,West,Washington,Men's Athletic Footwear,Online,43.42,54.0,2344.68
104667,06/15/2023,Amazon,Southeast,Virginia,Outdoor Footwear,Outlet,62.43,73.0,4557.39
105134,01/04/2023,Amazon,Southeast,Virginia,Women's Apparel,Outlet,54.63,1.0,54.63
109399,09-07-2022,Foot Locker,Midwest,Michigan,Women's Apparel,Online,8.0,43.0,344.0
108997,2024-05-30,Foot Locker,Midwest,Ohio,Kids' Footwear,Online,46.83,4.0,187.32
103199,05/22/2023,Amazon,West,California,Women's Street Footwear,Online,73.1,39.0,2850.9
101072,03/11/2024,Adidas Online Store,SOUTHEAST,Georgia,Women's Street Footwear,Outlet,71.17,45.0,3202.65
107500,11-10-2022,Amazon,Northeast,New Jersey,Men's Street Footwear,In-store,33.69,25.0,842.25
103331,27-02-2023,Sports Direct,South,Louisiana,Men's Apparel,Online,34.98,16.0,559.68
108627,11/23/2022,Walmart,South,Texas,Men's Apparel,Outlet,45.94,5.0,229.7
103158,20/07/2024,Sports Direct,Northeast,New Jersey,Women's Apparel, In-store,32.27,68.0,2194.36
106157,03-07-2023,Sports Direct,Southeast,North Carolina,Men's Athletic Footwear,In-store,43.65,13.0,567.45
109065,2023-09-14,Amazon,South,  Oklahoma  ,Kids' Apparel,In-store,37.76,54.0,2039.04
109615,04/04/2023,West Gear,South,Louisiana,Men's Athletic Footwear,Online,25.12,46.0,1155.52
107040,11/09/2024,Sports Direct,Northeast,Massachusetts,Women's Street Footwear,,62.62,37.0,2316.94
102305,15 Dec 2022,west gear,NORTHEAST,Massachusetts,Men's Street Footwear,Outlet,38.14,29.0,1106.06
102357,26-11-2023,West Gear,South,Texas,Kids' Footwear,Online,0.0,,64.16
109082,02/24/2022,Walmart,West,California,Men's Athletic Footwear,Outlet,84.99,1.0,84.99
109482,05/08/2024,Sports Direct,Northeast,New York,Men's Apparel,Online,83.56,28.0,2339.68
101393,26/02/2023,West Gear,West,California,Outdoor Footwear,,71.9,,3738.8
107554,08 May 2024,J.D. Sports,WEST,Arizona,Kids' Footwear,Online,81.36,9.0,732.24
107160,22-08-2024,Adidas Online Store,South,Louisiana,Women's Street Footwear,In-store,58.72,19.0,1115.68
102847,15/06/2022,Kohl's,South,Oklahoma,Outdoor Footwear,Online,45.81,52.0,2382.12
108204,27/04/2023,Amazon,South,Texas,Women's Street Footwear,In-store,23.96,42.0,1006.32
103732,2022-06-22,Kohl's,Midwest,,Outdoor Footwear,,64.94,45.0,2922.3
108590,12-03-2022,SPORTS DIRECT,Northeast,New York,Women's Street Footwear,Online,43.3,20.0,866.0
102757,04/13/2024,Amazon,Southeast,Virginia,Men's Street Footwear,Online,71.25,23.0,1638.75
104811,03/29/2024,Amazon,South,Texas,Kids' Footwear,In-store,57.29,24.0,1374.96
102312,03/07/2024,  West Gear ,South,Louisiana,Men's Street Footwear,Online,33.87,16.0,812.8799999999999
106073,2024-09-25,West Gear,West,Oregon,Men's Athletic Footwear,Online,83.65,20.0,1673.0
107496,02 Jun 2023,Adidas Online Store,West,California,Men's Street Footwear,In-store,,36.0,1304.28
103016,29-07-2024,Foot Locker,Midwest,Ohio,Women's Street Footwear,in-store,44.44,49.0,2177.56
108390,10/12/2024,J.D. SPORTS,Northeast,New Jersey,Kids' Footwear,Outlet,51.06,55.0,2808.3
101888,27-08-2024,Foot Locker,Northeast,Pennsylvania,Kids' Apparel,OUTLET,37.83,21.0,794.43
108051,29 Jun 2024,Foot Locker,Midwest,Illinois,Men's Apparel,In-store,70.21,20.0,1404.2
105296,09/02/2023,Foot Locker,NORTHEAST,New York,Men's Athletic Footwear,Outlet,27.72,35.0,970.2
109284,28-03-2023,Amazon,West,California,Kids' Apparel,Online,63.82,27.0,1723.14
106183,10/16/2022,Adidas Online Store,West,Oregon,Women's Street Footwear,Online,8.0,19.0,152.0
109336,2023-05-11,Adidas Online Store,Southeast,North Carolina,Kids' Footwear,Outlet,42.22,41.0,1731.02
107045,21/04/2024,Sports Direct,Southeast,North Carolina,Women's Athletic Footwear,Outlet,103.96,52.0,5405.92
101569,2022-08-19,Kohl's,Southeast,,Outdoor Footwear,In-store,54.86,1.0,54.86
108925,11-11-2022,Kohl's,West,,Accessories,In-store,77.41,19.0,1470.79
108859,26/09/2023,Sports Direct,West,California,Men's Apparel,Online,37.47,37.0,1386.39
106122,01/14/2023,Adidas Online Store,South,Louisiana,Women's Apparel,in-store,57.59,7.0,403.13
109031,2023-02-15,Foot Locker,West,California,Accessories,Outlet,84.31,-27.0,2276.37
105509,29-06-2023,J.D. Sports,South,Louisiana,Kids' Footwear,Online,68.24,57.0,3889.68
109071,2024-12-25,J.D. Sports,Midwest,Michigan,Kids' Apparel,In-store,75.47,40.0,3018.8
104219,13/03/2022,Amazon,South,Louisiana,Men's Apparel,Outlet,,8.0,563.84
102761,07/26/2023,Foot Locker,West,California,Women's Athletic Footwear,Outlet,,32.0,1199.68
102554,2023-02-17,J.D. Sports,Midwest,Wisconsin,Accessories,In-store,40.84,25.0,1021.0
109480,2024-11-21,Kohl's,Midwest,Wisconsin,Womens Street Footwear,Outlet,77.74,1.0,77.74
101934,2024-06-24,kohl's,West,Washington,Womens Street Footwear,Outlet,34.05,27.0,
103944,2022-08-09,amazon,West,Oregon,Men's Athletic Footwear,In-store,59.59,35.0,3128.4750000000004
104824,2024-09-17,Foot Locker,South,Louisiana,Accessories,Online,44.92,56.0,2515.52
105504,2024-01-03,Sports Direct,Midwest,Wisconsin,Women's Apparel,In-store,29.71,56.0,1663.76
102192,30/10/2023,Amazon,Southeast,,Men's Apparel,In-store,72.6,45.0,3267.0
107378,2023-09-23,Adidas Online Store,Northeast,Pennsylvania,Men's Apparel,Online,53.57,32.0,1714.24
103083,22 May 2022,Walmart,South,Louisiana,Kids' Footwear,Online,55.97,41.0,2294.77
100928,2023-01-03,Adidas Online Store,West,Arizona,Men's Athletic Footwear,Online,20.46,5.0,102.3
109702,2023-11-15,Walmart,SOUTHEAST,North Carolina,Men's Street Footwear,Online,66.9,19.0,1271.1
102034,20 Jul 2023,Adidas Online Store,South,Oklahoma,Accessories,Outlet,60.54,23.0,1392.42
100438,14-01-2024,FOOT LOCKER,West,Washington,Men's Apparel,Outlet,36.44,28.0,1020.32
107470,26 Jul 2022,Walmart,South,Oklahoma,Men's Athletic Footwear,In-store,63.44,32.0,2030.08
101676,2023-07-27,West Gear,West,Arizona,Women's Athletic Footwear,In-store,25.9,31.0,802.9
109255,10/05/2023,Foot Locker,Southeast,Georgia,Kids' Apparel,Online,51.92,53.0,2751.76
104030,16-02-2024,WALMART,Northeast,New York,Women's Apparel, In-store,54.8,58.0,3178.4
106193,2023-12-26,Amazon,SOUTHEAST,Georgia,Women's Apparel,Online,40.12,1.0,40.12
108698,17/10/2024,Amazon,Midwest,Michigan,Men's Street Footwear,In-store,57.68,43.0,2480.24
105220,10/02/2022,J.D. Sports,NORTHEAST,New Jersey,Men's Apparel,Online,30.56,41.0,1252.96
102566,13-12-2023,Walmart,West,Washington,Women's Apparel,Online,61.46,31.0,2857.89
108767,11/19/2024,KOHL'S,Northeast,Massachusetts,Kids' Apparel,Online,77.0,21.0,
104301,11/08/2023,West Gear,West,Washington,Accessories,in-store,26.01,44.0,1144.44
103289,2024-09-25,Foot Locker,South,Texas,Kids' Footwear,Online,105.31,65.0,6845.15
100542,2022-04-27,West Gear,Southeast,North Carolina,Women's Athletic Footwear,In-store,29.99,15.0,449.85
108228,2024-01-12,AMAZON,Midwest,Illinois,Men's Athletic Footwear,Online,17.78,43.0,764.54
100489,02-04-2024,Sports Direct,Southeast,Georgia,Women's Street Footwear,Outlet,36.03,35.0,1261.05
105140,16-01-2023,Foot Locker,South,Oklahoma,Women's Apparel,Outlet,34.59,41.0,1418.19
102654,14-05-2023,  J.D. Sports ,West,Oregon,Women's Apparel,Online,64.95,50.0,3247.5
109585,02/18/2022,Amazon,Southeast,Florida,Men's Apparel, In-store,63.76,47.0,2996.72
104480,26 Apr 2024,  J.D. Sports ,Northeast,Pennsylvania,Women's Athletic Footwear,Outlet,65.65,29.0,1903.85
108479,12 Jan 2022,Amazon,South,Tennessee,Outdoor Footwear,In-store,57.85,20.0,1157.0
105953,26/09/2023,Walmart,Northeast,  Massachusetts  ,Women's Apparel,Online,40.37,38.0,1534.06
104533,2022-03-10,  West Gear ,Northeast,New Jersey,Accessories,Outlet,31.89,21.0,669.69
100640,2023-09-13,Kohl's,West,California,Kids' Apparel,Outlet,77.19,41.0,3164.79
109002,20/02/2024,Walmart,West,Arizona,Women's Apparel,Outlet,69.12,21.0,1451.52
107678,05 Mar 2024,J.D. Sports,West,California,Kids' Footwear,Outlet,42.53,50.0,2126.5
104226,2023-04-18,West Gear,Midwest,Illinois,Women's Apparel,outlet,64.4,12.0,772.8
100538,08/16/2024,amazon,South,Oklahoma,Outdoor Footwear,Outlet,78.33,35.0,2741.55
107017,17/03/2022,AMAZON,West,Oregon,Women's Athletic Footwear,In-store,0.0,58.0,2965.54
109622,21-02-2022,Foot Locker,Northeast,Pennsylvania,Men's Street Footwear,Outlet,64.82,54.0,3500.28
101121,24/04/2024,Amazon,South,Louisiana,Women's Apparel,In-store,74.95,62.0,4646.9
106944,19 Jan 2024,West Gear,Midwest,Wisconsin,Kids' Footwear,ONLINE,44.17,24.0,1060.08
106870,26-04-2022,Walmart,South,Texas,Kids' Footwear,Online,63.77,37.0,2359.49
105609,2022-09-16,West Gear,Midwest,Michigan,Women's Street Footwear,Online,55.1,66.0,3636.6
104923,29 Apr 2024,West Gear,SOUTH,Louisiana,Men's Street Footwear,online,74.74,22.0,1644.28
102018,07 Mar 2024,Foot Locker,West,Washington,Men's Athletic Footwear,In-store,51.33,40.0,2053.2
105290,26/01/2023,J.D. Sports,South,Texas,Men's Apparel,Online,61.39,70.0,4297.3
109403,2024-09-28,J.D. Sports,South,Louisiana,Women's Athletic Footwear,Outlet,42.14,32.0,1348.48
109133,02 Apr 2023,Sports Direct,South,Texas,Outdoor Footwear,In-store,67.32,55.0,3702.6
101887,31/07/2022,J.D. Sports,West,Arizona,Men's Apparel,In-store,34.89,61.0,2128.29
104674,02 May 2024,Kohl's,Northeast,New York,Kids' Footwear,In-store,57.62,35.0,2016.7
101765,03/06/2022,KOHL'S,SOUTH,Louisiana,Kids' Footwear,In-store,31.67,27.0,855.09
108581,09/16/2023,Sports Direct,Northeast,Pennsylvania,Kids' Footwear,In-store,29.67,52.0,1542.84
104503,07-08-2024,Foot Locker,NORTHEAST,New Jersey,Women's Street Footwear,Online,46.7,38.0,1774.6
104581,04-03-2024,Kohl's,WEST,Oregon,Men's Athletic Footwear,Online,41.71,2.0,83.42
106667,2024-11-05,Adidas Online Store,West,Oregon,Women's Apparel,OUTLET,85.74,46.0,3944.04
102590,06/13/2022,Kohl's,NORTHEAST,New York,Men's Apparel,Outlet,33.94,22.0,746.68
109130,11/03/2024,Amazon,Northeast,Pennsylvania,Men's Apparel, In-store,63.39,10.0,633.9
103864,23-03-2023,Amazon,Southeast,Georgia,Men's Street Footwear,In-store,73.7,,2800.6
107479,01/06/2023,Kohl's,Southeast,Virginia,Kids' Apparel,Online,69.75,54.0,3766.5
101161,12/05/2024,Amazon,NORTHEAST,Pennsylvania,Men's Street Footwear,Online,41.7,77.0,3210.9
104058,09/21/2023,Sports Direct,Southeast,Georgia,Accessories,Online,44.01,24.0,1056.24
104164,05-10-2023,J.D. Sports,South,Texas,Men's Street Footwear,Online,56.14,16.0,898.24
106922,10 Sep 2023,Kohl's,Southeast,Georgia,Men's Athletic Footwear,Online,81.76,31.0,
108742,03-01-2022,Adidas Online Store,West,Arizona,Women's Street Footwear,Outlet,73.88,11.0,812.68
107155,26/06/2022,adidas online store,Southeast,North Carolina,Men's Apparel,In-store,87.35,31.0,2707.85
106332,03/10/2024,WALMART,Midwest,  Illinois  ,Men's Athletic Footwear,In-store,35.11,9.0,315.99
104895,06/09/2023,Adidas Online Store,Southeast,North Carolina,Kids' Apparel,In-store,34.51,15.0,517.65
109215,2023-09-04,Adidas Online Store,West,California,Outdoor Footwear,Online,46.96,25.0,1174.0
107016,06/28/2023,Kohl's,Northeast,,Accessories,In-store,40.53,51.0,2067.03
102767,2023-08-28,Foot Locker,West,Oregon,Men's Apparel,Outlet,69.3,40.0,2772.0
107511,2024-12-14,foot locker,South,Oklahoma,Men's Street Footwear,Online,63.86,35.0,2235.1
101552,29-08-2022,Amazon,South,Oklahoma,Kids' Apparel,IN-STORE,38.59,41.0,1582.19
108477,02/08/2023,Foot Locker,Midwest,Michigan,Men's Apparel,Outlet,68.66,90.0,6179.4
106419,2022-07-04,Amazon,South,Louisiana,Outdoor Footwear,In-store,67.13,29.0,1946.77
108539,12/27/2024,Amazon,Northeast,Massachusetts,Kids' Apparel,Online,56.74,37.0,2099.38
105786,21 Mar 2022,Amazon,South,Louisiana,Men's Athletic Footwear,In-store,95.74,26.0,
109183,2022-02-24,Sports Direct,South,Louisiana,Women's Athletic Footwear,Online,61.15,57.0,3485.55
108538,03/08/2022,Sports Direct,MIDWEST,Wisconsin,Women's Athletic Footwear,In-store,63.31,27.0,
104574,11 Jul 2023,Adidas Online Store,West,Washington,Women's Street Footwear,Outlet,70.89,23.0,1630.47
108816,12/02/2023,West Gear,SOUTHEAST,Florida,Women's Street Footwear,Online,87.15,26.0,2265.9
107654,16 Oct 2022,Kohl's,South,Tennessee,Outdoor Footwear,Online,48.46,30.0,2180.7
105231,19/09/2024,Walmart,Midwest,Ohio,Kids' Footwear,Outlet,17.43,33.0,575.19
107979,2024-03-18,Foot Locker,Southeast,North Carolina,Women's Street Footwear,Online,45.91,48.0,2203.68
100045,29 Aug 2024,SPORTS DIRECT,South,Tennessee,Outdoor Footwear,Online,85.59,48.0,4108.32
105380,2024-01-24,Sports Direct,Midwest,,Accessories,Outlet,43.53,31.0,1349.43
100136,10/05/2024,Kohl's,Northeast,New York,Kids' Apparel, Online,54.74,62.0,3393.88
101584,21-06-2023,ADIDAS ONLINE STORE,Midwest,Ohio,Outdoor Footwear,online,66.05,72.0,4755.6
104403,11/06/2022,Walmart,South,Oklahoma,Accessories,Outlet,48.82,62.0,3026.84
108412,22 Aug 2024,Adidas Online Store,West,Oregon,Men's Athletic Footwear,Outlet,62.5,30.0,1875.0
106904,12/16/2022,Amazon,Midwest,Illinois,Men's Street Footwear,In-store,46.29,26.0,1203.54
107152,14-06-2024,Kohl's,Midwest,Illinois,Women's Athletic Footwear,In-store,29.01,14.0,406.14
109100,2024-03-26,Walmart,Midwest,Michigan,Accessories,In-store,30.69,77.0,2363.13
104530,17 Apr 2024,Amazon,SOUTH,Oklahoma,Men's Athletic Footwear,IN-STORE,47.78,33.0,1576.74
108860,2024-03-26,SPORTS DIRECT,Midwest,Michigan,Women's Street Footwear,In-store,39.17,11.0,430.87
101010,2024-09-16,Amazon,South,Oklahoma,Accessories,In-store,49.4,40.0,1976.0
106364,2023-03-05,Kohl's,Midwest,Illinois,Outdoor Footwear,Outlet,50.01,,1100.22
101283,25-12-2022,West Gear,Midwest,Illinois,Men's Apparel,outlet,33.75,83.0,2801.25
101784,18 Nov 2024,Foot Locker,Midwest,  Wisconsin  ,Women's Athletic Footwear,ONLINE,36.82,28.0,1030.96
105638,2023-08-04,  Kohl's ,South,Oklahoma,Women's Street Footwear,Outlet,83.03,24.0,1992.72
108616,31 May 2023,Adidas Online Store,Southeast,North Carolina,Men's Street Footwear,Outlet,45.47,28.0,1273.16
100156,14 May 2022,Amazon,Midwest,Michigan,Men's Apparel,In-store,41.92,11.0,461.12
101842,09/19/2024,Sports Direct,Southeast,Florida,Kids' Footwear,Outlet,70.45,39.0,2747.55
102567,05/22/2024,West Gear,Southeast,Virginia,Men's Athletic Footwear,In-store,26.85,23.0,617.55
100427,06/05/2022,West Gear,Southeast,Georgia,Men's Street Footwear,IN-STORE,85.14,25.0,2128.5
103161,13 Jan 2022,ADIDAS ONLINE STORE,South,Tennessee,Kids' Footwear,Online,69.13,,69.13
105838,02/25/2022,J.D. Sports,Midwest,Wisconsin,Accessories,Online,40.21,77.0,3096.17
107189,2024-06-03,Amazon,Southeast,Virginia,Accessories,In-store,66.22,72.0,4767.84
103838,23-05-2023,Amazon,West,Arizona,Kids' Apparel,Outlet,56.46,59.0,3331.14
105480,06 Mar 2023,Sports Direct,Southeast,Virginia,Women's Street Footwear,Outlet,50.64,60.0,3038.4
106958,25 Oct 2024,Kohl's,Southeast,North Carolina,Women's Apparel,In-store,66.49,59.0,3922.91
106317,10/30/2023,Amazon,West,Washington,Women's Athletic Footwear,Outlet,54.11,1.0,
105106,07/24/2023,J.D. Sports,SOUTHEAST,North Carolina,Women's Apparel,Online,71.35,29.0,2069.15
108668,12-10-2022,Amazon,Northeast,Massachusetts,Accessories,Online,61.02,72.0,4393.44
106315,23-02-2022,Sports Direct,Southeast,Georgia,Men's Apparel,Outlet,94.39,47.0,4436.33
103248,02/10/2024,Kohl's,Northeast,Pennsylvania,Women's Athletic Footwear,Outlet,51.13,36.0,1840.68
108007,2024-02-23,Walmart,West,Washington,Men's Apparel,Online,34.41,46.0,1582.86
108156,30/05/2022,J.D. Sports,Southeast,North Carolina,Outdoor Footwear,In-store,61.01,48.0,2928.48
109272,2024-03-03,J.D. Sports,Northeast,Massachusetts,Outdoor Footwear,In-store,75.7,40.0,3028.0
106038,07/03/2023,Adidas Online Store,Northeast,Massachusetts,Kids' Footwear,in-store,41.63,,1373.79
107291,19-10-2023,Walmart,South,Texas,Men's Athletic Footwear,Online,83.21,49.0,4077.29
106823,02/07/2023,Sports Direct,Northeast,New Jersey,Kids' Footwear,Outlet,68.26,4.0,273.04
109404,2024-12-16,J.D. Sports,Northeast,New York,Men's Athletic Footwear,Outlet,55.87,31.0,1731.97
108158,27-12-2023,Sports Direct,SOUTH,Oklahoma,Kids' Apparel,IN-STORE,34.43,33.0,1136.19
108146,21/10/2023,Walmart,Midwest,Michigan,Men's Athletic Footwear,Outlet,42.76,,1154.52
106495,09/24/2024,J.D. Sports,Southeast,North Carolina,Men's Athletic Footwear,Outlet,74.57,1.0,74.57
107905,14 Jun 2022,WALMART,West,Arizona,Women's Apparel,In-store,70.84,38.0,2691.92
106500,09-02-2023,Walmart,WEST,California,Kids' Apparel,In-store,37.22,51.0,1898.22
106308,03-03-2022,Amazon,Southeast,Georgia,Men's Athletic Footwear,Online,52.94,,3388.16
102725,2023-07-20,Sports Direct,South,Oklahoma,Men's Apparel,Online,81.65,27.0,2204.55
109170,12/10/2024,Walmart,West,Oregon,Men's Street Footwear,Online,63.55,47.0,2986.85
102207,13/02/2022,j.d. sports,WEST,Arizona,Kids' Apparel,Outlet,59.09,2.0,118.18
102707,13 Oct 2024,Adidas Online Store,South,Texas,Kids' Footwear,In-store,44.95,45.0,2022.75
104716,07/02/2022,Kohl's,West,Oregon,Kids' Apparel,in-store,71.21,5.0,356.05
100545,02/25/2022,Kohl's,MIDWEST,Illinois,Women's Apparel,Outlet,51.37,54.0,2773.98
106801,14/05/2024,Sports Direct,Southeast,Georgia,Kids' Apparel,Online,38.24,11.0,420.64
101921,10/11/2023,J.D. Sports,SOUTH,Texas,Accessories,Outlet,52.44,9.0,471.96
104042,21-08-2022,Foot Locker,Midwest,Ohio,Men's Apparel,IN-STORE,45.06,21.0,946.26
105795,28/03/2024,Foot Locker,Southeast,Virginia,Men's Apparel,Outlet,50.09,39.0,1953.51
105634,29-06-2022,Foot Locker,Midwest,Ohio,Outdoor Footwear,Outlet,51.59,15.0,773.85
107969,31-07-2023,Walmart,Southeast,Virginia,Outdoor Footwear, In-store,37.13,29.0,1076.77
104903,07-02-2024,Adidas Online Store,Midwest,Illinois,Women's Athletic Footwear,Outlet,34.51,23.0,793.73
101055,25/09/2023,West Gear,Southeast,Virginia,Women's Street Footwear, Outlet,46.64,84.0,3917.76
103461,06/28/2024,Adidas Online Store,West,,Kids' Apparel,Outlet,72.34,16.0,1157.44
103702,16-09-2023,KOHL'S,Midwest,Illinois,Outdoor Footwear,Outlet,55.44,39.0,2162.16
101225,16 Jul 2022,Adidas Online Store,Southeast,North Carolina,Women's Apparel,In-store,46.35,55.0,
108694,2024-05-12,Adidas Online Store,Northeast,Massachusetts,Kids' Footwear,Online,70.17,68.0,4771.56
103401,07-02-2022,Foot Locker,SOUTHEAST,North Carolina,Women's Street Footwear,Online,73.69,49.0,3610.81
108800,07/11/2023,Amazon,South,Louisiana,Outdoor Footwear,Outlet,29.04,17.0,493.68
109519,26/10/2022,Adidas Online Store,West,Oregon,Accessories,In-store,35.21,34.0,1197.14
101716,2024-04-30,West Gear,Northeast,New Jersey,Women's Apparel, Outlet,51.22,54.0,2765.88
107950,20-03-2022,Walmart,Southeast,Georgia,Men's Apparel,OUTLET,,58.0,2786.32
101616,10/05/2024,west gear,Southeast,Florida,Outdoor Footwear,In-store,89.9,28.0,2517.2
108866,2024-05-17,J.D. Sports,Northeast,New York,Kids' Apparel,In-store,47.67,39.0,1859.13
108619,18 Feb 2024,Sports Direct,SOUTHEAST,North Carolina,Women's Street Footwear,outlet,55.37,6.0,332.22
108763,19/10/2024,Sports Direct,Northeast,Massachusetts,Women's Athletic Footwear,In-store,30.55,89.0,2718.95
109448,21-08-2022,WEST GEAR,South,Oklahoma,Kids' Footwear,ONLINE,67.04,32.0,2145.28
107263,2024-10-25,WALMART,South,Tennessee,Kids' Footwear,OUTLET,30.42,33.0,
107995,04/01/2024,Walmart,SOUTH,Oklahoma,Men's Athletic Footwear,In-store,68.37,28.0,1914.36
105524,09/29/2024,Foot Locker,Midwest,Wisconsin,Kids' Apparel,OUTLET,78.33,44.0,3446.52
102477,2022-03-12,West Gear,South,Oklahoma,Kids' Footwear,In-store,50.0,34.0,1700.0
105457,06/11/2022,Kohl's,South,Louisiana,Outdoor Footwear,In-store,75.26,49.0,3687.74
107069,27 Dec 2022,West Gear,South,Tennessee,Men's Street Footwear,Outlet,47.78,61.0,2914.58
103097,09 Oct 2023,Foot Locker,Southeast,Florida,Women's Athletic Footwear,Outlet,71.58,29.0,2075.82
107259,06-08-2024,Amazon,Midwest,Michigan,Men's Apparel,Online,51.74,40.0,2069.6
100746,2022-03-19,West Gear,Northeast,New Jersey,Women's Athletic Footwear,In-store,43.82,21.0,920.22
101177,03/15/2024,Sports Direct,Midwest,Ohio,Women's Apparel,Online,56.27,49.0,2757.23
103224,2024-02-13,Amazon,Southeast,North Carolina,Men's Athletic Footwear,In-store,46.02,10.0,460.2
105359,24-10-2023,J.D. Sports,South,Louisiana,Women's Apparel,Online,67.67,,2030.1
105856,09 Jan 2023,Sports Direct,South,Texas,Men's Athletic Footwear,OUTLET,60.39,44.0,2657.16
101929,04/17/2023,Sports Direct,Midwest,Michigan,Women's Street Footwear,Outlet,45.16,27.0,1219.32
105902,2024-07-06,Amazon,Midwest,Illinois,Accessories,Outlet,79.43,63.0,5004.09
107455,2022-06-23,Kohl's,NORTHEAST,New Jersey,Men's Apparel,outlet,43.85,51.0,2236.35
103099,2023-10-21,Kohl's,Midwest,Ohio,Accessories, In-store,71.34,45.0,3210.3
108454,27-12-2022,Kohl's,South,Texas,Women's Apparel,In-store,53.82,52.0,2798.64
107754,07/09/2022,Walmart,Midwest,Michigan,Accessories,In-store,50.3,41.0,2062.3
100401,05/03/2024,J.D. Sports,South,Louisiana,Men's Street Footwear,Online,56.93,25.0,1423.25
102868,08/27/2022,Amazon,Midwest,Illinois,Outdoor Footwear,In-store,68.76,35.0,2406.6
107804,2022-08-30,  Foot Locker ,Northeast,New York,Women's Apparel,outlet,49.65,52.0,2581.8
109612,07 Aug 2024,  West Gear ,South,Louisiana,Kids' Footwear,Outlet,54.39,20.0,1087.8
102687,2022-04-24,West Gear,Southeast,Georgia,Kids' Apparel,Online,45.01,49.0,2205.49
101732,06-04-2023,Adidas Online Store,South,Oklahoma,Women's Street Footwear,Outlet,41.92,42.0,2640.96
109289,07/19/2024,Foot Locker,West,Arizona,Women's Athletic Footwear,Outlet,70.19,27.0,1895.13
100158,13/10/2024,Adidas Online Store,West,Oregon,Kids' Apparel,In-store,,22.0,829.84
107531,03/06/2022,Kohl's,Northeast,New Jersey,Women's Athletic Footwear,In-store,12.41,34.0,421.94
108966,26 May 2023,WALMART,Southeast,Florida,Women's Street Footwear,Outlet,61.42,35.0,2149.7
103303,30/10/2023,Foot Locker,Midwest,Michigan,Accessories,Outlet,69.32,87.0,6030.84
104256,09/04/2024,Walmart,Midwest,Michigan,Men's Street Footwear,Online,40.35,42.0,2542.05
106623,27 Aug 2022,Sports Direct,Midwest,Ohio,Men's Apparel,Online,64.57,70.0,4519.9
102953,27/12/2024,Kohl's,South,Texas,Kids' Footwear,Outlet,35.6,69.0,2456.4
101824,20/07/2024,Foot Locker,South,Tennessee,Men's Athletic Footwear,Online,8.0,5.0,40.0
106297,10/21/2022,Kohl's,West,Oregon,Outdoor Footwear,Online,67.62,1.0,67.62
104834,2022-10-07,Amazon,West,Washington,Men's Street Footwear,In-store,88.28,12.0,1059.36
102658,10 Nov 2022,sports direct,Midwest,Illinois,Women's Athletic Footwear,Outlet,69.89,38.0,2655.82
107695,2024-11-24,West Gear,South,Oklahoma,Men's Apparel,,52.88,50.0,2644.0
107047,20 Oct 2024,Amazon,Midwest,Michigan,Accessories,Outlet,47.09,3.0,141.27
100222,08 Feb 2023,  West Gear ,Southeast,Florida,Men's Street Footwear,online,98.64,18.0,1775.52
108311,04/06/2024,Walmart,Southeast,Florida,Women's Athletic Footwear,Online,43.4,53.0,
109559,16 Mar 2023,Kohl's,South,Texas,Outdoor Footwear,Online,28.5,19.0,541.5
106553,06/25/2022,j.d. sports,South,Louisiana,Men's Street Footwear,Online,74.46,12.0,893.52
106755,04/14/2023,Walmart,South,Texas,Outdoor Footwear,In-store,64.99,19.0,1234.81
103522,07/31/2023,AMAZON,Midwest,Michigan,Outdoor Footwear,outlet,85.19,22.0,1874.18
107063,10/14/2024,Walmart,Midwest,Ohio,Kids' Apparel,In-store,64.93,5.0,324.65
100259,31 Oct 2022,Kohl's,Southeast,Florida,Kids' Footwear,In-store,34.1,9.0,306.9
104820,10/03/2023,Walmart,West,Oregon,Women's Street Footwear,Outlet,47.61,1.0,47.61
109743,31/08/2022,West Gear,Midwest,Illinois,Women's Street Footwear,In-store,63.38,62.0,3929.56
108704,18-12-2022,Sports Direct,Southeast,Virginia,Men's Athletic Footwear,online,49.58,58.0,2875.64
106143,24-11-2022,  Amazon ,West,California,Kids' Footwear,Online,50.85,29.0,1474.65
105986,21-01-2024,Foot Locker,Northeast,Pennsylvania,Women's Athletic Footwear,Online,57.29,12.0,687.48
104765,23-09-2022,Amazon,Southeast,Georgia,Men's Street Footwear, Online,55.28,29.0,1603.12
108105,11 Oct 2024,Sports Direct,West,California,Men's Street Footwear,IN-STORE,59.42,43.0,2555.06
107879,05/07/2023,West Gear,Northeast,New York,Kids' Apparel,outlet,56.02,28.0,1568.56
100590,14/12/2023,  Amazon ,Northeast,New Jersey,Men's Apparel,Outlet,95.57,43.0,4109.51
103567,2024-02-29,West Gear,Northeast,Massachusetts,Women's Apparel,Outlet,44.62,,3301.88
106974,09/05/2024,Sports Direct,Midwest,Michigan,Kids' Footwear,Online,,49.0,1597.4
104117,11/04/2022,Adidas Online Store,South,Oklahoma,Women's Athletic Footwear,Online,67.53,24.0,
101450,04/27/2023,Kohl's,West,Washington,Men's Athletic Footwear,In-store,59.38,11.0,653.18
108095,10/21/2022,Walmart,Southeast,Florida,Women's Athletic Footwear,Online,49.64,21.0,1042.44
107400,20/11/2023,Sports Direct,SOUTHEAST,Georgia,Outdoor Footwear,Outlet,46.26,-42.0,1942.92
103302,04/14/2023,West Gear,Midwest,Wisconsin,Kids' Apparel,In-store,53.0,17.0,901.0
103482,2024-12-31,Foot Locker,West,Washington,Kids' Apparel, Online,82.03,14.0,1148.42
106062,23-10-2022,Sports Direct,Northeast,Massachusetts,Women's Street Footwear,In-store,10.02,39.0,390.78
105706,12 Jan 2023,Sports Direct,West,California,Accessories,In-store,60.83,83.0,5048.89
106931,2023-05-07,walmart,Midwest,Ohio,Kids' Footwear,Online,73.64,48.0,
107680,01/07/2022,Walmart,MIDWEST,,Outdoor Footwear,Online,77.54,1.0,77.54
108023,04/24/2022,West Gear,Northeast,New Jersey,Women's Street Footwear,In-store,68.13,56.0,3815.28
100365,08 Oct 2022,Amazon,South,Tennessee,Women's Street Footwear,In-store,53.23,10.0,532.3
109643,2022-01-15,Foot Locker,South,Oklahoma,Women's Street Footwear,In-store,64.28,20.0,1285.6
104276,03 Sep 2024,Walmart,Northeast,New York,Kids' Footwear,In-store,46.28,61.0,2823.08
109681,08-03-2023,  Foot Locker ,Midwest,Michigan,Accessories,In-store,,37.0,3292.26
108455,2024-04-14,Adidas Online Store,South,Louisiana,Women's Street Footwear,Online,75.78,48.0,3637.44
106745,01 Jun 2024,west gear,West,Arizona,Women's Athletic Footwear,In-store,24.44,41.0,1002.04
105605,2024-01-11,Sports Direct,Northeast,Massachusetts,Accessories, Online,56.66,12.0,679.92
100464,2023-07-30,Adidas Online Store,Northeast,Pennsylvania,Outdoor Footwear,In-store,35.44,35.0,1240.4
103063,06-03-2022,Kohl's,West,Washington,Men's Athletic Footwear,Online,86.56,52.0,4501.12
100380,07-02-2022,J.D. Sports,Southeast,Georgia,Kids' Footwear,in-store,44.8,66.0,2956.8
104221,10 Apr 2023,Kohl's,WEST,Arizona,Men's Athletic Footwear, In-store,35.26,11.0,387.86
104501,21/10/2022,West Gear,Southeast,,Women's Street Footwear,In-store,,37.0,1854.07
106126,16/05/2024,Adidas Online Store,MIDWEST,Michigan,Kids' Apparel,Online,55.94,20.0,1118.8
103107,18/04/2023,Sports Direct,Northeast,Pennsylvania,Accessories,Outlet,53.69,23.0,1234.87
106378,06 Apr 2022,Sports Direct,Northeast,New Jersey,Accessories,ONLINE,63.42,84.0,5327.28
108754,03/06/2022,J.D. SPORTS,WEST,Arizona,Kids' Apparel,outlet,74.31,12.0,891.72
104869,13/02/2023,Foot Locker,South,Oklahoma,Men's Athletic Footwear,Outlet,53.73,59.0,3170.07
102748,15 Jul 2022,Sports Direct,Southeast,Florida,Men's Athletic Footwear,Online,8.0,34.0,272.0
103930,18/04/2024,ADIDAS ONLINE STORE,West,Washington,Men's Street Footwear,Outlet,65.48,71.0,4649.08
109609,01/27/2023,Kohl's,South,Tennessee,Men's Street Footwear,In-store,44.06,55.0,2423.3
104888,23 Nov 2022,J.D. Sports,South,Tennessee,Women's Apparel,In-store,38.29,50.0,1914.5
109652,2023-08-15,Kohl's,Northeast,New York,Women's Street Footwear,Outlet,37.84,21.0,794.64
106239,27/08/2023,Walmart,Northeast,Massachusetts,Men's Apparel,in-store,61.73,10.0,617.3
101752,30 Aug 2022,Foot Locker,Midwest,Wisconsin,Kids' Apparel,OUTLET,104.14,41.0,4269.74
107790,09/07/2022,Walmart,Midwest,Wisconsin,Mens Athletic Footwear,Online,59.34,3.0,178.02
105241,09/13/2022,Foot Locker,South,Louisiana,Outdoor Footwear,In-store,44.59,57.0,2541.63
103459,07 Oct 2022,Kohl's,Northeast,New Jersey,Women's Athletic Footwear,Online,46.6,47.0,2190.2
101779,05/08/2023,Kohl's,Northeast,Massachusetts,Kids' Apparel,In-store,65.41,40.0,2616.4
108605,24 Feb 2024,Kohl's,South,Texas,Kids' Apparel, In-store,67.84,9.0,610.56
103265,07/02/2023,walmart,South,Texas,Men's Apparel,,48.4,29.0,1403.6
105992,12/30/2024,Sports Direct,South,Tennessee,Kids' Apparel,Outlet,43.55,8.0,348.4
102070,11/10/2022,J.D. Sports,Midwest,Ohio,Outdoor Footwear, In-store,56.08,31.0,1738.48
101481,28-10-2022,J.D. Sports,Northeast,Pennsylvania,Accessories,In-store,57.51,21.0,1207.71
103717,2023-01-07,sports direct,South,Tennessee,Accessories,Outlet,67.73,22.0,1490.06
105866,15-07-2024,Foot Locker,Midwest,Wisconsin,Men's Street Footwear,In-store,60.64,10.0,606.4
103429,2023-09-12,Kohl's,Midwest,Wisconsin,Men's Street Footwear,In-store,24.32,59.0,1434.88
108189,2024-07-16,Adidas Online Store,Midwest,Illinois,Women's Street Footwear,Online,58.62,31.0,1817.22
108638,2024-07-30,J.D. Sports,Midwest,Ohio,Kids' Footwear,Online,63.57,50.0,3178.5
108492,02/03/2024,West Gear,Southeast,Georgia,Womens Street Footwear,Online,48.66,55.0,2676.3
104036,29 Jun 2023,J.D. Sports,Midwest,Michigan,Women's Street Footwear, Online,36.4,1.0,36.4
100694,02-12-2024,Foot Locker,Southeast,Georgia,Women's Street Footwear,Outlet,70.52,48.0,3384.96
103771,2024-08-14,KOHL'S,West,Arizona,Women's Athletic Footwear,Online,31.3,39.0,1220.7
100470,2024-09-23,Sports Direct,Southeast,North Carolina,Women's Street Footwear,Online,43.27,35.0,1514.45
106384,17-02-2023,J.D. Sports,SOUTH,Tennessee,Women's Street Footwear,Online,46.44,15.0,696.6
106512,2024-12-02,foot locker,Northeast,New York,Men's Athletic Footwear,In-store,68.83,1.0,68.83
103798,12 Feb 2024,Foot Locker,West,Arizona,Women's Street Footwear,In-store,20.01,54.0,1080.54
107365,16/09/2022,Adidas Online Store,Southeast,North Carolina,Men's Street Footwear,Outlet,69.58,40.0,2783.2
106794,23 Oct 2023,Walmart,Midwest,Illinois,Kids' Footwear,Outlet,54.73,37.0,2025.01
102169,02/09/2023,kohl's,Midwest,Michigan,Outdoor Footwear,In-store,65.55,11.0,721.05
100536,09/24/2023,Sports Direct,SOUTH,Texas,Men's Apparel,Online,85.56,26.0,2224.56
104845,07/12/2022,Adidas Online Store,Northeast,New York,Kids' Apparel,ONLINE,34.7,38.0,1318.6
101320,10-10-2022,Walmart,West,Oregon,Kids' Apparel,Outlet,58.66,68.0,3988.88
105928,23-08-2022,Walmart,South,Texas,Outdoor Footwear,In-store,29.26,31.0,907.06
108624,30-11-2023,sports direct,Southeast,North Carolina,Kids' Apparel,,73.85,30.0,2215.5
103610,16-08-2022,Kohl's,South,Texas,Outdoor Footwear,Outlet,15.41,13.0,200.33
104149,08-08-2023,AMAZON,Southeast,Georgia,Men's Street Footwear,In-store,,13.0,348.27
106516,02/26/2024,Sports Direct,WEST,Oregon,Men's Athletic Footwear,outlet,23.25,52.0,1209.0
103735,10-11-2022,West Gear,Northeast,New York,Kids' Apparel,Online,29.87,29.0,866.23
100445,03/03/2023,adidas online store,Midwest,Ohio,Kids' Footwear,Online,20.19,44.0,888.36
100691,2024-04-14,Foot Locker,Southeast,North Carolina,Kids' Footwear,Online,42.26,1.0,42.26
105318,25/05/2023,Amazon,Southeast,Florida,Women's Street Footwear,OUTLET,51.82,25.0,
105979,2024-12-18,Kohl's,West,Washington,Outdoor Footwear,Online,60.49,1.0,60.49
108764,02/07/2022,  Walmart ,South,Louisiana,Women's Street Footwear,In-store,20.12,29.0,583.48
101016,14 Jul 2024,Walmart,Midwest,Wisconsin,Women's Athletic Footwear,Online,59.92,36.0,2157.12
108899,30-05-2023,Sports Direct,South,Tennessee,Women's Street Footwear,Online,41.81,28.0,1170.68
108459,2023-01-10,Sports Direct,Southeast,North Carolina,Men's Athletic Footwear,online,48.19,55.0,2650.45
108461,13/10/2022,Kohl's,Northeast,New Jersey,Women's Street Footwear,In-store,40.47,55.0,2225.85
103728,2024-07-24,KOHL'S,Midwest,Michigan,Kids' Apparel,Outlet,60.15,2.0,120.3
108503,20 May 2022,WALMART,Midwest,Michigan,Women's Athletic Footwear,Online,71.3,36.0,2566.8
107346,16 Nov 2023,Kohl's,West,Arizona,Kids' Footwear,In-store,8.0,,408.0
109398,09/20/2023,Walmart,Southeast,Florida,Outdoor Footwear,In-store,67.84,6.0,407.04
101619,29/08/2023,Adidas Online Store,South,Texas,Women's Street Footwear,Online,62.61,34.0,2128.74
106303,15/09/2023,J.D. Sports,West,Arizona,Accessories,In-store,65.6,22.0,1443.2
106841,26 Mar 2024,J.D. Sports,Northeast,Massachusetts,Women's Street Footwear, Online,48.37,36.0,1741.32
100451,11/01/2024,Kohl's,Southeast,North Carolina,Men's Athletic Footwear,In-store,47.65,24.0,1143.6
101184,18/04/2022,KOHL'S,Northeast,New Jersey,Kids' Apparel,Online,35.15,63.0,2214.45
105603,07 Oct 2022,West Gear,Southeast,North Carolina,Men's Athletic Footwear,In-store,71.44,,500.08
104836,2023-09-10,Amazon,South,Louisiana,Accessories,Outlet,71.36,59.0,4210.24
106464,02/10/2022,J.D. Sports,Northeast,Pennsylvania,Women's Apparel,Online,70.76,50.0,3538.0
106631,10/04/2022,Walmart,West,Washington,Outdoor Footwear,In-store,79.49,25.0,1987.25
100717,01/07/2024,Amazon,Southeast,Virginia,Accessories,,24.62,13.0,320.06
109267,05/26/2024,Sports Direct,Northeast,New York,Men's Athletic Footwear,In-store,50.8,49.0,2489.2
104353,16-12-2023,Adidas Online Store,Northeast,Massachusetts,Women's Apparel,Online,61.55,67.0,4123.85
102616,13/11/2022,J.D. Sports,Northeast,,Men's Athletic Footwear,,,42.0,1340.22
108350,21-08-2022,Foot Locker,South,Oklahoma,Accessories,ONLINE,49.84,12.0,598.08
104377,08/02/2022,Foot Locker,Midwest,Michigan,Accessories,Online,45.16,38.0,2574.12
100835,20 Jul 2024,sports direct,Midwest,Michigan,Men's Athletic Footwear,Online,,42.0,2234.4
109334,26-05-2024,Amazon,West,,Women's Athletic Footwear,Online,27.85,53.0,1476.05
108237,2023-02-23,Sports Direct,South,Oklahoma,Accessories,OUTLET,,12.0,682.32
105919,24 May 2024,Walmart,South,Tennessee,Women's Apparel,Online,48.51,63.0,3056.13
103410,10/01/2023,Amazon,WEST,Arizona,Outdoor Footwear,ONLINE,33.97,52.0,1766.44
103496,2023-04-02,Foot Locker,Midwest,Illinois,Women's Athletic Footwear,Online,36.28,55.0,1995.4
106986,23 Dec 2024,West Gear,Southeast,Florida,Women's Athletic Footwear,In-store,83.22,48.0,3994.56
100670,07 May 2023,West Gear,Midwest,Illinois,Men's Apparel,In-store,35.92,11.0,395.12
105365,09/23/2022,J.D. SPORTS,West,California,Accessories,Outlet,24.12,21.0,506.52
108276,03/13/2024,Walmart,West,California,Kids' Apparel,In-store,56.31,5.0,281.55
109230,10/08/2024,Kohl's,Northeast,Pennsylvania,Women's Athletic Footwear,Online,53.11,44.0,2336.84
106853,18/08/2024,Walmart,Northeast,Massachusetts,Women's Apparel,Outlet,77.09,48.0,3700.32
103723,02-07-2022,  Sports Direct ,MIDWEST,Ohio,Women's Street Footwear,Online,12.79,10.0,127.9
109197,2024-09-24,adidas online store,Midwest,Illinois,Women's Athletic Footwear,In-store,20.92,52.0,1087.84
102515,07 Dec 2024,J.D. Sports,Southeast,Florida,Outdoor Footwear,Outlet,60.44,45.0,2719.8
105592,14 Jun 2024,West Gear,WEST,,Women's Athletic Footwear,Outlet,67.48,46.0,3104.08
107174,15 Mar 2024,Adidas Online Store,South,Tennessee,Kids' Apparel,outlet,50.55,41.0,2072.55
105768,02/06/2022,Foot Locker,South,Louisiana,Kids' Apparel,In-store,76.31,22.0,1678.82
109067,24/03/2022,J.D. Sports,West,Washington,Women's Apparel,Online,48.99,42.0,2057.58
101136,27 Mar 2023,Adidas Online Store,MIDWEST,Ohio,Men's Street Footwear,Outlet,31.47,15.0,472.05
104560,2023-03-20,Amazon,SOUTHEAST,North Carolina,Kids' Footwear,In-store,77.73,23.0,1787.79
101449,2022-06-20,J.D. Sports,WEST,California,Men's Athletic Footwear,In-store,19.55,42.0,821.1
101998,04/03/2024,Amazon,Midwest,Illinois,Women's Street Footwear,Online,50.86,43.0,2186.98
109531,27-12-2023,AMAZON,Southeast,Florida,Women's Apparel,Outlet,63.79,58.0,3699.82
109750,24/02/2023,Adidas Online Store,South,Louisiana,Kids' Apparel,In-store,28.07,18.0,
101879,14-10-2022,Adidas Online Store,SOUTHEAST,Georgia,Outdoor Footwear,In-store,68.36,24.0,1640.64
101847,04/09/2024,Kohl's,Midwest,Michigan,Women's Street Footwear,,48.08,44.0,2115.52
102135,30/04/2024,  Adidas Online Store ,MIDWEST,Illinois,Women's Apparel,In-store,16.7,1.0,16.7
105772,21-01-2024,J.D. Sports,South,Louisiana,Accessories,Online,42.49,9.0,382.41
103881,25/12/2024,Kohl's,Southeast,Florida,Outdoor Footwear,Outlet,86.05,57.0,4904.85
101651,16 Oct 2024,J.D. Sports,Northeast,Pennsylvania,Women's Street Footwear,Online,,1.0,32.14
106854,30/08/2022,Foot Locker,Northeast,New Jersey,Women's Athletic Footwear,In-store,81.27,19.0,1544.13
108049,2024-07-18,Amazon,SOUTH,Oklahoma,Men's Athletic Footwear,in-store,58.04,5.0,290.2
108057,2023-06-28,  Kohl's ,Northeast,New York,Women's Apparel,In-store,63.39,52.0,3296.28
105123,29 Mar 2024,Walmart,Northeast,Massachusetts,Accessories,Outlet,28.59,1.0,28.59
101713,29/08/2024,Sports Direct,Southeast,North Carolina,Women's Athletic Footwear,Online,0.0,1.0,21.04
104865,15 Apr 2023,Adidas Online Store,South,Oklahoma,Outdoor Footwear,Outlet,54.39,57.0,3100.23
109282,12/01/2022,J.D. Sports,Northeast,Massachusetts,Accessories,in-store,69.28,57.0,3948.96
108914,04-03-2024,Kohl's,Northeast,Massachusetts,Men's Apparel,Outlet,55.66,40.0,
108688,08-08-2023,J.D. Sports,South,,Men's Athletic Footwear,Outlet,80.31,,6023.25
105294,07/06/2024,Kohl's,Midwest,Ohio,Women's Athletic Footwear,In-store,64.98,45.0,2924.1
109328,2024-06-06,Amazon,SOUTH,Louisiana,Women's Street Footwear,In-store,69.88,8.0,559.04
104666,09 Jan 2023,Kohl's,Southeast,Virginia,Accessories,In-store,15.1,33.0,498.3
104576,05 Jun 2024,Adidas Online Store,South,Tennessee,Women's Athletic Footwear,Outlet,54.17,21.0,1137.57
100661,10/01/2023,West Gear,MIDWEST,Michigan,Kids' Apparel,Online,37.16,41.0,1523.56
100117,16 Sep 2024,Adidas Online Store,Midwest,Michigan,Women's Athletic Footwear,Outlet,74.46,36.0,
106855,13/02/2024,Foot Locker,Southeast,Florida,Women's Athletic Footwear,Outlet,82.61,26.0,2147.86
107753,05/08/2024,  Foot Locker ,West,Oregon,Kids' Footwear,In-store,,35.0,2489.55
101939,17 Jul 2023,Sports Direct,South,Oklahoma,Men's Athletic Footwear,Outlet,33.52,54.0,1810.08
105903,12 Sep 2022,Amazon,Midwest,Illinois,Men's Athletic Footwear,In-store,82.19,59.0,4849.21
100677,06/24/2024,WEST GEAR,Midwest,Michigan,Men's Apparel,In-store,,35.0,1736.7
101751,15-03-2023,AMAZON,West,California,Accessories,In-store,60.61,63.0,3818.43
101017,09 Jan 2024,J.D. Sports,Midwest,Michigan,Women's Apparel,In-store,36.24,49.0,1775.76
106698,06-12-2024,West Gear,Southeast,,Men's Street Footwear,Online,43.57,43.0,
101028,2023-01-16,Foot Locker,South,Louisiana,Kids' Footwear,Outlet,51.82,36.0,1865.52
108003,05/24/2024,West Gear,Midwest,Wisconsin,Outdoor Footwear,Outlet,62.34,27.0,1683.18
100672,28-06-2022,Walmart,West,Arizona,Kids' Footwear,outlet,63.99,46.0,2943.54
107056,26/10/2022,Sports Direct,West,,Kids' Footwear,In-store,67.82,32.0,2170.24
102818,26-09-2024,Sports Direct,West,Washington,Men's Athletic Footwear,In-store,18.61,49.0,911.89
108453,2022-09-03,AMAZON,Midwest,Wisconsin,Kids' Apparel,Online,78.49,66.0,7770.51
108969,30 Dec 2022,J.D. Sports,Southeast,North Carolina,Women's Street Footwear,OUTLET,88.23,46.0,4058.58
106741,06/21/2022,Sports Direct,Northeast,Pennsylvania,Men's Athletic Footwear,Outlet,69.53,25.0,1738.25
106272,07/17/2023,Sports Direct,Northeast,Massachusetts,Men's Apparel,Outlet,69.3,21.0,1455.3
102802,2023-11-08,Adidas Online Store,Northeast,,Outdoor Footwear,Online,12.97,17.0,220.49
104338,25/01/2023,Amazon,Midwest,Ohio,Women's Athletic Footwear,Outlet,73.61,,2944.4
102779,2023-02-06,West Gear,Northeast,New Jersey,Men's Apparel,Outlet,48.98,14.0,
105147,2024-03-10,West Gear,Midwest,Illinois,Women's Street Footwear,in-store,83.99,35.0,2939.65
100822,03 Jun 2023,Kohl's,SOUTH,Louisiana,Kids' Footwear,IN-STORE,62.56,7.0,
103049,21-10-2024,Walmart,Southeast,Florida,Outdoor Footwear,Outlet,48.18,48.0,2312.64
100087,16/09/2023,Adidas Online Store,West,California,Men's Street Footwear,Outlet,53.18,54.0,2871.72
106838,10/06/2023,West Gear,Southeast,Florida,Outdoor Footwear,In-store,36.14,26.0,939.64
109119,26 Mar 2022,Sports Direct,Midwest,Illinois,Outdoor Footwear,In-store,85.19,20.0,1703.8
100706,2024-10-20,Walmart,West,Arizona,Kids' Footwear,Outlet,106.62,39.0,4158.18
106970,09/18/2023,J.D. Sports,Northeast,New York,Men's Athletic Footwear,IN-STORE,88.51,5.0,442.55
102642,18 May 2023,  Amazon ,Southeast,Georgia,Men's Apparel,ONLINE,48.57,37.0,1797.09
109430,08 Feb 2022,adidas online store,Northeast,Pennsylvania,Outdoor Footwear,Online,64.83,55.0,3565.65
105983,13/10/2022,Kohl's,Southeast,Georgia,Women's Street Footwear,Outlet,64.49,40.0,2579.6
109497,2024-07-06,Walmart,West,Oregon,Accessories,In-store,74.6,69.0,5147.4
103514,21-12-2024,Kohl's,South,Texas,Kids' Footwear, In-store,,1.0,45.96
103926,29-08-2022,Kohl's,Southeast,Virginia,Women's Street Footwear,In-store,68.27,59.0,4027.93
107178,25 May 2024,J.D. Sports,Northeast,Pennsylvania,Women's Athletic Footwear,Outlet,74.78,1.0,
102280,07-11-2022,J.D. Sports,South,Tennessee,Men's Street Footwear,IN-STORE,29.52,20.0,
101232,27-08-2022,Sports Direct,SOUTH,Louisiana,Women's Athletic Footwear,Outlet,89.17,72.0,9630.36
106422,20/06/2023,West Gear,Midwest,Ohio,Men's Athletic Footwear,Online,10.72,57.0,611.04
108680,2023-05-26,Amazon,Midwest,Illinois,Men's Apparel,In-store,57.67,12.0,692.04
105486,07/01/2023,Kohl's,West,Arizona,Men's Athletic Footwear,Outlet,32.94,,1416.42
100206,2024-12-22,Sports Direct,Midwest,Wisconsin,Men's Apparel,In-store,74.87,61.0,4567.07
103994,04/07/2022,Kohl's,Northeast,Pennsylvania,Accessories,Outlet,66.25,20.0,1325.0
104459,2022-08-04,Walmart,West,Arizona,Women's Street Footwear,In-store,78.45,46.0,3608.7
100570,22-12-2023,Sports Direct,SOUTHEAST,North Carolina,Accessories,Online,42.28,29.0,1226.12
104913,11/06/2024,Kohl's,SOUTH,Texas,Men's Apparel,Outlet,54.14,46.0,2490.44
109516,21-12-2024,West Gear,Southeast,Virginia,Women's Street Footwear,Outlet,66.2,1.0,66.2
108008,07-10-2023,Foot Locker,West,California,Women's Athletic Footwear,In-store,46.98,,234.9
107650,06 Jul 2022,West Gear,Southeast,Virginia,Women's Street Footwear,Outlet,74.45,33.0,2456.85
101133,11-03-2023,Sports Direct,Southeast,Florida,Outdoor Footwear,Online,63.3,3.0,189.9
101947,16-01-2023,J.D. Sports,Southeast,Georgia,Women's Street Footwear,In-store,66.55,47.0,3127.85
101377,12 Aug 2022,Foot Locker,Midwest,Illinois,Men's Apparel,In-store,69.0,60.0,4140.0
106243,15/10/2022,Kohl's,South,Oklahoma,Men's Street Footwear,In-store,71.21,19.0,1352.99
103620,29-03-2024,Amazon,SOUTH,Texas,Accessories,Outlet,58.02,26.0,1508.52
102503,12/01/2023,Sports Direct,NORTHEAST,Pennsylvania,Men's Athletic Footwear,In-store,55.09,46.0,2534.14
103839,12/07/2023,J.D. Sports,Southeast,Virginia,Accessories,OUTLET,69.48,1.0,69.48
106268,01 Apr 2023,Foot Locker,Northeast,,Women's Street Footwear,Online,35.3,47.0,1659.1
100282,2024-02-28,Walmart,WEST,California,Women's Street Footwear,Outlet,51.32,6.0,307.92
107704,02/03/2023,Sports Direct,West,Oregon,Kids' Footwear,In-store,55.02,17.0,935.34
108622,08 Jan 2023,Amazon,Northeast,Pennsylvania,Men's Athletic Footwear,Outlet,82.93,1.0,82.93
101536,07/30/2023,Amazon,South,,Women's Athletic Footwear,In-store,51.66,36.0,1859.76
106190,17-04-2023,Adidas Online Store,South,Tennessee,Women's Athletic Footwear,Online,82.81,60.0,4968.6
104318,11/03/2023,Adidas Online Store,South,Louisiana,Men's Apparel,Online,64.43,35.0,2255.05
105917,21-12-2024,Foot Locker,Midwest,Ohio,Men's Street Footwear,In-store,70.28,22.0,1546.16
100403,2023-02-19,Walmart,West,Oregon,Women's Street Footwear,Online,59.77,36.0,2151.72
107858,08-01-2022,Walmart,Northeast,New Jersey,Women's Street Footwear,In-store,63.42,50.0,3171.0
107926,10 Aug 2024,WALMART,Northeast,New Jersey,Mens Apparel,Outlet,32.94,22.0,724.68
102694,13-05-2024,Foot Locker,Southeast,  North Carolina  ,Kids' Footwear,Outlet,80.33,11.0,883.63
102686,25-04-2023,Amazon,South,Tennessee,Men's Street Footwear,Outlet,72.81,53.0,3858.93
107786,01/12/2024,Walmart,Southeast,Georgia,Women's Apparel,Outlet,55.52,30.0,1665.6
108279,15-11-2023,Sports Direct,Midwest,Michigan,Women's Apparel,outlet,58.66,31.0,1818.46
100040,2023-11-23,Kohl's,Southeast,Florida,Kids' Apparel,IN-STORE,51.14,1.0,51.14
101280,27/10/2024,Adidas Online Store,South,Texas,Kids' Footwear,In-store,35.87,68.0,2439.16
106452,09/06/2024,Amazon,Midwest,Illinois,Kids' Apparel,Outlet,,34.0,272.0
103670,17 Mar 2022,Foot Locker,Southeast,North Carolina,Women's Street Footwear,In-store,20.81,46.0,957.26
103106,30 Jan 2023,Walmart,South,Louisiana,Outdoor Footwear,In-store,49.93,40.0,1997.2
101290,29 May 2023,walmart,West,Washington,Men's Street Footwear, Outlet,58.16,42.0,2442.72
106461,28 Nov 2024,Amazon,West,Arizona,Men's Apparel,In-store,36.07,23.0,829.61
108723,03/28/2024,Amazon,WEST,Washington,Men's Street Footwear,In-store,42.05,33.0,1387.65
109617,16/08/2023,Adidas Online Store,Southeast,Virginia,Women's Athletic Footwear,online,28.61,47.0,1344.67
101053,24 Oct 2024,Sports Direct,Northeast,New Jersey,Men's Apparel,Online,68.24,51.0,3480.24
106916,10-12-2024,Walmart,Northeast,New York,Men's Athletic Footwear,Online,82.04,45.0,3691.8
105047,2024-08-30,Sports Direct,Northeast,New York,Men's Athletic Footwear,Online,,50.0,1397.0
107710,26 Mar 2022,Adidas Online Store,Southeast,Georgia,Men's Apparel,,56.77,1.0,56.77
103067,2024-12-12,Adidas Online Store,Northeast,Pennsylvania,Women's Athletic Footwear,In-store,59.96,26.0,1558.96
104602,19/07/2022,Walmart,Southeast,Virginia,Men's Athletic Footwear,Outlet,75.3,35.0,2635.5
100867,24-11-2023,Sports Direct,Southeast,Georgia,Kids' Footwear,OUTLET,14.4,45.0,648.0
104186,09/10/2022,West Gear,South,Louisiana,Women's Apparel,Online,64.29,37.0,2378.73
108405,26-04-2023,J.D. Sports,Northeast,Pennsylvania,Women's Street Footwear,Online,58.02,42.0,2436.84
104940,11-03-2024,Amazon,South,Texas,Men's Apparel,Online,38.72,46.0,1781.12
106932,06/26/2024,Walmart,Northeast,Pennsylvania,Women's Apparel,In-store,50.71,32.0,1622.72
100436,2024-09-19,Adidas Online Store,South,Oklahoma,Men's Apparel,Outlet,54.62,22.0,1201.64
108812,07 Nov 2022,Adidas Online Store,West,Oregon,Women's Street Footwear,In-store,8.0,43.0,344.0
104996,2024-07-15,Kohl's,South,Louisiana,Kids' Apparel,Online,67.77,57.0,3862.89
105759,2023-09-13,Amazon,WEST,Oregon,Outdoor Footwear,Outlet,52.48,53.0,2781.44
101370,20 Oct 2022,Adidas Online Store,South,Tennessee,Accessories,Online,71.71,26.0,1864.46
105454,17/02/2022,Kohl's,West,Oregon,Accessories,Outlet,42.51,39.0,1657.89
100449,25/10/2022,Adidas Online Store,NORTHEAST,Massachusetts,Men's Street Footwear,Online,80.11,14.0,1121.54
103005,18/04/2022,J.D. Sports,Southeast,Florida,Kids' Footwear,In-store,33.21,59.0,1959.39
100019,2024-07-08,J.D. Sports,West,Arizona,Men's Athletic Footwear,In-store,,64.0,1978.88
107516,28 Jul 2022,SPORTS DIRECT,South,Tennessee,Kids' Apparel,Online,35.68,10.0,356.8
100934,2022-11-08,Sports Direct,WEST,California,Women's Street Footwear,In-store,38.82,48.0,1863.36
107497,2022-02-09,Kohl's,West,Washington,Men's Athletic Footwear, Outlet,43.11,13.0,560.43
105072,28 Dec 2024,Adidas Online Store,Midwest,Ohio,Women's Apparel,Outlet,39.24,26.0,1020.24
101453,02/11/2023,J.D. Sports,Northeast,Pennsylvania,Women's Apparel,In-store,,37.0,1453.36
107689,06/21/2023,  Adidas Online Store ,Southeast,North Carolina,Kids' Apparel,ONLINE,62.73,84.0,5269.32
106620,11-09-2023,J.D. SPORTS,Northeast,Massachusetts,Women's Street Footwear,In-store,93.07,15.0,1396.05
103669,06-03-2022,amazon,Midwest,Wisconsin,Women's Street Footwear,Online,48.88,24.0,1173.12
106018,26 Oct 2024,Foot Locker,West,Arizona,Women's Athletic Footwear,Outlet,33.25,,665.0
108814,2024-10-21,Amazon,Southeast,Florida,Men's Apparel, Outlet,72.78,17.0,1237.26
102744,24-07-2023,Walmart,Midwest,Michigan,Men's Athletic Footwear,Outlet,50.74,33.0,1674.42
101524,08/11/2023,Amazon,South,Texas,Kids' Apparel,Outlet,8.0,41.0,328.0
105868,22 Oct 2023,Sports Direct,Southeast,North Carolina,Kids' Apparel, Online,62.26,56.0,3486.56
103274,25-06-2023,West Gear,Southeast,North Carolina,Women's Athletic Footwear,In-store,14.58,35.0,510.3
107239,26 Nov 2023,Sports Direct,Southeast,Virginia,Kids' Footwear,In-store,64.98,31.0,2014.38
108781,08-05-2024,Adidas Online Store,Southeast,Florida,Kids' Footwear,In-store,65.4,79.0,5166.6
102922,10/02/2022,Foot Locker,NORTHEAST,New York,Women's Athletic Footwear,Online,37.93,5.0,189.65
106555,19/09/2023,Amazon,Southeast,Georgia,Men's Athletic Footwear,Online,64.44,48.0,3093.12
104593,2023-08-18,Foot Locker,MIDWEST,Ohio,Outdoor Footwear,Outlet,49.47,23.0,1137.81
102742,27 Oct 2024,Kohl's,South,Tennessee,Women's Athletic Footwear,outlet,74.91,50.0,3745.5
104848,09/03/2023,Kohl's,West,Washington,Men's Apparel,Outlet,93.13,54.0,
108836,04-03-2024,Amazon,Northeast,New York,Accessories,In-store,63.76,14.0,892.64
108918,2022-06-29,West Gear,Midwest,Ohio,Men's Athletic Footwear,In-store,77.47,55.0,4260.85
100527,11 May 2022,AMAZON,Southeast,Georgia,Kids' Footwear,Outlet,35.23,50.0,1761.5
102785,24 Mar 2023,AMAZON,South,Louisiana,Men's Apparel,In-store,50.81,65.0,3302.65
100205,24-07-2023,Adidas Online Store,Southeast,Georgia,Women's Street Footwear,Online,68.66,26.0,1785.16
106878,11 Jan 2022,Amazon,South,Oklahoma,Men's Athletic Footwear,outlet,46.21,32.0,1478.72
103160,11 Sep 2024,Foot Locker,Northeast,New York,Kids' Footwear,outlet,74.64,43.0,3209.52
100159,29 Apr 2023,Amazon,Southeast,Florida,Women's Street Footwear,Online,112.22,22.0,2468.84
107090,17-04-2023,West Gear,West,Washington,Accessories,Outlet,93.3,41.0,
104978,22-02-2023,Adidas Online Store,Midwest,Ohio,Men's Apparel,Outlet,61.29,1.0,61.29
101566,07/08/2022,Sports Direct,Midwest,Michigan,Women's Athletic Footwear,in-store,34.17,40.0,
106585,26-01-2023,West Gear,Midwest,Illinois,Men's Street Footwear,Outlet,91.94,39.0,3585.66
101342,2023-12-25,Walmart,Midwest,Illinois,Men's Street Footwear,Online,31.12,41.0,1275.92
100831,30 Dec 2023,walmart,West,Arizona,Outdoor Footwear,Online,58.58,35.0,2050.3
101091,29 May 2022,Kohl's,South,Tennessee,Men's Apparel,Outlet,76.9,38.0,2922.2
103952,22/08/2022,Foot Locker,Midwest,Wisconsin,Men's Apparel,In-store,57.19,22.0,1258.18
103626,23-10-2023,West Gear,Northeast,New Jersey,Women's Athletic Footwear,Outlet,55.99,1.0,55.99
102154,30 Nov 2023,Amazon,Northeast,Massachusetts,Accessories,In-store,63.85,26.0,1660.1
108073,29-04-2024,Sports Direct,West,Washington,Kids' Footwear,Outlet,85.55,17.0,2181.5249999999996
102114,2024-05-15,Adidas Online Store,Northeast,New Jersey,Women's Street Footwear,Online,50.52,47.0,2374.44
107758,17-02-2022,  Amazon ,Midwest,Ohio,Accessories,Online,83.17,36.0,2994.12
102856,27-12-2023,Amazon,West,California,Men's Street Footwear,Online,41.55,31.0,1288.05
102353,27 Nov 2024,Walmart,Southeast,Florida,Accessories,OUTLET,52.01,50.0,2600.5
104753,29-05-2023,Adidas Online Store,SOUTHEAST,Florida,Kids' Footwear,Outlet,75.99,36.0,2735.64
106844,08/08/2022,West Gear,West,Arizona,Men's Apparel,Outlet,88.48,25.0,2212.0
107188,01/17/2022,J.D. Sports,Northeast,New Jersey,Outdoor Footwear,Online,17.17,,240.38
108718,09/01/2023,Foot Locker,Southeast,Florida,Women's Street Footwear,In-store,50.35,31.0,1560.85
100310,15 Nov 2022,Foot Locker,WEST,California,Kids' Footwear,Online,67.63,38.0,2569.94
108487,09/05/2024,Walmart,Midwest,Illinois,Kids' Apparel,online,,5.0,265.7
100270,24 Jul 2024,Walmart,Southeast,Georgia,Men's Athletic Footwear,,34.48,28.0,965.44
102843,01/20/2024,Adidas Online Store,Midwest,  Illinois  ,Kids' Footwear,Online,29.29,45.0,1318.05
100777,19 Mar 2024,West Gear,West,Washington,Men's Apparel,Outlet,,39.0,1558.83
109304,12-12-2023,West Gear,Northeast,Pennsylvania,Women's Athletic Footwear,In-store,27.91,28.0,781.48
103998,11-03-2022,West Gear,West,Oregon,Men's Street Footwear,Outlet,,47.0,376.0
105608,29-11-2024,Sports Direct,West,Washington,Kids' Apparel,Outlet,42.08,40.0,1683.2
101983,21 Aug 2024,J.D. Sports,Southeast,Virginia,Women's Street Footwear,In-store,78.84,106.0,8357.04
108996,2023-12-26,Walmart,Southeast,Virginia,Men's Apparel,Outlet,,31.0,1359.04
103622,2023-10-25,West Gear,MIDWEST,Illinois,Women's Apparel,ONLINE,45.35,11.0,498.85
100795,18 Sep 2024,West Gear,Midwest,Illinois,Accessories,In-store,74.67,49.0,3658.83
102930,02/22/2024,adidas online store,SOUTH,Louisiana,Accessories,Online,42.0,52.0,2184.0
106763,11/05/2022,West Gear,South,Texas,Women's Apparel,online,59.95,31.0,1858.45
108048,13 Aug 2024,Sports Direct,Northeast,Massachusetts,Accessories,Outlet,83.14,73.0,6069.22
101104,2024-09-10,ADIDAS ONLINE STORE,WEST,Washington,Women's Athletic Footwear, Outlet,11.36,1.0,17.04
101683,2024-02-18,Foot Locker,South,Tennessee,Men's Athletic Footwear,IN-STORE,55.18,51.0,2814.18
103088,2022-10-06,Walmart,Northeast,Massachusetts,Kids' Footwear,Outlet,28.46,48.0,1366.08
100234,2022-08-18,Sports Direct,South,Oklahoma,Men's Street Footwear,In-store,56.93,18.0,1024.74
105966,16-12-2023,J.D. Sports,West,California,Accessories,Outlet,85.89,,4809.84
108335,2022-09-02,West Gear,Northeast,Pennsylvania,Kids' Apparel,IN-STORE,52.47,23.0,1206.81
102265,02/17/2023,Sports Direct,South,Oklahoma,Women's Apparel,Outlet,80.47,12.0,965.64
108895,16 Oct 2024,J.D. Sports,Northeast,New Jersey,Men's Street Footwear,Online,61.82,40.0,2472.8
101967,01-02-2022,kohl's,MIDWEST,Illinois,Kids' Apparel,Online,64.16,15.0,962.4
106826,11/06/2023,Kohl's,Northeast,Pennsylvania,Women's Apparel,Online,58.37,18.0,1050.66
109591,2022-11-03,J.D. Sports,Southeast,North Carolina,Women's Apparel,OUTLET,51.62,2.0,103.24
106203,27/06/2024,  West Gear ,Midwest,Illinois,Accessories, In-store,76.85,16.0,1229.6
105701,2024-07-23,Adidas Online Store,Southeast,Florida,Women's Athletic Footwear,Outlet,98.73,13.0,1283.49
104313,2022-05-25,Kohl's,West,Arizona,Men's Athletic Footwear,Online,22.78,76.0,1731.28
104892,07/27/2023,Foot Locker,Northeast,New Jersey,Kids' Footwear,In-store,58.02,34.0,1972.68
105256,02/07/2023,Foot Locker,Midwest,Ohio,Kids' Apparel,Outlet,65.97,30.0,1979.1
104500,15-05-2022,Amazon,South,Texas,Outdoor Footwear,Online,61.39,35.0,2148.65
109528,09-08-2022,Amazon,Northeast,Pennsylvania,Men's Street Footwear,Outlet,36.74,30.0,1102.2
100162,30 Oct 2023,  J.D. Sports ,Northeast,New York,Accessories,Online,36.83,11.0,
101980,01/07/2022,Walmart,South,Tennessee,Women's Athletic Footwear,Outlet,39.3,54.0,2122.2
101184,18/04/2022,KOHL'S,Northeast,New Jersey,Kids' Apparel,Online,35.15,63.0,2214.45
108992,2023-08-07,Walmart,Northeast,New Jersey,Accessories,Online,97.32,1.0,97.32
102301,19/03/2024,Kohl's,Midwest,Michigan,Kids' Apparel,In-store,21.11,22.0,464.42
102788,12/29/2022,J.D. Sports,South,Louisiana,Kids' Footwear,Online,39.07,60.0,2344.2
105307,12/03/2024,Foot Locker,South,Texas,Women's Street Footwear,Online,51.16,15.0,767.4
100363,04/12/2024,Sports Direct,Southeast,North Carolina,Women's Street Footwear,In-store,72.48,10.0,724.8
105086,2023-05-17,Adidas Online Store,South,Tennessee,Kids' Footwear,Outlet,56.35,54.0,3042.9
104266,12 Mar 2024,West Gear,Northeast,New York,Women's Athletic Footwear,Outlet,50.9,43.0,2188.7
108052,05/18/2022,Foot Locker,Midwest,Ohio,Men's Street Footwear,Online,66.36,42.0,2787.12
100382,11/06/2024,Kohl's,Midwest,Wisconsin,Women's Apparel,Online,60.32,39.0,
100265,06/04/2024,Sports Direct,Southeast,Georgia,Men's Athletic Footwear,Outlet,60.11,37.0,2224.07
104510,01/18/2024,Walmart,South,Tennessee,Women's Street Footwear,Outlet,80.97,31.0,2510.07
107041,08 Jul 2022,foot locker,WEST,California,Outdoor Footwear,Outlet,50.81,62.0,3150.22
107868,01/28/2023,  Amazon ,South,Louisiana,Men's Street Footwear,Online,50.99,4.0,203.96
107113,04/14/2023,West Gear,West,Arizona,Men's Street Footwear,Online,72.04,30.0,2161.2
103102,2023-06-25,Foot Locker,Midwest,Illinois,Kids' Footwear,Outlet,46.77,30.0,1403.1
101413,28-10-2022,Kohl's,West,Washington,Women's Athletic Footwear,In-store,76.94,26.0,
105184,08-12-2023,West Gear,South,Oklahoma,Mens Athletic Footwear,Outlet,20.29,1.0,20.29
102168,09/21/2023,Amazon,South,Tennessee,Outdoor Footwear,outlet,58.8,47.0,2763.6
108922,31/12/2023,Foot Locker,West,Washington,Women's Street Footwear,Outlet,20.23,48.0,971.04
105773,05/07/2022,Kohl's,Midwest,Ohio,Outdoor Footwear,Online,31.95,42.0,1341.9
104953,11/11/2022,Sports Direct,SOUTH,Texas,Accessories,Outlet,56.12,27.0,1515.24
102994,25 Dec 2022,Sports Direct,Southeast,North Carolina,Women's Street Footwear,In-store,,32.0,
103555,19/03/2024,J.D. Sports,South,Texas,Accessories,Online,,28.0,1161.16
101109,29/06/2024,Adidas Online Store,South,Texas,Men's Athletic Footwear,In-store,89.43,54.0,4829.22
102750,17 Sep 2023,Walmart,Southeast,Georgia,Women's Athletic Footwear,Outlet,69.74,22.0,1534.28
107454,28 Oct 2023,Kohl's,Northeast,New York,Accessories,In-store,35.37,54.0,1909.98
102345,19/06/2024,j.d. sports,Midwest,Ohio,Outdoor Footwear,In-store,41.22,28.0,1154.16
103795,10/14/2022,Walmart,Southeast,Florida,Kids' Apparel,Online,57.52,32.0,1840.64
108245,2023-03-30,J.D. Sports,SOUTHEAST,Georgia,Women's Apparel,outlet,34.03,35.0,1191.05
106001,2024-10-02,  Foot Locker ,West,Arizona,Kids' Footwear,In-store,20.67,44.0,909.48
107103,04 Jan 2022,Amazon,Midwest,Ohio,Men's Apparel,Outlet,65.12,17.0,1107.04
107989,2023-07-01,Amazon,Southeast,Florida,Men's Athletic Footwear,Online,73.04,74.0,5404.96
106329,10/02/2024,Adidas Online Store,West,Washington,Men's Street Footwear,Online,67.81,27.0,1830.87
104885,06/15/2022,Walmart,West,Washington,Women's Athletic Footwear,In-store,52.23,36.0,1880.28
102142,29/01/2023,West Gear,Southeast,North Carolina,Men's Street Footwear,Online,57.29,40.0,2291.6
101489,08/06/2023,j.d. sports,South,Oklahoma,Accessories,Outlet,,17.0,1207.34
101102,06-12-2024,Adidas Online Store,Southeast,Virginia,Men's Athletic Footwear,In-store,53.61,3.0,160.83
106506,03/21/2022,AMAZON,Midwest,Ohio,Men's Apparel, Online,28.73,15.0,430.95
109243,12-09-2022,Sports Direct,Southeast,North Carolina,Men's Street Footwear,Online,48.91,62.0,3032.42
104687,23 Dec 2022,Sports Direct,NORTHEAST,New York,Women's Athletic Footwear,Online,47.41,43.0,2038.63
106526,26-02-2023,Amazon,Northeast,New Jersey,Kids' Apparel,Outlet,58.01,16.0,928.16
103090,24/06/2024,Walmart,South,Oklahoma,Kids' Footwear,Outlet,54.85,84.0,4607.4
106573,13 Aug 2022,Amazon,Midwest,Illinois,Women's Street Footwear,Online,54.9,53.0,2909.7
105438,11/04/2023,KOHL'S,South,Texas,Outdoor Footwear,Outlet,20.05,13.0,260.65
107884,10/24/2023,Adidas Online Store,Midwest,Ohio,Men's Apparel,Online,66.54,26.0,1730.04
100631,2024-04-29,Kohl's,West,California,Men's Athletic Footwear,In-store,70.84,70.0,4958.8
102844,07/11/2023,Adidas Online Store,Midwest,Illinois,Kids' Footwear,OUTLET,59.07,47.0,2776.29
108169,2024-03-27,  Kohl's ,Southeast,Florida,Accessories, Online,79.46,1.0,79.46
106885,2024-11-09,Kohl's,South,Louisiana,Women's Street Footwear,Outlet,47.18,1.0,
108004,13 Feb 2023,Amazon,South,Louisiana,Women's Apparel,Online,21.61,18.0,388.98
104997,2023-04-13,Foot Locker,West,Washington,Men's Apparel,In-store,47.99,29.0,1391.71
105922,22-03-2022,West Gear,West,Washington,Women's Street Footwear,Online,,69.0,5894.67
104968,24-05-2024,Walmart,Midwest,Michigan,Outdoor Footwear,In-store,65.5,1.0,65.5
103585,22-08-2022,Adidas Online Store,Northeast,New Jersey,Kids' Apparel,Outlet,21.28,49.0,1042.72
108963,29/05/2023,J.D. Sports,NORTHEAST,New Jersey,Kids' Apparel,Outlet,82.39,61.0,7538.6849999999995
102243,12/12/2023,Adidas Online Store,South,Texas,Kids' Apparel,Outlet,70.67,38.0,2685.46
103055,13-01-2023,West Gear,Midwest,Wisconsin,Women's Apparel,Outlet,66.3,14.0,928.2
109326,30-11-2023,Sports Direct,Midwest,Wisconsin,Kids' Apparel,Online,57.22,43.0,2460.46
108977,27/08/2023,J.D. Sports,Northeast,New York,Accessories,Online,69.67,54.0,3762.18
105748,19-07-2022,Amazon,WEST,Arizona,Men's Apparel,Online,47.8,21.0,1003.8
109015,10/24/2024,Walmart,Midwest,Illinois,Men's Apparel,In-store,40.64,28.0,1137.92
103122,2024-10-13,West Gear,Midwest,Ohio,Women's Athletic Footwear,Outlet,32.41,11.0,356.51
106240,04/03/2024,AMAZON,WEST,Washington,Women's Athletic Footwear, Online,38.13,8.0,305.04
102472,19 Jul 2024,Adidas Online Store,South,Oklahoma,Men's Street Footwear,Outlet,71.58,22.0,1574.76
101989,14-05-2024,Adidas Online Store,West,Washington,Mens Athletic Footwear,online,29.69,71.0,2107.99
106333,22/02/2022,J.D. Sports,Midwest,Michigan,Kids' Footwear,Online,,34.0,1929.84
105652,01 Apr 2023,J.D. Sports,MIDWEST,Michigan,Men's Athletic Footwear, In-store,92.53,19.0,1758.07
100964,07/15/2022,Walmart,South,Tennessee,Women's Street Footwear,Outlet,78.32,22.0,1723.04
101946,15/04/2023,Foot Locker,West,Washington,Women's Street Footwear, Outlet,59.12,1.0,59.12
107515,2024-09-13,  J.D. Sports ,South,Louisiana,Men's Street Footwear,Outlet,87.39,40.0,3495.6
105174,2022-01-20,KOHL'S,Southeast,Florida,Men's Street Footwear,Online,85.08,28.0,2382.24
105977,2022-04-09,J.D. SPORTS,SOUTH,Louisiana,Women's Athletic Footwear,In-store,45.44,23.0,1045.12
105812,08 Jun 2023,Kohl's,South,Texas,Men's Athletic Footwear,Outlet,57.17,23.0,1314.91
101567,22 Oct 2022,Sports Direct,Southeast,North Carolina,Men's Athletic Footwear,ONLINE,56.14,44.0,2470.16
103919,2022-03-26,Adidas Online Store,Northeast,Massachusetts,Accessories,In-store,,51.0,3027.36
107319,17 Aug 2022,  Sports Direct ,MIDWEST,Michigan,Women's Street Footwear,outlet,42.6,27.0,1150.2
103731,04/01/2024,Sports Direct,West,Arizona,Outdoor Footwear,In-store,51.18,49.0,2507.82
101015,03/07/2022,Amazon,South,Tennessee,Men's Apparel,Outlet,54.23,39.0,2114.97
109253,20/01/2022,  Walmart ,Northeast,Pennsylvania,Accessories,Online,,16.0,790.4
106202,03/10/2024,Foot Locker,South,,Men's Athletic Footwear,outlet,16.16,50.0,808.0
108220,02/01/2022,Adidas Online Store,Northeast,New York,Accessories,In-store,95.4,27.0,2575.8
106748,2024-11-21,Walmart,Midwest,Michigan,Accessories,Online,36.98,9.0,332.82
105324,2024-06-30,Amazon,Northeast,Massachusetts,Women's Athletic Footwear,In-store,15.89,40.0,635.6
106345,04-08-2022,sports direct,Midwest,Ohio,Men's Athletic Footwear,Outlet,66.76,2.0,133.52
109350,05/06/2024,Amazon,Midwest,Ohio,Men's Athletic Footwear,Online,75.56,50.0,3778.0
106804,26 Jun 2024,West Gear,Southeast,Virginia,Men's Athletic Footwear, Outlet,62.9,30.0,1887.0
107851,11 Jun 2022,Amazon,Midwest,Michigan,Men's Athletic Footwear,In-store,,33.0,1796.19
109164,28/04/2022,Kohl's,SOUTH,Louisiana,Accessories,In-store,67.69,1.0,67.69
103651,2024-04-14,Adidas Online Store,NORTHEAST,New Jersey,Women's Apparel, In-store,73.0,54.0,3942.0
106010,21-08-2024,J.D. Sports,Southeast,Georgia,Women's Street Footwear,Online,34.9,,1465.8
102083,07/11/2023,West Gear,Northeast,New Jersey,Men's Apparel,Online,38.44,62.0,2383.28
106071,21-04-2022,Walmart,Southeast,Florida,Men's Street Footwear, Online,0.0,2.0,82.42
101702,04/05/2022,West Gear,Midwest,Michigan,Accessories,Online,61.18,28.0,2569.56
109674,31-07-2024,Amazon,South,Tennessee,Women's Apparel,Online,78.34,28.0,2193.52
103182,04/03/2022,Walmart,Southeast,Virginia,Kids' Footwear,Online,46.52,71.0,
107031,18-08-2022,Adidas Online Store,West,Oregon,Women's Street Footwear,In-store,44.12,58.0,2558.96
107524,12/18/2022,Adidas Online Store,WEST,Oregon,Women's Street Footwear,In-store,67.29,63.0,4239.27
109152,04-12-2024,Kohl's,Southeast,Florida,Accessories,Online,38.61,99.0,3822.39
105206,2023-12-20,West Gear,Southeast,Virginia,Women's Athletic Footwear,In-store,34.36,54.0,1855.44
104616,2024-05-31,Foot Locker,South,Oklahoma,Outdoor Footwear,In-store,,36.0,1829.16
105855,2024-05-02,Adidas Online Store,Southeast,Virginia,Accessories,In-store,26.89,38.0,1021.82
108063,2023-07-06,West Gear,Southeast,Virginia,Womens Street Footwear,Online,46.78,38.0,1777.64
107999,08/29/2022,Walmart,Midwest,Wisconsin,Men's Street Footwear,Outlet,83.88,67.0,5619.96
108743,30/07/2024,Kohl's,Northeast,New York,Kids' Apparel,Outlet,34.56,40.0,1382.4
103238,05-12-2024,Amazon,South,Louisiana,Women's Street Footwear,Online,75.23,35.0,2633.05
105469,04/09/2024,KOHL'S,SOUTH,Tennessee,Women's Street Footwear,In-store,53.5,10.0,535.0
104900,2024-02-18,walmart,NORTHEAST,Massachusetts,Men's Apparel,in-store,60.62,36.0,2182.32
105030,30 Apr 2022,J.D. SPORTS,South,Texas,Accessories,In-store,,7.0,477.61
107434,04-11-2023,West Gear,NORTHEAST,New Jersey,Men's Apparel,Online,45.17,23.0,
104043,08/06/2022,J.D. Sports,SOUTHEAST,North Carolina,Accessories,Online,54.21,5.0,271.05
108867,02/20/2024,Amazon,SOUTHEAST,Florida,Men's Athletic Footwear,Outlet,44.38,7.0,310.66
105028,2024-05-15,J.D. Sports,South,Oklahoma,Outdoor Footwear,In-store,12.23,-52.0,635.96
107962,10/24/2024,Sports Direct,Northeast,New York,Men's Athletic Footwear,Outlet,70.2,13.0,912.6
107315,06-11-2024,Walmart,NORTHEAST,New York,Women's Athletic Footwear,Outlet,38.11,10.0,
107750,31/05/2024,J.D. Sports,Midwest,Ohio,Women's Apparel,Outlet,45.34,45.0,2040.3
105350,26 Nov 2022,Walmart,South,Louisiana,Women's Street Footwear,Online,74.6,33.0,2461.8
108260,2022-02-09,Foot Locker,West,Washington,Women's Athletic Footwear,In-store,28.86,57.0,1645.02
105149,08/26/2022,Walmart,MIDWEST,Michigan,Men's Street Footwear,Online,21.02,13.0,273.26
108929,14/04/2022,Adidas Online Store,West,Oregon,Men's Athletic Footwear,Online,34.04,18.0,612.72
102559,2023-10-16,J.D. Sports,South,Oklahoma,Women's Apparel,Outlet,22.55,41.0,924.55
105717,2022-04-01,Amazon,South,Louisiana,Women's Street Footwear,OUTLET,31.69,67.0,2123.23
108265,2024-02-19,Walmart,Northeast,New Jersey,Women's Apparel,Outlet,44.64,64.0,2856.96
103646,01 Apr 2023,Foot Locker,Southeast,Florida,Women's Apparel,Outlet,25.64,28.0,717.92
100116,2023-09-02,Adidas Online Store,SOUTHEAST,Virginia,Women's Apparel,Outlet,52.46,24.0,1259.04
100521,07-07-2024,J.D. Sports,SOUTH,Tennessee,Women's Street Footwear,Online,,8.0,367.12
100391,2024-12-29,West Gear,South,Louisiana,Kids' Apparel,Online,56.07,17.0,953.19
105852,11 Dec 2022,Adidas Online Store,South,Oklahoma,Kids' Apparel,Online,42.87,45.0,1929.15
109307,2024-02-02,Foot Locker,Midwest,Ohio,Kids' Footwear,In-store,17.18,56.0,962.08
107899,2023-07-03,Sports Direct,MIDWEST,Michigan,Men's Apparel,In-store,64.43,54.0,3479.22
108731,02/14/2023,Kohl's,South,Texas,Kids' Apparel,In-store,59.7,40.0,2388.0
102462,09/22/2024,Foot Locker,West,Washington,Kids' Apparel,Outlet,67.65,7.0,
101864,28 Dec 2024,Foot Locker,West,Oregon,Men's Apparel, Outlet,60.94,52.0,3168.88
101827,12/08/2024,Walmart,Northeast,Massachusetts,Women's Apparel,Online,48.08,26.0,1250.08
102330,10-12-2024,West Gear,West,Washington,Kids' Footwear,Online,46.39,16.0,742.24
108072,23 May 2023,J.D. Sports,Midwest,Wisconsin,Kids' Apparel,Online,55.85,72.0,4021.2
103079,2023-03-18,Amazon,West,Oregon,Kids' Apparel,Online,65.17,36.0,2346.12
102507,28 Nov 2022,SPORTS DIRECT,South,Texas,Kids' Apparel,Online,74.39,1.0,74.39
108056,16 Mar 2022,West Gear,Midwest,Wisconsin,Kids' Apparel,Outlet,56.44,36.0,2031.84
104611,27-12-2024,Kohl's,Southeast,,Kids' Footwear,Online,60.38,2.0,120.76
108430,06-08-2023,Sports Direct,Midwest,Michigan,Men's Apparel,In-store,47.8,49.0,2342.2
101534,2023-07-05,Kohl's,Northeast,New Jersey,Women's Apparel,Outlet,,42.0,2527.98
109343,07 Oct 2022,Kohl's,Midwest,Wisconsin,Kids' Footwear,online,63.46,19.0,1205.74
107116,21 Jun 2022,J.D. Sports,Midwest,Illinois,Kids' Footwear,In-store,27.96,49.0,1370.04
106943,04 Mar 2023,J.D. Sports,Northeast,Pennsylvania,Men's Apparel,Online,33.01,33.0,1089.33
108322,02-12-2023,Adidas Online Store,West,California,Women's Street Footwear,In-store,37.82,1.0,37.82
108299,09 Jul 2023,Kohl's,West,Washington,Women's Apparel, Online,38.12,29.0,1105.48
104158,06/10/2023,Kohl's,West,Oregon,Women's Athletic Footwear,Online,42.55,60.0,2553.0
104910,2022-10-26,Adidas Online Store,SOUTH,Oklahoma,Men's Street Footwear,In-store,64.05,33.0,2113.65
102530,15 Oct 2023,Kohl's,Northeast,New Jersey,Women's Athletic Footwear,Online,62.39,57.0,3556.23
105059,08-07-2022,j.d. sports,Midwest,Ohio,Women's Street Footwear,Online,63.99,16.0,1023.84
101392,10-09-2022,West Gear,Northeast,New York,Men's Apparel,Online,78.07,1.0,78.07
106860,07/10/2023,Amazon,South,Oklahoma,Outdoor Footwear,Online,43.09,58.0,2499.22
101708,07/19/2023,Foot Locker,Southeast,Georgia,Women's Street Footwear,Online,56.75,1.0,56.75
102870,27/08/2022,Amazon,Southeast,Virginia,Men's Athletic Footwear,Outlet,50.21,12.0,602.52
102730,2022-08-22,Foot Locker,Midwest,Wisconsin,Accessories,Outlet,,36.0,2102.4
107521,01/27/2023,WALMART,WEST,Oregon,Women's Apparel,Outlet,84.35,27.0,2277.45
109619,12 Mar 2023,West Gear,West,California,Women's Athletic Footwear,online,68.24,53.0,3616.72
107647,09/10/2024,Foot Locker,South,Tennessee,Women's Street Footwear,Outlet,27.43,30.0,822.9
101256,2024-06-09,Adidas Online Store,Southeast,Virginia,Women's Apparel,In-store,70.92,20.0,1418.4
103673,19/04/2023,Sports Direct,Southeast,North Carolina,Men's Street Footwear,Outlet,,22.0,1412.4
100856,06-11-2022,Walmart,Midwest,Illinois,Accessories,In-store,61.57,19.0,1169.83
103530,19/05/2022,Adidas Online Store,Midwest,Ohio,Women's Athletic Footwear,Outlet,63.51,28.0,1778.28
109327,2022-03-06,Kohl's,Southeast,Georgia,Men's Athletic Footwear,Outlet,73.93,2.0,147.86
102978,24/02/2022,West Gear,Midwest,Ohio,Kids' Footwear,Online,62.41,22.0,2059.5299999999997
102652,29-07-2022,WEST GEAR,South,Louisiana,Accessories,,70.88,77.0,5457.76
102990,08-09-2022,J.D. Sports,West,California,Women's Athletic Footwear,In-store,38.67,39.0,1508.13
100251,24-06-2023,Walmart,West,California,Women's Athletic Footwear,Outlet,85.49,1.0,85.49
102011,11 Sep 2024,Adidas Online Store,West,Washington,Women's Street Footwear,Outlet,27.69,32.0,886.08
100838,12/24/2022,Foot Locker,Northeast,New Jersey,Women's Street Footwear, In-store,28.29,,1159.89
104223,10 Jan 2024,Foot Locker,South,Oklahoma,Outdoor Footwear,In-store,8.0,68.0,544.0
106606,18/08/2022,  West Gear ,Midwest,Ohio,Women's Street Footwear,Online,76.48,14.0,1070.72
107830,12 Apr 2022,j.d. sports,West,California,Men's Apparel,Online,69.43,39.0,2707.77
104839,2024-07-01,Sports Direct,WEST,Washington,Kids' Apparel, In-store,38.73,12.0,464.76
103273,14 Aug 2022,J.D. Sports,Northeast,New Jersey,Women's Apparel,online,67.46,,472.22
105130,26/10/2023,Kohl's,Midwest,Illinois,Accessories,In-store,57.99,44.0,2551.56
108684,2023-05-20,Foot Locker,Northeast,New Jersey,Men's Apparel,Online,52.77,21.0,1108.17
104321,07-02-2022,Amazon,Southeast,North Carolina,Women's Street Footwear,Outlet,43.9,11.0,482.9
102914,05-11-2022,Kohl's,South,Oklahoma,Women's Street Footwear,Online,17.99,62.0,1115.38
106894,31 Aug 2024,J.D. Sports,NORTHEAST,New York,Women's Street Footwear,Online,58.34,27.0,1575.18
109193,05-04-2024,  Adidas Online Store ,Southeast,Florida,Women's Apparel,ONLINE,67.95,28.0,1902.6
102935,01/01/2024,ADIDAS ONLINE STORE,Northeast,New York,Men's Athletic Footwear,In-store,81.02,40.0,3240.8
100843,2023-06-23,West Gear,Midwest,Illinois,Outdoor Footwear, In-store,95.05,50.0,4752.5
101953,22/03/2024,Amazon,Southeast,Virginia,Men's Athletic Footwear,In-store,42.6,26.0,1107.6
102649,2022-06-29,Foot Locker,Midwest,Ohio,Men's Athletic Footwear,Online,66.78,51.0,3405.78
103631,2023-11-22,J.D. Sports,Midwest,Ohio,Accessories,In-store,43.14,70.0,3019.8
103221,15-10-2023,J.D. Sports,MIDWEST,Michigan,Kids' Apparel,Online,68.75,25.0,1718.75
105489,2023-12-23,Sports Direct,Northeast,New York,Men's Apparel,Online,74.43,7.0,
102144,03/29/2024,Kohl's,Midwest,Illinois,Womens Street Footwear,Outlet,83.39,56.0,4669.84
107354,29/10/2023,Amazon,South,Oklahoma,Women's Apparel,In-store,97.59,8.0,780.72
101549,21 Jul 2024,J.D. Sports,West,California,Women's Athletic Footwear,In-store,35.4,45.0,1593.0
100209,24/06/2024,Walmart,South,Oklahoma,Women's Apparel,In-store,47.57,22.0,1046.54
107881,13/12/2023,Adidas Online Store,Southeast,Georgia,Women's Apparel,OUTLET,42.96,26.0,1116.96
108011,17/04/2022,West Gear,Southeast,,Outdoor Footwear,in-store,46.88,35.0,1640.8
104532,11 Aug 2024,Kohl's,Northeast,Massachusetts,Kids' Footwear,Online,,57.0,2026.35
102143,22-01-2024,Amazon,South,Louisiana,Women's Apparel,In-store,19.92,19.0,378.48
104812,03/29/2022,Foot Locker,West,  Oregon  ,Men's Apparel,Online,33.49,9.0,301.41
108380,24-02-2023,Amazon,West,California,Women's Apparel,Outlet,76.56,,3828.0
106124,07/07/2024,Walmart,Midwest,Illinois,Accessories,Outlet,60.44,58.0,3505.52
109258,08 Mar 2023,Adidas Online Store,Midwest,Michigan,Kids' Apparel,Online,87.18,40.0,3487.2
101877,07/07/2023,Adidas Online Store,Midwest,Ohio,Accessories,Outlet,91.0,63.0,5733.0
109005,27-11-2022,Adidas Online Store,West,Arizona,Women's Apparel,in-store,31.5,32.0,1008.0
103297,15-09-2024,J.D. Sports,MIDWEST,Michigan,Kids' Apparel,Outlet,39.12,16.0,625.92
108289,01/30/2022,Walmart,West,California,Kids' Apparel,In-store,55.32,,221.28
109280,31 Jul 2024,Adidas Online Store,Southeast,North Carolina,Men's Apparel,Online,88.87,37.0,3288.19
105538,01-03-2023,Sports Direct,South,Oklahoma,Men's Athletic Footwear,Outlet,77.02,50.0,3851.0
108164,27/08/2022,Kohl's,South,Texas,Kids' Footwear,Outlet,100.46,23.0,2310.58
105779,15-10-2024,Kohl's,Northeast,Pennsylvania,Men's Apparel,In-store,74.22,49.0,3636.78
101030,20/04/2023,Kohl's,SOUTHEAST,Florida,Women's Athletic Footwear,In-store,37.76,1.0,37.76
100244,20/03/2023,J.D. Sports,Northeast,Massachusetts,Men's Street Footwear,Online,43.63,32.0,1396.16
103582,06/05/2023,West Gear,Southeast,Georgia,Men's Apparel,Outlet,77.06,51.0,3930.06
108029,07/01/2023,West Gear,Northeast,New Jersey,Accessories,online,63.24,33.0,2086.92
106086,03/17/2024,Kohl's,Southeast,Virginia,Women's Apparel,In-store,63.05,3.0,189.15
101495,27/09/2023,  West Gear ,Southeast,Georgia,Kids' Apparel, In-store,48.04,31.0,1489.24
107216,2024-04-03,Walmart,South,Texas,Kids' Footwear,Outlet,76.28,34.0,2593.52
102888,2022-08-10,Kohl's,West,California,Accessories,in-store,88.71,1.0,88.71
100749,21/10/2022,West Gear,Northeast,Pennsylvania,Mens Athletic Footwear, In-store,68.85,47.0,
102791,06/01/2022,  Foot Locker ,Southeast,Virginia,Women's Apparel,Outlet,53.97,73.0,3939.81
101328,19-12-2024,Sports Direct,Southeast,Virginia,Outdoor Footwear,Online,95.74,22.0,2106.28
102664,12-01-2023,foot locker,West,Washington,Kids' Footwear,Online,66.04,40.0,2641.6
100379,11/04/2023,West Gear,Northeast,New York,Kids' Footwear,In-store,49.59,24.0,1190.16
105265,12/11/2022,Walmart,Northeast,Massachusetts,Men's Apparel,In-store,8.0,39.0,312.0
102384,09/03/2022,Amazon,Midwest,Wisconsin,Accessories,Online,8.0,36.0,288.0
103880,15-02-2024,Kohl's,South,Texas,Kids' Footwear,Outlet,28.79,4.0,115.16
100119,07/16/2024,J.D. Sports,Northeast,New Jersey,Accessories,In-store,77.91,28.0,2181.48
103650,2023-09-02,adidas online store,South,Tennessee,Kids' Footwear,Outlet,62.39,6.0,374.34
107241,04/10/2022,Sports Direct,Southeast,Virginia,Kids' Footwear, Outlet,8.0,43.0,344.0
100485,01/25/2024,Walmart,West,Washington,Women's Apparel,In-store,67.87,48.0,3257.76
103760,07 Dec 2024,Walmart,South,Louisiana,Women's Apparel,Online,61.48,62.0,3811.76
100348,26-01-2022,Kohl's,Southeast,Virginia,Women's Street Footwear,Online,52.74,16.0,843.84
101562,19 Nov 2024,Sports Direct,Southeast,Virginia,Women's Athletic Footwear,Outlet,73.61,23.0,1693.03
108321,11 Oct 2024,Adidas Online Store,West,Arizona,Men's Street Footwear,In-store,52.42,46.0,2411.32
108500,26 Sep 2023,Adidas Online Store,Southeast,Georgia,Men's Athletic Footwear,Online,54.61,26.0,1419.86
102803,02/02/2022,Foot Locker,Midwest,Ohio,Men's Street Footwear,Online,64.44,68.0,4381.92
108983,2023-05-03,Kohl's,West,California,Men's Athletic Footwear,In-store,64.33,16.0,1029.28
102185,01-01-2022,Sports Direct,Northeast,New York,Men's Athletic Footwear, Online,85.93,22.0,1890.46
103566,30/05/2022,KOHL'S,Southeast,Florida,Accessories,Online,41.02,36.0,1476.72
108342,02 Jan 2022,Adidas Online Store,West,Arizona,Accessories,Online,38.09,31.0,1180.79
105669,13/11/2024,KOHL'S,South,Louisiana,Women's Street Footwear,In-store,62.93,21.0,1321.53
104217,2023-12-28,West Gear,Southeast,North Carolina,Kids' Footwear,In-store,64.18,11.0,705.98
107972,24/05/2023,Amazon,Midwest,Ohio,Women's Athletic Footwear,In-store,83.77,48.0,4020.96
107534,08/27/2024,foot locker,South,Oklahoma,Kids' Footwear,Outlet,81.21,20.0,1624.2
103015,13 Jun 2024,Amazon,Southeast,North Carolina,Men's Athletic Footwear,In-store,25.24,68.0,1716.32
109066,30 Mar 2024,Walmart,Southeast,Virginia,Men's Athletic Footwear,In-store,30.12,34.0,1024.08
103515,2022-06-16,West Gear,West,Oregon,Men's Apparel,In-store,40.58,50.0,2029.0
101124,12/26/2022,West Gear,South,Texas,Men's Apparel,ONLINE,45.04,40.0,1801.6
104927,12-02-2023,Kohl's,Southeast,Virginia,Men's Apparel,in-store,83.66,68.0,5688.88
109505,07 Sep 2024,Adidas Online Store,Midwest,Illinois,Kids' Footwear,Online,,43.0,1299.89
106993,26 Jul 2024,Amazon,South,Tennessee,Women's Apparel,In-store,59.74,46.0,2748.04
108262,29/07/2024,Foot Locker,SOUTHEAST,Virginia,Kids' Apparel,Outlet,66.11,5.0,330.55
102326,02-03-2022,West Gear,Northeast,Pennsylvania,Men's Apparel,Outlet,68.75,40.0,2750.0
105395,2022-02-19,Kohl's,Midwest,Ohio,Women's Street Footwear, Outlet,54.54,57.0,3108.78
107963,25 Jun 2024,Walmart,SOUTHEAST,Georgia,Men's Apparel,Outlet,39.06,20.0,781.2
107054,29 Dec 2024,Walmart,Southeast,Florida,Women's Apparel,outlet,16.24,19.0,308.56
108615,08-06-2023,J.D. Sports,South,Texas,Kids' Apparel,Online,58.41,37.0,2161.17
102629,15/02/2022,Adidas Online Store,West,Arizona,Men's Street Footwear,online,24.82,2.0,49.64
102563,2022-10-26,foot locker,Southeast,North Carolina,Men's Street Footwear,,67.81,1.0,67.81
104565,2023-09-25,Sports Direct,Southeast,Florida,Women's Street Footwear, In-store,69.02,38.0,2622.76
104709,11/18/2023,West Gear,Midwest,Wisconsin,Men's Street Footwear,Outlet,29.48,24.0,707.52
103389,11-03-2022,J.D. SPORTS,West,Oregon,Kids' Apparel,In-store,64.28,45.0,2892.6
103561,27 Aug 2024,Foot Locker,Southeast,Virginia,Kids' Footwear, Outlet,47.86,49.0,2345.14
102334,02/22/2022,walmart,Southeast,North Carolina,Men's Athletic Footwear,ONLINE,,1.0,94.25
100819,25 Dec 2022,Amazon,Northeast,New York,Men's Athletic Footwear,Outlet,39.51,18.0,711.18
106942,02/06/2022,Walmart,SOUTH,Texas,Men's Athletic Footwear,IN-STORE,58.4,23.0,1343.2
108803,01-05-2022,J.D. Sports,Southeast,Georgia,Men's Street Footwear,outlet,59.53,29.0,1726.37
106879,2023-12-04,SPORTS DIRECT,WEST,California,Men's Apparel,In-store,64.33,43.0,2766.19
101274,2022-11-06,  Kohl's ,Midwest,Illinois,Outdoor Footwear,In-store,59.44,52.0,3090.88
104580,2022-08-29,j.d. sports,South,Louisiana,Women's Apparel,outlet,39.5,11.0,434.5
100460,16/10/2024,Sports Direct,South,Louisiana,Outdoor Footwear,In-store,57.81,31.0,1792.11
104692,10/07/2022,Kohl's,Northeast,Massachusetts,Accessories,In-store,47.96,57.0,2733.72
101166,19/10/2023,AMAZON,MIDWEST,Illinois,Men's Street Footwear,In-store,69.62,64.0,4455.68
109295,2024-02-18,West Gear,Northeast,New York,Women's Apparel,In-store,95.88,89.0,8533.32
100177,12-10-2024,West Gear,Southeast,North Carolina,Women's Athletic Footwear,In-store,50.93,1.0,50.93
104168,04/06/2023,Amazon,MIDWEST,Wisconsin,Kids' Footwear,Outlet,56.69,10.0,566.9
105195,29 Apr 2022,Adidas Online Store,Southeast,Georgia,Outdoor Footwear,Outlet,68.02,44.0,2992.88
109017,29-04-2024,West Gear,Midwest,Wisconsin,Kids' Footwear,in-store,61.77,17.0,1050.09
107313,17 Dec 2022,Amazon,South,Texas,Outdoor Footwear,,73.86,42.0,3102.12
105037,2022-10-12,adidas online store,Southeast,Virginia,Men's Athletic Footwear,Online,43.59,56.0,2441.04
108303,06 Oct 2022,J.D. Sports,Southeast,Virginia,Accessories,Online,39.82,17.0,676.94
106534,17 Feb 2023,Amazon,South,Tennessee,Men's Street Footwear,In-store,30.37,38.0,1154.06
104990,08/11/2024,J.D. Sports,Southeast,North Carolina,Women's Street Footwear,In-store,45.19,47.0,2123.93
101870,23/07/2022,West Gear,South,,Kids' Apparel,Outlet,56.48,15.0,847.2
105832,12/11/2022,FOOT LOCKER,West,California,Women's Apparel,Online,37.45,-37.0,1385.65
100606,28 Jan 2023,adidas online store,Midwest,Ohio,Outdoor Footwear,In-store,42.59,33.0,1405.47
104283,05/03/2024,Adidas Online Store,West,Oregon,Women's Apparel,Online,85.06,1.0,85.06
101353,27-11-2024,Sports Direct,West,Washington,Accessories,Outlet,66.61,8.0,532.88
101806,2022-07-14,Adidas Online Store,West,California,Women's Street Footwear,In-store,35.56,33.0,1173.48
106952,08/25/2023,Foot Locker,West,Washington,Women's Athletic Footwear,In-store,66.45,28.0,2790.8999999999996
107513,2022-11-27,Adidas Online Store,Northeast,New York,Women's Apparel,Outlet,64.73,66.0,
109603,08-03-2022,Kohl's,West,California,Women's Apparel,Online,82.78,20.0,1655.6
104114,2023-09-27,Adidas Online Store,West,California,Outdoor Footwear,In-store,52.65,40.0,3159.0
103654,10 Jun 2022,Foot Locker,West,Arizona,Women's Street Footwear,In-store,63.13,41.0,2588.33
107439,06/16/2023,Foot Locker,Midwest,Ohio,Outdoor Footwear,Outlet,72.21,68.0,4910.28
102044,18-02-2022,Foot Locker,West,Oregon,Women's Apparel,Outlet,83.33,27.0,2249.91
101400,19-01-2024,Foot Locker,WEST,Washington,Accessories,Outlet,41.66,50.0,2083.0
105978,01-01-2024,Walmart,Midwest,Illinois,Men's Apparel,Outlet,32.49,22.0,714.78
108586,26-05-2024,Adidas Online Store,Midwest,Wisconsin,Accessories,Online,57.46,16.0,919.36
108181,09-01-2024,Sports Direct,Southeast,,Men's Athletic Footwear,Online,32.06,59.0,1891.54
101995,25 Mar 2022,West Gear,Southeast,Florida,Men's Apparel,In-store,57.78,29.0,1675.62
107311,08/02/2024,WALMART,Northeast,Pennsylvania,Outdoor Footwear,Online,48.6,47.0,2284.2
102863,30-06-2024,J.D. Sports,South,Louisiana,Women's Street Footwear,outlet,52.29,13.0,679.77
107658,21/08/2024,foot locker,Southeast,North Carolina,Accessories,Outlet,63.11,54.0,3407.94
106227,14 Jan 2023,J.D. Sports,SOUTHEAST,Virginia,Women's Street Footwear,online,52.71,42.0,2213.82
108725,24-11-2022,J.D. Sports,Midwest,Wisconsin,Women's Apparel,Outlet,,34.0,868.7
107915,05/08/2023,Adidas Online Store,South,Tennessee,Men's Street Footwear,Outlet,66.28,60.0,3976.8
101123,2022-09-20,  Sports Direct ,South,Oklahoma,Accessories,Online,71.64,45.0,3223.8
103996,05/04/2024,Walmart,South,Tennessee,Men's Athletic Footwear,Outlet,27.68,1.0,27.68
107983,19 Oct 2022,J.D. Sports,South,Tennessee,Women's Apparel,Online,61.67,57.0,3515.19
107833,07/04/2023,  Sports Direct ,Southeast,Georgia,Women's Athletic Footwear,Online,45.63,32.0,1460.16
103692,22-11-2024,Walmart,South,Texas,Men's Street Footwear,Outlet,27.08,22.0,595.76
104883,2023-05-27,Sports Direct,Midwest,Illinois,Men's Athletic Footwear,Online,87.14,18.0,1568.52
103625,15-01-2023,West Gear,Northeast,Massachusetts,Kids' Apparel,In-store,65.45,46.0,3010.7
108386,2023-08-22,West Gear,NORTHEAST,New York,Women's Apparel,,95.4,28.0,2671.2
107238,12/26/2023,Walmart,Northeast,New Jersey,Women's Street Footwear,Outlet,40.79,10.0,407.9
109331,04/29/2022,Kohl's,Southeast,North Carolina,Outdoor Footwear,IN-STORE,41.37,48.0,1985.76
105033,23-04-2024,Walmart,Northeast,Massachusetts,Women's Street Footwear,Outlet,86.17,14.0,1206.38
100496,13-11-2022,Adidas Online Store,South,Tennessee,Accessories,ONLINE,50.99,26.0,1325.74
101105,28/03/2022,  Amazon ,West,Arizona,Men's Athletic Footwear,ONLINE,54.66,46.0,2514.36
102002,2023-07-06,Walmart,Southeast,Georgia,Men's Street Footwear,Online,24.65,56.0,1380.4
103470,07 Sep 2022,Sports Direct,Northeast,New York,Kids' Apparel,Online,51.89,34.0,1764.26
106003,26-04-2023,Foot Locker,West,Washington,Men's Street Footwear,Online,59.44,62.0,3685.28
103235,27 Mar 2024,Adidas Online Store,South,Tennessee,Outdoor Footwear, In-store,56.62,28.0,1585.36
109406,21 Feb 2023,Amazon,West,Oregon,Kids' Footwear,ONLINE,76.92,15.0,1153.8
105808,15 Nov 2022,Kohl's,NORTHEAST,New Jersey,Women's Athletic Footwear,In-store,40.44,45.0,1819.8
100827,01-04-2024,Kohl's,West,California,Accessories,Outlet,59.42,20.0,1188.4
102929,2023-01-11,Sports Direct,SOUTHEAST,Florida,Accessories,Online,78.61,50.0,3930.5
106694,2024-06-08,j.d. sports,South,Louisiana,Men's Street Footwear,In-store,41.8,38.0,1588.4
109621,20 Apr 2022,West Gear,Midwest,Ohio,Men's Athletic Footwear,Outlet,87.24,11.0,959.64
109186,28-12-2024,J.D. Sports,WEST,California,Accessories,Outlet,91.92,46.0,4228.32
108353,24 May 2023,Kohl's,West,California,Kids' Footwear,Online,29.91,42.0,1256.22
102985,10/12/2024,Amazon,Midwest,Illinois,Accessories,Outlet,51.45,43.0,2212.35
104550,02/27/2023,  Foot Locker ,South,Louisiana,Men's Athletic Footwear,Online,50.72,33.0,1673.76
100547,03/29/2024,Walmart,Northeast,New York,Kids' Apparel,Online,67.39,52.0,3504.28
104780,26 May 2023,Kohl's,Northeast,New Jersey,Women's Street Footwear,In-store,41.91,29.0,1215.39
107812,19-05-2023,West Gear,Southeast,Georgia,Men's Street Footwear,,69.7,54.0,3763.8
106115,14 Apr 2023,Sports Direct,Southeast,Florida,Women's Athletic Footwear,Online,44.14,38.0,1677.32
101169,10 Dec 2023,J.D. Sports,Northeast,New Jersey,Accessories,,32.72,53.0,2601.2400000000002
102568,2024-10-07,Walmart,West,Washington,Outdoor Footwear,Outlet,65.3,30.0,1959.0
100603,08/18/2023,Kohl's,West,California,Women's Street Footwear,Outlet,58.24,36.0,2096.64
100140,2024-08-10,Amazon,West,Washington,Women's Athletic Footwear,In-store,8.9,53.0,471.7
104586,01/08/2022,Adidas Online Store,West,Arizona,Men's Athletic Footwear,In-store,46.36,1.0,46.36
100383,28/10/2023,Adidas Online Store,South,Louisiana,Accessories,In-store,37.45,48.0,1797.6
108141,04/28/2024,Kohl's,Midwest,Illinois,Women's Apparel,Online,8.0,19.0,152.0
103882,05 Oct 2024,FOOT LOCKER,South,Louisiana,Kids' Footwear,In-store,58.17,3.0,174.51
108861,02 Dec 2023,West Gear,West,,Women's Apparel,In-store,56.04,17.0,952.68
107711,01/06/2023,West Gear,South,Oklahoma,Outdoor Footwear,Outlet,64.75,23.0,1489.25
105900,08-09-2022,Kohl's,Northeast,Pennsylvania,Kids' Apparel,Online,55.5,46.0,2553.0
105305,16/08/2022,J.D. Sports,Midwest,Michigan,Women's Apparel,Outlet,45.26,24.0,1086.24
104489,2024-09-08,Foot Locker,Northeast,Pennsylvania,Women's Apparel,Online,78.87,53.0,4180.11
106211,23-07-2023,Foot Locker,Northeast,New Jersey,Women's Apparel,Outlet,69.21,55.0,3806.55
103195,06/02/2023,J.D. Sports,Southeast,Virginia,Kids' Apparel,,72.33,22.0,1591.26
108254,10/19/2022,  Sports Direct ,Southeast,Florida,Accessories, Outlet,70.21,60.0,4212.6
108839,25 Oct 2024,Sports Direct,Midwest,Michigan,Men's Street Footwear,Online,15.39,40.0,615.6
104491,22 Mar 2022,Foot Locker,Northeast,Pennsylvania,Women's Athletic Footwear,Online,32.57,56.0,1823.92
109662,03-06-2022,Kohl's,Midwest,Michigan,Kids' Footwear,Outlet,51.4,10.0,514.0
106396,02/21/2022,Amazon,Southeast,Florida,Women's Street Footwear,Outlet,49.38,25.0,1234.5
101955,17/09/2023,J.D. Sports,South,Oklahoma,Outdoor Footwear,In-store,78.27,43.0,3365.61
100170,2022-07-29,West Gear,South,Oklahoma,Kids' Apparel,In-store,53.02,32.0,1696.64
108650,2022-05-17,Kohl's,Midwest,Michigan,Outdoor Footwear,Outlet,85.06,38.0,3232.28
103893,06/20/2024,West Gear,Midwest,Wisconsin,Kids' Apparel,outlet,50.34,59.0,2970.06
102300,05/07/2023,Adidas Online Store,Midwest,Michigan,Kids' Footwear,OUTLET,62.28,19.0,1183.32
108177,31-01-2023,Adidas Online Store,Southeast,North Carolina,Kids' Footwear,Outlet,59.04,41.0,2420.64
102644,06-03-2022,Walmart,Northeast,Massachusetts,Women's Apparel,In-store,36.86,40.0,1474.4
103191,22 May 2024,Foot Locker,West,Washington,Accessories,Online,,7.0,246.33
109576,20/11/2023,  West Gear ,Northeast,New York,Outdoor Footwear,Online,13.59,15.0,203.85
101697,2023-02-28,Foot Locker,Northeast,Pennsylvania,Women's Street Footwear, Outlet,82.99,14.0,1161.86
106966,01-01-2023,Amazon,Midwest,Illinois,Men's Apparel,Online,62.21,41.0,2550.61
100298,2023-12-29,Foot Locker,West,Oregon,Men's Apparel,Outlet,40.77,15.0,611.55
109096,22 Nov 2024,West Gear,West,California,Men's Apparel,In-store,36.01,68.0,2448.68
109045,07-02-2023,J.D. Sports,Northeast,Pennsylvania,Women's Athletic Footwear,Outlet,67.15,33.0,2215.95
103969,23-08-2024,Walmart,South,Texas,Men's Athletic Footwear,Outlet,34.79,40.0,1391.6
107144,02/22/2023,Kohl's,WEST,Oregon,Men's Street Footwear,Outlet,66.86,13.0,869.18
108989,14 Mar 2022,Amazon,Midwest,Ohio,Women's Athletic Footwear,In-store,,29.0,1763.49
103190,20 Oct 2022,Kohl's,West,Washington,Women's Street Footwear,Outlet,75.76,19.0,1439.44
106094,12/04/2023,J.D. Sports,Northeast,Massachusetts,Men's Street Footwear,Outlet,,35.0,1692.95
103559,28/06/2022,J.D. Sports,West,Oregon,Kids' Apparel,Outlet,56.95,5.0,284.75
106710,19 Jan 2023,Adidas Online Store,South,Louisiana,Kids' Footwear,Outlet,57.1,69.0,3939.9
108599,31 Mar 2024,Walmart,South,Louisiana,Women's Street Footwear,In-store,39.18,37.0,1449.66
107207,22/05/2022,Walmart,Northeast,Massachusetts,Women's Street Footwear,Online,64.36,12.0,
106563,2023-06-14,Sports Direct,SOUTH,Texas,Women's Street Footwear, In-store,54.85,23.0,1261.55
107044,2024-01-28,  Walmart ,West,Oregon,Women's Street Footwear,Online,58.56,53.0,3103.68
109217,13-07-2023,Foot Locker,Midwest,Wisconsin,Women's Athletic Footwear,Online,33.45,25.0,836.25
102043,07/29/2023,Adidas Online Store,SOUTH,Tennessee,Women's Athletic Footwear,In-store,30.94,13.0,
104634,23/01/2022,Foot Locker,WEST,California,Men's Apparel,In-store,50.32,50.0,2516.0
104605,11/06/2024,Amazon,South,Louisiana,Men's Athletic Footwear,outlet,46.31,,926.2
105972,02 Sep 2023,Amazon,Midwest,Michigan,Accessories,Outlet,49.96,36.0,1798.56
108484,13/08/2022,Foot Locker,South,Oklahoma,Kids' Apparel,In-store,64.35,34.0,2187.9
100860,06 May 2024,J.D. SPORTS,Midwest,Ohio,Women's Apparel,Outlet,97.88,15.0,1468.2
100653,04 Aug 2023,Amazon,South,Texas,Women's Apparel,In-store,41.57,28.0,1163.96
100361,12/14/2024,Sports Direct,West,Oregon,Kids' Apparel,In-store,17.79,25.0,444.75
105820,2022-01-17,Sports Direct,Northeast,New York,Outdoor Footwear, In-store,48.58,46.0,2234.68
103680,2022-10-29,Kohl's,South,Louisiana,Outdoor Footwear,Online,43.82,61.0,2673.02
102419,2023-07-09,Sports Direct,Southeast,North Carolina,Accessories,Outlet,33.0,47.0,1551.0
105765,07/24/2023,WALMART,South,Texas,Accessories,Online,49.17,33.0,1622.61
100503,2023-05-31,West Gear,Southeast,North Carolina,Women's Athletic Footwear,Online,70.03,65.0,
101071,11 Apr 2024,  Sports Direct ,West,Washington,Women's Apparel,Outlet,77.86,51.0,3970.86
102607,26/07/2023,West Gear,Southeast,Florida,Men's Street Footwear,In-store,55.23,,1933.05
104523,19-05-2023,  West Gear ,Midwest,Ohio,Men's Apparel,In-store,91.02,28.0,2548.56
107829,2022-03-23,J.D. Sports,Northeast,Pennsylvania,Women's Athletic Footwear,Outlet,84.28,50.0,4214.0
101059,02-12-2024,Amazon,South,  Oklahoma  ,Men's Athletic Footwear,In-store,66.29,,2386.44
100439,05/15/2022,Adidas Online Store,Northeast,Massachusetts,Women's Apparel,Outlet,45.12,62.0,2797.44
102362,05/04/2023,Adidas Online Store,Midwest,Wisconsin,Kids' Apparel,in-store,48.86,37.0,1807.82
101753,04/08/2024,Kohl's,Southeast,Georgia,Outdoor Footwear,Outlet,81.92,58.0,4751.36
101518,01-05-2022,Adidas Online Store,South,Texas,Kids' Footwear,In-store,56.5,39.0,2203.5
105609,2022-09-16,West Gear,Midwest,Michigan,Women's Street Footwear,Online,55.1,66.0,3636.6
109008,20 May 2022,Sports Direct,Midwest,Michigan,Men's Street Footwear,In-store,88.29,30.0,2648.7
106998,12/05/2023,Kohl's,West,California,Women's Athletic Footwear,in-store,74.61,11.0,
107766,09-01-2024,Sports Direct,SOUTHEAST,  Georgia  ,Kids' Apparel,In-store,68.25,34.0,2320.5
100196,2024-03-30,J.D. Sports,Southeast,Virginia,Women's Street Footwear,Outlet,58.19,50.0,2909.5
103840,2024-04-01,J.D. Sports,Southeast,,Kids' Footwear,Online,31.03,,1582.53
101083,09/09/2024,Walmart,South,Oklahoma,Women's Apparel,In-store,72.54,38.0,2756.52
109316,25/08/2024,SPORTS DIRECT,NORTHEAST,Pennsylvania,Men's Athletic Footwear,,48.61,61.0,2965.21
109075,05/05/2024,Sports Direct,South,Oklahoma,Accessories,In-store,34.26,17.0,582.42
108575,06/10/2024,Amazon,West,California,Women's Athletic Footwear,Outlet,32.78,24.0,786.72
101287,06/17/2024,Amazon,West,Washington,Men's Apparel,ONLINE,44.86,41.0,1839.26
102704,25-08-2022,Foot Locker,West,Arizona,Kids' Footwear,Outlet,39.5,48.0,1896.0
103967,10/08/2023,Adidas Online Store,SOUTHEAST,Georgia,Outdoor Footwear,In-store,46.84,26.0,1217.84
102527,2022-08-03,Adidas Online Store,Midwest,Ohio,Womens Apparel,In-store,103.28,16.0,1652.48
103672,07/31/2022,Kohl's,Northeast,New Jersey,Women's Athletic Footwear,Outlet,109.67,50.0,5483.5
104343,14-07-2024,Sports Direct,South,Louisiana,Women's Athletic Footwear,Online,46.39,61.0,2829.79
107517,02 Mar 2024,West Gear,SOUTH,Texas,Women's Street Footwear,Online,42.48,41.0,1741.68
107625,06-11-2024,Amazon,South,Texas,Women's Athletic Footwear,Outlet,51.85,1.0,51.85
104443,19-03-2023,Amazon,NORTHEAST,Pennsylvania,Kids' Footwear,Online,112.34,65.0,7302.1
101647,30/09/2024,ADIDAS ONLINE STORE,South,Oklahoma,Accessories,Outlet,88.94,41.0,3646.54
103372,18-11-2022,Sports Direct,NORTHEAST,New York,Kids' Apparel,Outlet,20.13,1.0,
104619,05/06/2024,Foot Locker,SOUTHEAST,Virginia,Women's Athletic Footwear, Online,64.73,50.0,3236.5
107027,11/27/2022,Kohl's,Southeast,Virginia,Women's Athletic Footwear,outlet,20.21,1.0,20.21
101271,31 Jan 2024,Sports Direct,MIDWEST,Wisconsin,Kids' Footwear,Outlet,62.11,34.0,2111.74
106757,30 May 2024,Kohl's,Northeast,Pennsylvania,Women's Apparel,Outlet,56.58,25.0,1414.5
107605,30-05-2023,West Gear,Midwest,Illinois,Men's Athletic Footwear,In-store,36.98,51.0,1885.98
102493,20 Mar 2024,West Gear,Southeast,Virginia,Accessories,ONLINE,70.79,57.0,4035.03
106867,29-03-2023,walmart,MIDWEST,Michigan,Accessories, In-store,46.7,47.0,2194.9
109593,08 Sep 2022,ADIDAS ONLINE STORE,Midwest,Wisconsin,Outdoor Footwear, Online,61.14,24.0,1467.36
101810,2022-07-13,Amazon,Northeast,New Jersey,Women's Street Footwear,Online,42.81,2.0,85.62
107049,20 Dec 2023,Foot Locker,West,Arizona,Men's Street Footwear,Outlet,90.11,34.0,3063.74
103128,01-08-2023,Walmart,Midwest,Illinois,Kids' Footwear,Outlet,77.71,44.0,3419.24
101113,25/05/2022,Kohl's,Northeast,New York,Outdoor Footwear, Online,76.39,36.0,2750.04
103061,13/05/2022,Kohl's,West,Washington,Kids' Apparel,Online,73.12,65.0,4752.8
104342,02-09-2024,Walmart,Southeast,Virginia,Men's Street Footwear,Outlet,46.04,83.0,3821.32
100492,2024-05-12,West Gear,Southeast,North Carolina,Men's Street Footwear,Online,48.24,27.0,1302.48
104832,05-03-2024,Kohl's,Northeast,New Jersey,Men's Street Footwear,In-store,64.15,29.0,1860.35
102488,2022-08-13,ADIDAS ONLINE STORE,Southeast,Virginia,Outdoor Footwear,Online,62.12,6.0,372.72
107504,07 Oct 2024,Walmart,West,Washington,Men's Athletic Footwear,Outlet,55.37,49.0,2713.13
108520,28/12/2022,Kohl's,Midwest,Ohio,Kids' Apparel,In-store,62.37,16.0,997.92
103688,12/25/2022,KOHL'S,Southeast,Virginia,Women's Athletic Footwear,ONLINE,8.0,33.0,264.0
109418,01/07/2022,Adidas Online Store,Southeast,North Carolina,Outdoor Footwear,Online,56.71,17.0,
103576,10/07/2022,Adidas Online Store,Northeast,,Women's Street Footwear,Outlet,15.6,45.0,702.0
105526,30 Nov 2023,Adidas Online Store,South,Texas,Outdoor Footwear,In-store,24.1,41.0,988.1
106871,14/02/2022,West Gear,South,Oklahoma,Outdoor Footwear,Online,84.19,33.0,2778.27
107444,12-12-2024,Foot Locker,South,Louisiana,Women's Street Footwear,Online,38.08,45.0,1713.6
102565,04/19/2023,  J.D. Sports ,Southeast,North Carolina,Men's Street Footwear,Online,80.18,12.0,962.16
108852,09/02/2024,west gear,South,Louisiana,Women's Street Footwear,ONLINE,43.93,48.0,2108.64
105076,08/08/2022,  Foot Locker ,Midwest,Illinois,Outdoor Footwear,In-store,57.21,20.0,1144.2
100450,2022-12-29,Adidas Online Store,Midwest,Illinois,Men's Athletic Footwear,Online,29.71,86.0,3832.59
106194,04/04/2023,adidas online store,Southeast,Florida,Men's Apparel,Online,42.5,56.0,2380.0
108142,03 Oct 2022,Kohl's,WEST,Arizona,Women's Athletic Footwear,In-store,93.84,50.0,4692.0
109098,12/12/2024,Walmart,Midwest,Michigan,Men's Athletic Footwear,Outlet,67.89,63.0,4277.07
105309,2023-12-06,West Gear,Southeast,North Carolina,Men's Street Footwear,Online,69.92,79.0,5523.68
101382,2024-09-09,Adidas Online Store,West,California,Men's Athletic Footwear,ONLINE,50.64,36.0,1823.04
108055,2022-01-07,Kohl's,West,Oregon,Kids' Apparel,In-store,54.15,16.0,866.4
104052,2023-07-13,J.D. Sports,Northeast,  New York  ,Men's Apparel,Online,63.33,53.0,
104827,2022-07-14,West Gear,Southeast,Florida,Men's Athletic Footwear,In-store,85.34,30.0,2560.2
109125,21/06/2022,J.D. Sports,Midwest,Wisconsin,Kids' Apparel,In-store,68.14,74.0,5042.36
103489,21/10/2022,J.D. Sports,Northeast,New Jersey,Men's Apparel,Online,69.32,78.0,5406.96
106406,11-07-2022,Sports Direct,South,Tennessee,Men's Street Footwear,In-store,,1.0,93.64
107204,16-04-2022,Kohl's,Midwest,Ohio,Women's Street Footwear,Online,67.89,39.0,2647.71
104592,03/19/2023,Amazon,Southeast,Florida,Outdoor Footwear,Outlet,57.45,48.0,2757.6
100915,02/04/2024,Walmart,Northeast,Pennsylvania,Accessories,Online,37.5,23.0,862.5
100295,03/11/2022,J.D. Sports,Midwest,Illinois,Kids' Apparel,in-store,88.08,46.0,4051.68
108766,02/28/2024,J.D. Sports,Northeast,New Jersey,Men's Athletic Footwear,OUTLET,62.89,36.0,2264.04
107911,08/06/2023,J.D. Sports,NORTHEAST,Massachusetts,Men's Apparel,Online,38.24,52.0,1988.48
107846,13 Nov 2022,Adidas Online Store,West,Arizona,Men's Apparel,In-store,72.61,40.0,2904.4
107801,16-03-2024,Foot Locker,West,Washington,Women's Apparel,in-store,37.05,20.0,741.0
108017,2022-06-15,Foot Locker,Southeast,Georgia,Women's Athletic Footwear,In-store,20.54,60.0,1232.4
104898,2024-03-22,Walmart,West,Washington,Men's Apparel, Outlet,73.91,73.0,5395.43
102749,01/06/2023,Foot Locker,Southeast,North Carolina,Outdoor Footwear,Outlet,59.8,58.0,3468.4
101872,19 Sep 2022,Adidas Online Store,Midwest,Wisconsin,Men's Athletic Footwear,In-store,55.05,26.0,1431.3
103552,16 Mar 2024,West Gear,West,Oregon,Men's Athletic Footwear,Online,56.43,21.0,1185.03
100321,12 Nov 2023,Foot Locker,Midwest,Michigan,Outdoor Footwear,Online,59.47,52.0,3092.44
109313,24/03/2022,J.D. Sports,South,Oklahoma,Men's Apparel,In-store,63.52,87.0,5526.24
103004,2023-03-30,Amazon,Northeast,Pennsylvania,Kids' Footwear,In-store,63.74,50.0,3187.0
102404,25/03/2023,West Gear,Northeast,New York,Men's Athletic Footwear,Outlet,54.18,60.0,3250.8
100480,27 Sep 2024,West Gear,South,Louisiana,Kids' Apparel,Outlet,70.15,23.0,1613.45
101894,03 Mar 2022,WEST GEAR,West,Washington,Kids' Apparel,Online,37.37,34.0,1270.58
107793,07/03/2022,Amazon,West,Oregon,Men's Apparel,Online,84.56,23.0,1944.88
100478,05/28/2022,Amazon,SOUTH,Louisiana,Women's Street Footwear,Online,56.61,25.0,1415.25
100462,07-04-2022,Foot Locker,Northeast,Massachusetts,Outdoor Footwear,Online,81.43,28.0,2280.04
104002,03/16/2024,Adidas Online Store,Northeast,Pennsylvania,Women's Athletic Footwear,Online,43.37,39.0,1691.43
102251,17/08/2024,Amazon,South,Louisiana,Kids' Footwear,Online,77.64,52.0,4037.28
106114,06/17/2024,Kohl's,West,Washington,Men's Apparel,Online,12.7,9.0,171.45
103868,2023-12-10,j.d. sports,Midwest,Michigan,Outdoor Footwear,Outlet,51.41,43.0,2210.63
107081,01 Mar 2024,Walmart,Midwest,Ohio,Kids' Footwear,Online,48.53,34.0,1650.02
104292,02/23/2024,J.D. Sports,WEST,Oregon,Accessories,Outlet,68.71,29.0,1992.59
106632,06/06/2022,J.D. SPORTS,South,Oklahoma,Women's Athletic Footwear,Online,40.83,55.0,2245.65
102157,08-10-2024,Foot Locker,Midwest,Illinois,Women's Athletic Footwear,Outlet,54.39,1.0,54.39
105109,20-12-2024,Amazon,NORTHEAST,Pennsylvania,Men's Street Footwear,Online,8.0,16.0,128.0
104738,2024-11-04,J.D. SPORTS,Southeast,Georgia,Men's Apparel,Outlet,49.55,56.0,2774.8
104010,01 Mar 2023,  J.D. Sports ,Midwest,Illinois,Men's Street Footwear,Online,40.71,32.0,
103939,2022-07-28,Sports Direct,West,Oregon,Women's Apparel,In-store,61.48,20.0,1229.6
107570,03/17/2022,Amazon,MIDWEST,,Kids' Apparel,Outlet,,54.0,2313.9
102128,10 Nov 2023,Amazon,Southeast,Georgia,Outdoor Footwear,Online,30.33,26.0,788.58
102717,2024-04-09,Kohl's,Northeast,New York,Accessories,Outlet,58.72,40.0,2348.8
109635,13-12-2023,  Amazon ,SOUTH,Tennessee,Women's Apparel,Outlet,57.12,33.0,1884.96
101201,21-05-2022,Adidas Online Store,West,Oregon,Men's Athletic Footwear,In-store,61.82,1.0,61.82
100996,06/30/2023,Walmart,Northeast,Massachusetts,Women's Apparel,In-store,48.16,8.0,385.28
102939,2023-10-08,Adidas Online Store,West,Washington,Kids' Apparel,Outlet,54.94,9.0,494.46
100999,09/27/2024,Adidas Online Store,Midwest,Illinois,Accessories,Online,94.61,42.0,3973.62
107839,2023-12-13,Kohl's,Northeast,New York,Women's Street Footwear,In-store,68.78,24.0,1650.72
109380,2023-12-23,West Gear,NORTHEAST,Massachusetts,Women's Street Footwear,In-store,41.09,21.0,862.89
108721,2023-12-30,Walmart,Southeast,North Carolina,Kids' Footwear,Outlet,14.08,42.0,591.36
107787,18-04-2022,J.D. Sports,SOUTHEAST,Virginia,Kids' Apparel,In-store,9.73,53.0,515.69
106455,2022-04-01,Kohl's,Northeast,New Jersey,Women's Street Footwear,In-store,29.3,28.0,820.4
103529,05 Dec 2023,Walmart,Northeast,New York,Outdoor Footwear,Online,60.58,37.0,2241.46
103072,01/11/2023,Sports Direct,West,Arizona,Women's Street Footwear,Outlet,13.03,26.0,338.78
104563,2024-12-12,Amazon,South,Oklahoma,Women's Apparel,Online,89.5,27.0,2416.5
102413,08/07/2023,J.D. Sports,South,Oklahoma,Men's Apparel,Outlet,43.62,23.0,1003.26
101047,11/27/2022,Walmart,Midwest,Ohio,Men's Athletic Footwear,Outlet,44.24,49.0,2167.76
104649,2024-04-17,Sports Direct,West,Oregon,Kids' Apparel,Outlet,70.32,49.0,3445.68
107867,2022-04-06,sports direct,Midwest,Ohio,Women's Athletic Footwear,Outlet,54.75,16.0,876.0
102129,11/03/2024,  West Gear ,Southeast,Florida,Accessories,Outlet,41.07,30.0,1232.1
109018,02 Jan 2024,Foot Locker,Southeast,Virginia,Accessories,IN-STORE,88.48,18.0,1592.64
104934,10 Nov 2024,Sports Direct,South,Tennessee,Women's Athletic Footwear,Outlet,64.78,55.0,3562.9
101685,03 Aug 2022,Kohl's,Southeast,Georgia,Women's Apparel,In-store,23.49,34.0,798.66
107440,04-05-2022,KOHL'S,Midwest,Wisconsin,Women's Street Footwear,In-store,57.49,7.0,402.43
100279,10/02/2024,kohl's,West,Oregon,Men's Apparel,Online,66.38,1.0,66.38
107465,15 Mar 2022,Kohl's,Southeast,Virginia,Kids' Apparel,Outlet,60.6,1.0,60.6
109530,05 Oct 2024,Adidas Online Store,South,Louisiana,Kids' Footwear,Online,40.9,11.0,449.9
106133,15/03/2023,Walmart,Northeast,New York,Men's Apparel,In-store,77.05,66.0,5085.3
105362,2023-11-14,West Gear,Midwest,Illinois,Women's Athletic Footwear,ONLINE,58.24,1.0,58.24
100976,25/02/2022,WALMART,Northeast,Massachusetts,Kids' Footwear,outlet,50.53,28.0,1414.84
105322,21 Nov 2023,Sports Direct,Northeast,Pennsylvania,Kids' Footwear,Online,59.64,11.0,656.04
105669,15/01/2022,Adidas Online Store,WEST,Oregon,Women's Athletic Footwear,In-store,45.17,64.0,2890.88
101838,2023-03-20,Adidas Online Store,South,Louisiana,Women's Street Footwear,In-store,25.71,28.0,719.88
102151,01/12/2022,Amazon,SOUTHEAST,North Carolina,Women's Apparel,Online,46.85,49.0,2295.65
101263,09/07/2022,adidas online store,Northeast,New York,Women's Street Footwear,In-store,81.1,20.0,2433.0
101152,2022-04-13,Adidas Online Store,West,California,Women's Athletic Footwear,In-store,61.1,72.0,4399.2
106558,11/07/2022,walmart,Southeast,Georgia,Women's Athletic Footwear,In-store,69.62,15.0,1044.3
108670,10 May 2022,  Adidas Online Store ,Southeast,North Carolina,Kids' Footwear,Outlet,32.54,13.0,423.02
107747,2022-11-19,Adidas Online Store,South,Oklahoma,Men's Street Footwear,Online,64.42,22.0,1417.24
101204,08 Oct 2023,Walmart,South,Tennessee,Men's Apparel,Outlet,24.52,68.0,1667.36
101659,01/01/2022,Adidas Online Store,South,Oklahoma,Kids' Footwear,Online,72.53,26.0,1885.78
108515,2022-01-04,Walmart,West,California,Women's Street Footwear,Outlet,83.86,16.0,1341.76
100003,19 May 2024,Kohl's,West,California,Men's Athletic Footwear,Online,39.22,35.0,1372.7
108334,03/01/2022,Foot Locker,West,California,Outdoor Footwear,Outlet,98.7,35.0,3454.5
100215,09 Sep 2023,Kohl's,Northeast,Massachusetts,Kids' Footwear,Online,41.35,27.0,1116.45
105778,2023-11-16,West Gear,Southeast,Florida,Outdoor Footwear,Outlet,73.1,39.0,2850.9
102675,08/08/2022,J.D. Sports,WEST,Arizona,Outdoor Footwear,Outlet,34.83,54.0,1880.82
107105,04/11/2024,Kohl's,Northeast,Massachusetts,Outdoor Footwear,Outlet,49.55,1.0,49.55
104021,24-02-2022,Kohl's,Northeast,Pennsylvania,Accessories,In-store,58.4,42.0,2452.8
103259,01/09/2024,adidas online store,Northeast,Massachusetts,Kids' Footwear,,29.62,64.0,1895.68
107258,09/03/2024,Kohl's,West,Washington,Men's Athletic Footwear,Outlet,64.7,40.0,
106872,2024-01-01,West Gear,Northeast,New York,Women's Athletic Footwear,Outlet,109.41,,4814.04
100610,14/05/2022,Adidas Online Store,West,Arizona,Kids' Apparel,In-store,35.69,35.0,1249.15
109428,09 Feb 2023,Foot Locker,Southeast,North Carolina,Men's Street Footwear,Online,74.79,16.0,1196.64
102443,2024-07-26,Adidas Online Store,South,Tennessee,Women's Street Footwear,In-store,51.51,,2266.44
104725,2023-01-11,Sports Direct,Southeast,Georgia,Outdoor Footwear,Outlet,10.35,41.0,424.35
101719,2023-08-09,J.D. Sports,Midwest,Ohio,Kids' Footwear,Outlet,67.23,55.0,3697.65
102817,11/29/2024,Adidas Online Store,South,Tennessee,Kids' Footwear,Outlet,49.02,17.0,833.34
104573,22-07-2023,Adidas Online Store,Southeast,North Carolina,Women's Street Footwear,online,59.42,47.0,2792.74
108451,02/12/2022,Walmart,Southeast,Georgia,Kids' Footwear, Online,48.28,19.0,917.32
107245,31 Dec 2022,Amazon,Northeast,Pennsylvania,Accessories,In-store,27.02,1.0,27.02
102032,22 Mar 2023,Sports Direct,South,Texas,Accessories,In-store,45.11,1.0,45.11
109219,03/27/2023,Adidas Online Store,Southeast,Georgia,Women's Athletic Footwear,In-store,72.79,49.0,
101919,10-12-2024,Foot Locker,WEST,Oregon,Kids' Apparel,Outlet,77.68,48.0,3728.64
103130,30/03/2022,J.D. Sports,Northeast,Massachusetts,Kids' Apparel,Outlet,70.51,66.0,4653.66
100422,2022-03-28,Walmart,South,Texas,Outdoor Footwear,Online,68.22,19.0,1296.18
107809,2022-10-12,Walmart,Northeast,New York,Women's Street Footwear,Online,60.59,50.0,3029.5
107288,16-06-2022,West Gear,West,Oregon,Men's Athletic Footwear,Online,35.07,50.0,1753.5
105957,12/08/2024,Sports Direct,West,California,Women's Street Footwear,Online,29.11,54.0,1571.94
102138,11/07/2022,Kohl's,West,California,Accessories,Online,43.26,43.0,1860.18
105698,24-12-2022,Sports Direct,Southeast,Georgia,Kids' Footwear,Online,58.65,,1231.65
100435,2024-03-09,J.D. Sports,West,Oregon,Men's Athletic Footwear,In-store,14.1,47.0,662.7
100073,18 Feb 2023,Amazon,Northeast,New Jersey,Men's Street Footwear,In-store,30.13,24.0,723.12
106320,11-04-2022,West Gear,Midwest,Michigan,Men's Athletic Footwear,Online,41.52,69.0,2864.88
100776,2023-07-15,J.D. Sports,South,Texas,Accessories,Online,48.54,32.0,1553.28
103299,09-01-2023,Foot Locker,SOUTHEAST,Virginia,Women's Apparel, Online,41.41,20.0,828.2
108934,01/25/2023,West Gear,Northeast,New York,Women's Athletic Footwear,Online,32.76,34.0,1113.84
102489,05/01/2023,J.D. Sports,Southeast,Florida,Women's Apparel,Online,61.87,34.0,2103.58
102006,2023-12-03,Foot Locker,Midwest,Michigan,Kids' Footwear,Online,,83.0,3984.83
108471,20/09/2022,Walmart,Northeast,Massachusetts,Accessories,,80.6,8.0,644.8
104981,01/01/2022,Sports Direct,West,California,Women's Street Footwear,Online,45.28,11.0,49808.0
102734,06/19/2022,Adidas Online Store,NORTHEAST,New Jersey,Women's Apparel,In-store,50.17,48.0,2408.16
102087,21-12-2023,J.D. Sports,Northeast,New York,Accessories,Outlet,83.44,39.0,3254.16
102932,2024-03-15,Walmart,NORTHEAST,New York,Women's Athletic Footwear,Outlet,50.23,48.0,2411.04
102544,11/27/2023,Walmart,NORTHEAST,Massachusetts,Men's Street Footwear,In-store,54.8,62.0,3397.6
104933,30 Jan 2022,West Gear,South,Texas,Women's Street Footwear,Online,96.35,7.0,674.45
107329,06 Feb 2022,Adidas Online Store,West,Arizona,Kids' Apparel,Online,87.06,79.0,6877.74
102310,03/12/2022,J.D. Sports,Southeast,Georgia,Accessories,Outlet,72.31,11.0,795.41
104347,09 Jul 2022,West Gear,Northeast,Pennsylvania,Kids' Apparel,In-store,34.18,1.0,34.18
100048,30 Oct 2023,Amazon,Midwest,Ohio,Accessories,In-store,41.53,33.0,1370.49
102528,2023-05-07,Kohl's,West,Oregon,Women's Apparel,Online,32.36,2.0,64.72
105926,04-10-2024,Kohl's,Northeast,New York,Men's Apparel,Outlet,54.16,54.0,2924.64
107336,07 Dec 2022,  J.D. Sports ,WEST,Arizona,Kids' Footwear,In-store,36.3,17.0,617.1
102865,11 Mar 2023,Foot Locker,MIDWEST,Wisconsin,Men's Apparel,Online,83.7,51.0,6403.049999999999
109717,05/30/2023,Walmart,SOUTH,Tennessee,Kids' Footwear,In-store,35.03,27.0,945.81
105818,27 Dec 2024,Kohl's,Northeast,Pennsylvania,Kids' Apparel,In-store,65.74,1.0,65.74
102226,12 Sep 2024,Kohl's,South,Oklahoma,Men's Athletic Footwear,Online,60.65,1.0,60.65
109022,07-12-2023,J.D. Sports,Midwest,Wisconsin,Accessories,Online,32.62,34.0,1109.08
107571,27/03/2022,Adidas Online Store,Southeast,Georgia,Men's Athletic Footwear,In-store,66.0,42.0,2772.0
102816,09/01/2023,Walmart,West,Washington,Accessories,In-store,51.43,56.0,2880.08
108497,2024-05-24,J.D. Sports,South,Oklahoma,Women's Athletic Footwear,Online,38.39,67.0,2572.13
108212,2023-07-28,Amazon,South,Oklahoma,Women's Apparel,Online,61.67,25.0,1541.75
100609,05/08/2024,West Gear,West,California,Outdoor Footwear,Online,56.45,5.0,282.25
106011,04/03/2022,Amazon,West,Arizona,Women's Apparel,Outlet,77.61,57.0,4423.77
103502,30 Oct 2024,Adidas Online Store,Southeast,Florida,Men's Apparel,Outlet,63.95,70.0,4476.5
103492,31/10/2022,kohl's,Southeast,Virginia,Men's Athletic Footwear,Online,79.98,46.0,3679.08
100711,13 Sep 2022,Kohl's,Southeast,Georgia,Women's Athletic Footwear,Online,,39.0,2520.18
101999,06-07-2024,Walmart,MIDWEST,Ohio,Men's Street Footwear,Online,74.35,55.0,4089.25
107539,12/22/2023,Walmart,South,Louisiana,Women's Street Footwear,Online,44.72,41.0,
101627,22 Oct 2024,Kohl's,MIDWEST,Wisconsin,Men's Apparel,Outlet,51.88,1.0,51.88
109673,03-09-2024,Adidas Online Store,West,Washington,Women's Street Footwear,In-store,48.12,29.0,1395.48
100155,03/31/2022,Walmart,South,Louisiana,Men's Apparel,Outlet,30.01,5.0,150.05
103433,2022-10-11,AMAZON,Midwest,Ohio,Outdoor Footwear,Outlet,59.08,35.0,2067.8
106224,21 Feb 2022,Adidas Online Store,Midwest,Michigan,Men's Apparel,Online,42.18,32.0,1349.76
105400,07/28/2024,Adidas Online Store,MIDWEST,Wisconsin,Women's Street Footwear,In-store,37.96,28.0,1062.88
108961,2022-06-01,kohl's,South,,Kids' Apparel,Outlet,90.4,1.0,
102671,07/08/2023,  Walmart ,South,Texas,Outdoor Footwear,In-store,69.45,44.0,3055.8
109225,13-10-2024,Kohl's,Northeast,New York,Women's Apparel,Outlet,66.47,35.0,2326.45
100699,2022-11-24,J.D. Sports,Northeast,New Jersey,Accessories,Outlet,23.95,11.0,
104120,31 Jan 2023,West Gear,NORTHEAST,New York,Kids' Footwear,Online,,,2677.8
103899,02/23/2024,Foot Locker,South,Louisiana,Men's Apparel,Outlet,58.57,29.0,1698.53
105931,07-07-2024,Amazon,Southeast,Virginia,Women's Athletic Footwear,In-store,49.63,39.0,1935.57
107048,2024-07-07,Amazon,Southeast,Georgia,Kids' Apparel,Outlet,45.16,56.0,2528.96
104220,2023-03-19,Kohl's,Midwest,Michigan,Men's Apparel,Outlet,34.43,39.0,1342.77
103700,2022-06-02,West Gear,South,Texas,Women's Athletic Footwear,In-store,22.28,26.0,579.28
105268,08/12/2024,West Gear,WEST,California,Accessories,In-store,25.87,41.0,1060.67
107761,14-03-2022,Kohl's,South,Tennessee,Women's Street Footwear,Outlet,73.66,56.0,4124.96
101335,15-05-2024,Walmart,West,California,Women's Street Footwear,Online,62.18,44.0,2735.92
105144,04/08/2023,Amazon,Northeast,New York,Accessories,Outlet,28.06,9.0,252.54
105032,05/27/2023,West Gear,Southeast,North Carolina,Kids' Apparel,Outlet,66.48,46.0,3058.08
107906,14 Apr 2022,Walmart,West,Oregon,Women's Athletic Footwear,Online,,34.0,2838.66
107466,2024-07-22,foot locker,Northeast,New York,Women's Athletic Footwear,In-store,74.3,36.0,2674.8
109396,05/14/2022,Walmart,WEST,Oregon,Accessories,Outlet,85.51,19.0,1624.69
102519,04/13/2023,Foot Locker,Northeast,Pennsylvania,Men's Athletic Footwear,Outlet,49.54,32.0,1585.28
100305,07/01/2023,J.D. Sports,Southeast,Florida,Women's Street Footwear,In-store,49.29,68.0,3351.72
103105,26 Jul 2022,Kohl's,Midwest,Wisconsin,Accessories,Outlet,31.65,28.0,886.2
109613,17 Jul 2022,J.D. Sports,Midwest,Michigan,Men's Street Footwear,Outlet,,55.0,1646.7
106436,06/04/2024,Adidas Online Store,Northeast,Pennsylvania,Women's Apparel,Online,50.06,11.0,550.66
104756,29-09-2023,Walmart,West,Arizona,Kids' Footwear, In-store,69.58,71.0,4940.18
105611,07/02/2022,J.D. Sports,South,Texas,Outdoor Footwear,Online,26.75,33.0,882.75
107781,08-04-2023,Kohl's,NORTHEAST,Massachusetts,Men's Athletic Footwear,Online,52.47,7.0,367.29
104426,2023-12-25,J.D. Sports,Midwest,Illinois,Men's Apparel,Online,64.52,23.0,1483.96
106530,2024-07-04,West Gear,South,Tennessee,Kids' Footwear,Online,26.97,21.0,566.37
101604,2024-08-30,Sports Direct,South,Oklahoma,Men's Athletic Footwear,In-store,34.72,24.0,833.28
104452,23 Apr 2023,Amazon,Southeast,Virginia,Men's Athletic Footwear,Online,42.76,55.0,2351.8
106459,02/01/2024,Sports Direct,South,Texas,Outdoor Footwear,Online,,62.0,3839.66
101611,19/08/2022,Amazon,Midwest,Michigan,Women's Street Footwear,Online,51.01,49.0,2499.49
109372,2024-11-08,Walmart,Southeast,Virginia,Women's Apparel,Online,85.31,33.0,2815.23
102377,2022-07-07,Walmart,Midwest,Illinois,Men's Athletic Footwear,outlet,28.63,35.0,1002.05
103779,16/03/2022,Adidas Online Store,South,Texas,Men's Apparel,Online,59.84,14.0,837.76
104173,24-06-2023,Amazon,Midwest,Wisconsin,Men's Athletic Footwear,Online,68.51,53.0,3631.03
107102,02 Jun 2023,j.d. sports,WEST,Washington,Men's Street Footwear,Online,32.08,26.0,834.08
103538,29 Aug 2024,Adidas Online Store,SOUTH,Oklahoma,Men's Apparel,In-store,48.19,28.0,1349.32
103062,10/08/2023,Amazon,Northeast,Massachusetts,Kids' Apparel,In-store,30.27,15.0,454.05
107659,07/05/2022,Kohl's,Midwest,Ohio,Kids' Footwear,Outlet,67.45,52.0,3507.4
100168,21-01-2023,Kohl's,Southeast,Georgia,Women's Street Footwear,Outlet,61.45,6.0,368.7
100846,12-07-2022,Amazon,Northeast,New Jersey,Men's Athletic Footwear,Outlet,66.13,30.0,1983.9
100190,26-11-2024,Kohl's,West,Washington,Men's Street Footwear,Outlet,54.66,45.0,2459.7
101655,24-04-2022,Adidas Online Store,West,Oregon,Men's Athletic Footwear,Outlet,26.32,34.0,894.88
107778,2024-09-20,Sports Direct,Midwest,Ohio,Women's Street Footwear,Outlet,29.94,30.0,898.2
101539,18-09-2023,Adidas Online Store,South,Oklahoma,Women's Street Footwear,Online,46.5,51.0,2371.5
102126,07/11/2024,West Gear,South,Louisiana,Men's Street Footwear,In-store,61.43,58.0,3562.94
104596,19/01/2024,West Gear,Midwest,Ohio,Women's Street Footwear,,95.87,65.0,6231.55
108364,2024-05-05,adidas online store,Southeast,Florida,Men's Athletic Footwear,Outlet,70.04,42.0,2941.68
101196,21/10/2024,Sports Direct,South,Oklahoma,Men's Apparel,ONLINE,85.25,59.0,5029.75
106846,01/15/2022,Amazon,Midwest,Michigan,Men's Street Footwear,In-store,102.22,48.0,4906.56
101892,21/05/2024,J.D. Sports,South,Texas,Outdoor Footwear,Online,36.39,17.0,618.63
100721,10/30/2024,Kohl's,South,Texas,Women's Street Footwear,In-store,8.0,4.0,32.0
105215,2022-02-26,West Gear,Northeast,Massachusetts,Kids' Footwear,In-store,39.86,64.0,2551.04
103830,03/29/2024,Sports Direct,Southeast,North Carolina,Men's Apparel,Online,33.84,1.0,33.84
104920,29/01/2024,Kohl's,South,Oklahoma,Womens Athletic Footwear,In-store,50.07,48.0,2403.36
101725,21 Jul 2023,Walmart,South,Louisiana,Accessories,In-store,66.04,14.0,924.56
109164,28/04/2022,Kohl's,SOUTH,Louisiana,Accessories,In-store,67.69,1.0,67.69
108403,19-06-2023,West Gear,South,Texas,Men's Apparel,Online,,22.0,
104597,2024-08-20,Sports Direct,Southeast,North Carolina,Women's Athletic Footwear,Outlet,45.21,35.0,1582.35
107530,18-10-2024,Kohl's,South,,Men's Street Footwear,In-store,54.01,40.0,2160.4
108137,14/07/2022,Amazon,Northeast,,Women's Athletic Footwear,outlet,62.84,1.0,62.84
100013,05-10-2023,West Gear,West,California,Accessories,Online,,5.0,
107752,22/10/2024,Walmart,Northeast,Massachusetts,Men's Apparel,Outlet,88.73,62.0,5501.26
108715,03/18/2024,Adidas Online Store,South,Louisiana,Men's Apparel,Online,93.52,29.0,2712.08
106398,03/04/2024,Sports Direct,West,Oregon,Outdoor Footwear, Outlet,59.5,30.0,1785.0
103441,07-10-2022,Walmart,Northeast,New Jersey,Women's Apparel,In-store,47.28,25.0,1182.0
107764,2023-04-22,west gear,South,Texas,Kids' Footwear,Online,53.65,39.0,2092.35
105608,29-11-2024,Sports Direct,West,Washington,Kids' Apparel,Outlet,42.08,40.0,1683.2
106066,06/11/2022,J.D. Sports,Northeast,Massachusetts,Men's Street Footwear,,37.77,35.0,1321.95
101193,22 Jun 2022,Adidas Online Store,WEST,Oregon,Men's Athletic Footwear,Online,,46.0,3380.54
102881,18 Oct 2024,J.D. Sports,Northeast,New York,Women's Apparel,In-store,69.07,57.0,3936.99
107883,27-04-2024,WALMART,West,Washington,Women's Street Footwear,Online,95.14,42.0,3995.88
107870,02/27/2024,West Gear,SOUTHEAST,North Carolina,Men's Apparel,OUTLET,41.95,29.0,1216.55
101004,22 Jan 2024,Amazon,Northeast,New Jersey,Women's Apparel,In-store,81.04,68.0,5510.72
108657,19-07-2022,Kohl's,Southeast,North Carolina,Accessories,Online,33.75,17.0,573.75
101454,2022-04-18,Adidas Online Store,Northeast,New York,Men's Athletic Footwear,Outlet,,28.0,1673.56
103547,27 Aug 2022,Foot Locker,NORTHEAST,New York,Kids' Apparel,In-store,52.45,79.0,4143.55
107318,12/02/2023,FOOT LOCKER,Southeast,Georgia,Women's Street Footwear,In-store,61.05,35.0,2136.75
104307,21 Feb 2024,J.D. Sports,South,Oklahoma,Men's Street Footwear,Online,61.86,59.0,3649.74
104525,2024-01-16,Amazon,West,,Men's Apparel,Online,63.95,51.0,3261.45
103985,2022-05-14,Amazon,Midwest,Wisconsin,Women's Athletic Footwear,Online,78.37,30.0,2351.1
103758,27-08-2024,Kohl's,Northeast,New York,Men's Street Footwear,Outlet,43.96,42.0,1846.32
108075,2023-06-01,Sports Direct,Midwest,Wisconsin,Men's Apparel,In-store,103.46,27.0,2793.42
108190,03/01/2023,West Gear,Southeast,North Carolina,Women's Athletic Footwear,in-store,65.14,57.0,3712.98
107888,20/01/2022,amazon,Northeast,Pennsylvania,Men's Athletic Footwear,Online,67.29,19.0,1278.51
107946,10 Sep 2023,Walmart,Midwest,Wisconsin,Women's Athletic Footwear,In-store,,23.0,1497.76
104141,08/01/2023,Adidas Online Store,Southeast,Virginia,Women's Street Footwear,Outlet,50.24,51.0,2562.24
102307,27-05-2022,Sports Direct,South,Louisiana,Women's Street Footwear,Outlet,71.53,5.0,357.65
107025,06/05/2022,West Gear,Northeast,Massachusetts,Men's Street Footwear,Online,40.54,19.0,770.26
101993,06-12-2024,Foot Locker,South,Tennessee,Accessories,Outlet,39.35,33.0,1298.55
107477,13/08/2023,Adidas Online Store,Midwest,Michigan,Kids' Footwear, Outlet,32.86,38.0,1248.68
102651,11-01-2024,Walmart,South,Tennessee,Accessories,In-store,41.05,20.0,821.0
101355,05 Dec 2023,Foot Locker,Northeast,New York,Women's Street Footwear,Outlet,43.53,21.0,914.13
109367,2023-05-24,Amazon,West,Washington,Women's Apparel,Online,,17.0,483.82
100742,04/21/2022,J.D. Sports,West,Arizona,Men's Athletic Footwear,Online,51.76,1.0,51.76
105273,14-03-2023,Walmart,West,Washington,Outdoor Footwear,Outlet,38.85,56.0,2175.6
102574,04/01/2023,amazon,West,Washington,Women's Athletic Footwear,Online,85.45,23.0,1965.35
106890,03/04/2023,West Gear,West,Oregon,Accessories,Outlet,32.57,21.0,683.97
105352,16/10/2023,Foot Locker,Southeast,Florida,Men's Apparel,In-store,75.08,4.0,300.32
106390,05/12/2023,J.D. Sports,South,Oklahoma,Accessories,Outlet,33.96,41.0,1392.36
104132,20/06/2024,Kohl's,Southeast,Virginia,Kids' Apparel,Online,69.28,45.0,3117.6
106473,29 Jan 2024,Walmart,Southeast,Georgia,Outdoor Footwear,In-store,,1.0,69.84
106565,02/10/2024,Sports Direct,Southeast,North Carolina,Kids' Footwear,Outlet,79.0,1.0,79.0
100634,27 Oct 2023,Sports Direct,South,Louisiana,Men's Apparel,Outlet,71.45,5.0,357.25
104020,07/05/2022,Amazon,Southeast,Florida,Women's Athletic Footwear,Outlet,66.9,33.0,2207.7
109391,09/19/2024,  Sports Direct ,NORTHEAST,Pennsylvania,Women's Athletic Footwear,Online,95.15,5.0,475.75
102959,04/03/2024,Sports Direct,NORTHEAST,New Jersey,Women's Apparel,Outlet,67.33,80.0,538640.0
103857,25 Mar 2022,walmart,South,Texas,Women's Athletic Footwear,Outlet,69.1,16.0,
109083,06/11/2024,amazon,WEST,Washington,Men's Apparel, Online,44.15,57.0,2516.55
108636,11/08/2024,J.D. Sports,Midwest,Michigan,Women's Athletic Footwear,Outlet,41.47,18.0,746.46
103648,09/10/2024,Adidas Online Store,Southeast,Virginia,Men's Athletic Footwear,In-store,15.31,57.0,872.67
103471,11-04-2022,Foot Locker,Midwest,Ohio,Kids' Apparel,Online,32.67,47.0,1535.49
103987,30/01/2022,Foot Locker,Midwest,Ohio,Women's Apparel,Outlet,20.53,1.0,20.53
104232,21/01/2024,J.D. Sports,Midwest,Ohio,Women's Apparel,In-store,47.22,34.0,1605.48
106289,07/03/2022,Sports Direct,West,Oregon,Kids' Apparel,Outlet,24.5,45.0,1102.5
100805,18/06/2024,kohl's,Northeast,Pennsylvania,Men's Street Footwear,Outlet,67.24,42.0,2824.08
106150,03-03-2023,Sports Direct,NORTHEAST,New Jersey,Men's Apparel,,29.08,43.0,1250.44
108324,09-11-2024,West Gear,Southeast,Florida,Women's Street Footwear,In-store,77.51,34.0,2635.34
103759,2023-09-03,Sports Direct,Midwest,,Men's Street Footwear,In-store,35.51,64.0,2272.64
106387,16-05-2022,Foot Locker,Midwest,Illinois,Kids' Apparel,Outlet,58.91,70.0,4123.7
100542,2022-04-27,West Gear,Southeast,North Carolina,Women's Athletic Footwear,In-store,29.99,15.0,449.85
103977,07-03-2024,Kohl's,Northeast,,Women's Apparel,In-store,63.16,15.0,947.4
106664,14-07-2022,Foot Locker,Northeast,Massachusetts,Women's Athletic Footwear,In-store,41.14,25.0,1028.5
103193,10/09/2022,Kohl's,West,Oregon,Women's Apparel,Outlet,56.33,1.0,56.33
101823,06-09-2024,WALMART,WEST,Washington,Kids' Footwear,In-store,70.58,33.0,
102522,01 Mar 2023,Amazon,MIDWEST,Wisconsin,Men's Apparel,ONLINE,73.39,17.0,1247.63
103388,29-04-2022,Foot Locker,Northeast,Massachusetts,Accessories,In-store,62.91,32.0,2013.12
105052,12/03/2024,sports direct,MIDWEST,Wisconsin,Outdoor Footwear,In-store,89.18,51.0,4548.18
104247,12/05/2023,J.D. Sports,West,Washington,Men's Apparel,In-store,69.45,48.0,3333.6
106498,10/06/2024,J.D. Sports,Northeast,Massachusetts,Kids' Apparel,Outlet,43.2,17.0,734.4
106019,07-03-2022,Walmart,West,Arizona,Outdoor Footwear,In-store,63.65,48.0,3055.2
107574,06/10/2024,Kohl's,Midwest,Ohio,Women's Street Footwear,In-store,52.54,41.0,2154.14
108861,02 Dec 2023,West Gear,West,,Women's Apparel,In-store,56.04,17.0,952.68
109084,09/05/2024,Adidas Online Store,Northeast,New Jersey,Kids' Apparel,In-store,70.53,37.0,2609.61
100588,2024-02-15,ADIDAS ONLINE STORE,West,Oregon,Women's Athletic Footwear,Online,70.79,5.0,353.95
109209,24-03-2022,Foot Locker,Southeast,Florida,Men's Apparel,Outlet,46.31,9.0,416.79
100344,09/17/2024,FOOT LOCKER,Northeast,New York,Mens Apparel,Online,54.02,47.0,2538.94
109353,2023-01-26,Amazon,South,Tennessee,Outdoor Footwear,In-store,39.54,25.0,988.5
101208,05/16/2022,West Gear,South,Tennessee,Men's Street Footwear,Online,51.71,,1396.17
106663,07 Jul 2022,  Adidas Online Store ,South,Louisiana,Mens Apparel,Outlet,68.52,6.0,411.12
105225,2023-10-02,Foot Locker,Southeast,North Carolina,Kids' Footwear,Online,65.12,38.0,2474.56
107954,20 Oct 2023,Foot Locker,NORTHEAST,Massachusetts,Men's Athletic Footwear,In-store,48.33,,1111.59
104713,23/02/2024,Walmart,South,Louisiana,Men's Street Footwear,Outlet,59.9,2.0,119.8
104271,08/15/2024,Kohl's,Southeast,Florida,Outdoor Footwear,In-store,19.26,9.0,173.34
107875,28-09-2024,Adidas Online Store,Southeast,North Carolina,Men's Apparel,Online,48.49,17.0,824.33
100352,30 Mar 2023,Walmart,West,California,Women's Street Footwear,Outlet,77.88,1.0,77.88
108555,12/02/2022,West Gear,Southeast,Florida,Outdoor Footwear,Outlet,68.01,61.0,4148.61
107202,15-10-2024,Sports Direct,Southeast,Florida,Men's Athletic Footwear,In-store,58.92,1.0,58.92
101634,25 Aug 2023,AMAZON,Northeast,Massachusetts,Men's Street Footwear,In-store,37.59,50.0,1879.5
102451,10/01/2024,walmart,West,Arizona,Men's Street Footwear,In-store,62.03,3.0,186.09
109627,01/08/2022,J.D. Sports,WEST,Arizona,Men's Athletic Footwear,Online,60.83,1.0,60.83
104658,2023-03-08,Amazon,South,Louisiana,Women's Street Footwear, In-store,70.22,46.0,3230.12
100150,04/11/2022,Amazon,West,Oregon,Kids' Footwear,In-store,88.59,22.0,1948.98
103286,09 Dec 2023,KOHL'S,Midwest,Michigan,Kids' Footwear,Outlet,61.99,51.0,
104240,17 Oct 2024,West Gear,South,Texas,Kids' Footwear,Online,59.31,4.0,237.24
103974,25-06-2022,J.D. Sports,South,Tennessee,Women's Street Footwear,In-store,70.68,26.0,1837.68
101648,18/11/2023,J.D. Sports,Northeast,New Jersey,Kids' Footwear,In-store,73.91,75.0,5543.25
109046,2023-01-23,J.D. Sports,South,Texas,Women's Apparel,Online,27.28,,1609.52
102620,26 Feb 2023,j.d. sports,West,Washington,Men's Street Footwear,Outlet,43.56,32.0,1393.92
109442,04/11/2022,Amazon,Midwest,Ohio,Accessories,ONLINE,21.25,32.0,680.0
102055,09/02/2024,  Kohl's ,West,Arizona,Accessories,In-store,65.66,1.0,65.66
106352,07-10-2022,Sports Direct,Southeast,Florida,Kids' Apparel,Outlet,43.03,51.0,2194.53
100421,2022-05-04,KOHL'S,South,Oklahoma,Kids' Footwear,In-store,66.09,-25.0,1652.25
109689,07/10/2023,foot locker,South,Louisiana,Women's Apparel,Online,33.84,64.0,2165.76
103031,12-06-2023,West Gear,Midwest,Michigan,Men's Street Footwear,In-store,66.69,15.0,1000.35
109319,26 Sep 2023,Adidas Online Store,South,Texas,Kids' Apparel,Outlet,24.79,52.0,1289.08
102137,18 Jul 2023,J.D. Sports,Northeast,Pennsylvania,Men's Street Footwear,,89.75,49.0,4397.75
107386,05-10-2024,Amazon,Midwest,Wisconsin,Women's Athletic Footwear,In-store,33.77,14.0,472.78
104577,05/31/2023,Kohl's,Southeast,,Women's Apparel,Online,81.1,16.0,1297.6
103000,26-05-2024,KOHL'S,Southeast,North Carolina,Women's Street Footwear,Online,,71.0,1779.26
108897,23 Oct 2022,J.D. Sports,Southeast,Georgia,Women's Apparel,Online,67.2,61.0,4099.2
101135,18 Jun 2022,Walmart,South,Oklahoma,Men's Apparel,Outlet,45.6,35.0,1596.0
103894,2024-06-09,Walmart,West,California,Kids' Apparel,Online,66.16,32.0,2117.12
102663,02 Aug 2023,Adidas Online Store,West,Oregon,Kids' Footwear,Outlet,46.2,35.0,1617.0
109049,05-03-2023,Amazon,Midwest,Ohio,Accessories,In-store,72.37,34.0,2460.58
104156,2022-09-14,Walmart,West,Washington,Mens Street Footwear,,65.13,25.0,1628.25
102268,22 Feb 2022,Walmart,South,Oklahoma,Accessories,In-store,55.08,44.0,2423.52
106244,2024-01-31,  West Gear ,South,Tennessee,Men's Street Footwear,Online,66.53,5.0,332.65
103895,01 Nov 2024,Foot Locker,Northeast,New York,Women's Street Footwear,Online,73.65,36.0,2651.4
100555,24 Oct 2024,West Gear,Northeast,New Jersey,Men's Street Footwear,Online,75.66,46.0,3480.36
104970,10/10/2024,Sports Direct,Midwest,Illinois,Kids' Apparel,In-store,59.23,80.0,4738.4
101696,02/10/2022,Sports Direct,Southeast,Virginia,Men's Athletic Footwear, Outlet,29.42,1.0,29.42
100433,11/23/2022,Kohl's,Northeast,New Jersey,Women's Athletic Footwear,In-store,59.04,55.0,
102977,01/11/2022,Walmart,Midwest,Wisconsin,Accessories,Outlet,48.23,29.0,1398.67
106917,11/26/2023,West Gear,Southeast,North Carolina,Men's Apparel,In-store,30.32,50.0,1516.0
100146,10/12/2024,Walmart,Northeast,  New Jersey  ,Women's Athletic Footwear,in-store,64.84,34.0,2204.56
102862,14-12-2023,Sports Direct,Southeast,Georgia,Women's Street Footwear,Online,52.21,39.0,2036.19
101504,19/11/2024,Walmart,MIDWEST,Illinois,Men's Apparel,Online,46.49,34.0,1580.66
100572,26/04/2023,Walmart,Midwest,Wisconsin,Men's Street Footwear,Online,74.17,15.0,
107836,15 Oct 2022,J.D. Sports,West,Oregon,Men's Athletic Footwear,Online,38.53,77.0,2966.81
101082,13 Apr 2023,Adidas Online Store,NORTHEAST,New York,Women's Athletic Footwear,Outlet,66.49,,2393.64
102829,09/11/2022,West Gear,Midwest,Ohio,Men's Athletic Footwear,Outlet,61.67,33.0,2035.11
102828,2023-03-05,Amazon,SOUTH,Louisiana,Kids' Footwear,In-store,39.05,53.0,2069.65
108554,2024-10-04,Amazon,Southeast,Florida,Kids' Apparel,Online,51.17,14.0,716.38
107213,06-09-2023,  West Gear ,South,Oklahoma,Women's Athletic Footwear,Online,91.38,30.0,2741.4
100936,11/22/2023,J.D. Sports,West,California,Kids' Apparel,In-store,92.64,68.0,6299.52
105208,15 Jun 2022,Sports Direct,Midwest,Illinois,Women's Street Footwear,Outlet,58.62,8.0,468.96
106012,03/12/2022,Sports Direct,South,Texas,Kids' Apparel,Outlet,62.41,47.0,
102635,15-03-2023,Walmart,Southeast,,Women's Athletic Footwear,Outlet,57.49,33.0,1897.17
101035,15 May 2024,adidas online store,Northeast,Massachusetts,Women's Athletic Footwear,Online,69.01,46.0,3174.46
104122,28-10-2022,J.D. Sports,South,Oklahoma,Outdoor Footwear,Online,68.55,33.0,2262.15
104265,11/25/2023,amazon,Midwest,Wisconsin,Outdoor Footwear,Outlet,53.03,26.0,
105571,2022-12-25,Foot Locker,Southeast,North Carolina,Outdoor Footwear,Outlet,88.54,30.0,2656.2
102134,11 Jul 2024,  Kohl's ,Southeast,Florida,Women's Athletic Footwear,outlet,46.94,27.0,1267.38
106730,25/05/2024,Sports Direct,Southeast,Georgia,Kids' Apparel,In-store,29.33,39.0,1143.87
107032,2022-08-28,West Gear,Midwest,Michigan,Accessories,Outlet,102.65,49.0,5029.85
103989,2024-12-11,Adidas Online Store,Northeast,Pennsylvania,Men's Apparel,Outlet,52.24,31.0,2429.16
102643,2022-04-30,Kohl's,Northeast,Pennsylvania,Women's Street Footwear,In-store,76.32,23.0,1755.36
109023,26-06-2024,Kohl's,Midwest,Michigan,Men's Street Footwear,Online,48.67,32.0,1557.44
105941,2022-04-03,Amazon,Midwest,Michigan,Outdoor Footwear,Outlet,61.3,39.0,2390.7
101293,2022-01-05,Walmart,Southeast,Georgia,Accessories,Outlet,31.19,36.0,1122.84
104857,10/28/2023,Adidas Online Store,West,Washington,Women's Athletic Footwear,,58.59,64.0,3749.76
100048,30 Oct 2023,Amazon,Midwest,  Ohio  ,Accessories,In-store,41.53,33.0,1370.49
107844,25/02/2024,J.D. Sports,South,Tennessee,Women's Athletic Footwear,Outlet,58.33,48.0,
106009,11/01/2024,West Gear,Midwest,Ohio,Womens Athletic Footwear,In-store,86.59,1.0,86.59
109074,23 Jan 2023,Amazon,South,Tennessee,Kids' Footwear,In-store,63.3,5.0,316.5
105378,2024-05-13,West Gear,South,Tennessee,Outdoor Footwear,online,75.43,91.0,6864.13
104205,11/09/2023,Kohl's,West,California,Accessories,Outlet,,28.0,1618.4
103862,02-12-2024,Sports Direct,MIDWEST,Illinois,Men's Street Footwear,In-store,50.15,27.0,1354.05
104937,2023-01-06,Sports Direct,Northeast,New York,Women's Apparel,Online,52.71,31.0,1634.01
104446,01-06-2022,Foot Locker,West,California,Men's Apparel,Online,76.17,1.0,76.17
106084,27 Mar 2023,Amazon,Midwest,Ohio,Women's Apparel,In-store,35.59,28.0,996.52
105460,01 Nov 2022,Kohl's,South,Louisiana,Men's Athletic Footwear, In-store,65.73,42.0,2760.66
109539,20-06-2024,Kohl's,Northeast,New York,Women's Apparel, Online,56.96,-3.0,
107771,03-09-2022,KOHL'S,MIDWEST,Michigan,Women's Athletic Footwear,In-store,57.37,37.0,2122.69
105290,26/01/2023,J.D. Sports,South,Texas,Men's Apparel,Online,61.39,70.0,4297.3
101006,01 Jun 2024,WEST GEAR,Northeast,New Jersey,Accessories,Online,20.14,27.0,543.78
105408,01/04/2022,Adidas Online Store,Midwest,Michigan,Accessories,Online,32.19,33.0,1062.27
109705,11/03/2022,  Sports Direct ,Southeast,North Carolina,Women's Apparel,In-store,60.95,20.0,1219.0
108545,05/02/2023,Walmart,Southeast,North Carolina,Women's Street Footwear,online,,25.0,1615.25
107586,16 Apr 2024,Foot Locker,Southeast,Virginia,Outdoor Footwear,ONLINE,44.66,35.0,1563.1
103374,2023-04-23,J.D. SPORTS,Midwest,Illinois,Men's Street Footwear,outlet,31.57,33.0,1041.81
101351,06/06/2023,Walmart,West,California,Men's Athletic Footwear,Online,36.08,40.0,1443.2
107891,05/10/2024,Walmart,South,Tennessee,Men's Street Footwear,Online,71.61,1.0,71.61
108917,12-01-2023,Foot Locker,NORTHEAST,New Jersey,Accessories,Online,51.69,37.0,1912.53
103633,02/02/2024,sports direct,West,Oregon,Men's Street Footwear,Outlet,90.74,37.0,3357.38
103781,10/31/2022,Sports Direct,South,Tennessee,Men's Athletic Footwear,In-store,53.58,56.0,3000.48
109302,22-02-2024,J.D. Sports,Southeast,Virginia,Women's Athletic Footwear,Outlet,12.03,4.0,48.12
108891,2024-02-29,Walmart,South,Oklahoma,Women's Athletic Footwear,In-store,73.37,50.0,3668.5
106626,02/27/2023,Walmart,South,Oklahoma,Accessories,In-store,22.22,1.0,22.22
109286,05-08-2023,  Adidas Online Store ,South,Tennessee,Accessories,Online,45.52,25.0,1138.0
107691,2022-07-18,Adidas Online Store,West,Arizona,Women's Apparel, In-store,30.22,18.0,543.96
101186,24/12/2024,  Adidas Online Store ,Southeast,Georgia,Women's Apparel,Outlet,41.24,35.0,1443.4
100137,10/04/2023,KOHL'S,Northeast,Massachusetts,Kids' Footwear,Outlet,64.99,20.0,1299.8
105193,2022-08-10,Sports Direct,South,Oklahoma,Women's Apparel, Outlet,70.19,45.0,3158.55
108589,03/11/2023,J.D. Sports,MIDWEST,Illinois,Kids' Apparel, Online,22.52,64.0,
105501,09 Feb 2022,Amazon,West,California,Men's Street Footwear,Online,58.73,51.0,
101093,04/11/2022,Adidas Online Store,MIDWEST,Ohio,Kids' Footwear,In-store,,41.0,2031.55
106394,09 Sep 2024,Adidas Online Store,NORTHEAST,New Jersey,Women's Apparel,In-store,67.11,21.0,1409.31
106083,15-09-2022,Sports Direct,Southeast,Florida,Women's Athletic Footwear,Online,52.51,50.0,2625.5
105331,05-02-2022,West Gear,West,California,Outdoor Footwear,Outlet,82.31,51.0,4197.81
100636,11-07-2022,Sports Direct,Midwest,Wisconsin,Men's Apparel,In-store,19.82,27.0,535.14
103318,2022-06-14,Kohl's,Midwest,Illinois,Accessories,In-store,82.15,5.0,410.75
100514,2022-03-11,Walmart,Northeast,Massachusetts,Outdoor Footwear,In-store,47.58,38.0,1808.04
101341,10-07-2023,J.D. Sports,SOUTHEAST,Florida,Women's Street Footwear,In-store,29.38,29.0,852.02
102780,2023-10-13,J.D. Sports,Midwest,Michigan,Accessories,Online,83.18,48.0,
100959,19 Aug 2024,Kohl's,South,Tennessee,Men's Athletic Footwear,Outlet,60.98,46.0,2805.08
103891,09/12/2023,West Gear,South,Texas,Women's Athletic Footwear,Outlet,33.07,1.0,33.07
101040,08/03/2024,J.D. Sports,Northeast,Massachusetts,Men's Athletic Footwear,Outlet,62.68,45.0,
106249,18-11-2023,Sports Direct,Midwest,Michigan,Men's Street Footwear,IN-STORE,79.77,23.0,1834.71
105459,25/05/2022,West Gear,South,,Men's Athletic Footwear,Outlet,58.57,14.0,819.98
105314,10/26/2023,KOHL'S,Southeast,  Georgia  ,Women's Street Footwear,,61.44,,675.84
109370,10/11/2024,West Gear,Midwest,Michigan,Women's Apparel,,72.52,4.0,290.08
101022,09/26/2022,J.D. Sports,Southeast,North Carolina,Men's Street Footwear,Online,40.37,54.0,2179.98
107522,29/11/2024,Adidas Online Store,South,Oklahoma,Women's Athletic Footwear,Online,8.0,33.0,264.0
102906,30/07/2024,Sports Direct,Southeast,North Carolina,Kids' Apparel,Online,70.93,38.0,2695.34
105907,02/20/2022,Foot Locker,West,California,Men's Street Footwear,In-store,74.24,20.0,1484.8
108010,04/11/2023,WEST GEAR,Northeast,Massachusetts,Womens Athletic Footwear,Online,71.31,37.0,2638.47
106779,2023-11-08,J.D. Sports,West,Arizona,Men's Apparel,Online,41.17,31.0,1276.27
106173,17/06/2023,Sports Direct,Northeast,New York,Men's Athletic Footwear,In-store,59.69,27.0,1611.63
105310,22 Feb 2023,walmart,West,Arizona,Accessories,In-store,60.05,28.0,1681.4
100306,12 Oct 2022,West Gear,Northeast,Pennsylvania,Men's Street Footwear,Outlet,,57.0,3393.78
105974,06/15/2024,Adidas Online Store,SOUTH,Texas,Accessories,Outlet,31.26,63.0,1969.38
109126,2023-02-20,Sports Direct,Southeast,Virginia,Men's Athletic Footwear,Outlet,59.92,1.0,59.92
102211,28/08/2024,J.D. SPORTS,Midwest,Michigan,Kids' Apparel,In-store,59.19,36.0,
109177,01/01/2024,Amazon,Southeast,North Carolina,Men's Athletic Footwear,Outlet,85.59,26.0,2225.34
103859,19 Feb 2023,Foot Locker,Midwest,Wisconsin,Outdoor Footwear, In-store,92.65,52.0,7226.700000000001
105630,2023-08-28,Amazon,Southeast,Georgia,Men's Apparel,In-store,,46.0,1162.42
105447,18 Jun 2023,walmart,Southeast,Georgia,Women's Street Footwear,In-store,75.5,35.0,2642.5
108790,06/30/2024,J.D. Sports,Southeast,North Carolina,Kids' Apparel,In-store,61.35,57.0,3496.95
102976,06/08/2024,Foot Locker,Northeast,Massachusetts,Women's Street Footwear,online,51.08,51.0,2605.08
102888,2022-08-10,Kohl's,West,California,Accessories,in-store,88.71,1.0,88.71
106621,29-01-2022,Adidas Online Store,SOUTHEAST,Virginia,Kids' Footwear,Outlet,31.77,1.0,31.77
100376,28-06-2024,J.D. Sports,Midwest,Illinois,Accessories,In-store,97.47,38.0,3703.86
100679,2022-11-06,Adidas Online Store,West,Washington,Men's Apparel,OUTLET,40.38,18.0,726.84
108197,2023-09-13,  Walmart ,Southeast,Virginia,Men's Athletic Footwear,Online,93.61,44.0,4118.84
104167,19-09-2022,Sports Direct,West,California,Men's Athletic Footwear,Outlet,72.15,26.0,1875.9
105016,10/07/2024,Amazon,NORTHEAST,New Jersey,Kids' Apparel,In-store,41.2,30.0,1236.0
102004,05/12/2022,Adidas Online Store,Midwest,Wisconsin,Accessories,in-store,55.5,27.0,
108932,01/29/2023,Amazon,South,Oklahoma,Accessories,Online,93.06,67.0,6235.02
103696,2023-12-18,Foot Locker,South,Louisiana,Women's Street Footwear,In-store,63.09,61.0,3848.49
108214,28-04-2024,Walmart,Midwest,Ohio,Men's Street Footwear, Outlet,52.34,53.0,2774.02
106902,15 Sep 2023,Sports Direct,Northeast,New Jersey,Women's Street Footwear,IN-STORE,41.09,43.0,1766.87
107568,11/12/2023,Adidas Online Store,South,,Women's Street Footwear,Outlet,78.33,36.0,2819.88
102078,2024-12-18,Kohl's,West,Arizona,Men's Street Footwear, In-store,44.36,2.0,
105357,2023-08-18,Sports Direct,Northeast,Pennsylvania,Kids' Footwear,Online,57.39,,3328.62
108842,31 Jan 2024,Amazon,Northeast,New Jersey,Kids' Footwear,Outlet,63.14,47.0,2967.58
108398,2024-12-18,West Gear,South,Texas,Men's Apparel,In-store,31.58,38.0,1200.04
108032,07/04/2023,Kohl's,Northeast,New York,Outdoor Footwear,In-store,39.53,5.0,197.65
103496,15 Aug 2023,West Gear,SOUTHEAST,Georgia,Women's Apparel,Outlet,38.98,14.0,545.72
109151,03-10-2022,walmart,West,Arizona,Women's Athletic Footwear,outlet,53.4,44.0,2349.6
107126,05/12/2023,Adidas Online Store,Midwest,Michigan,Men's Apparel,In-store,99.66,31.0,3089.46
105811,23/11/2023,West Gear,West,Arizona,Women's Athletic Footwear,,58.78,18.0,1058.04
101292,02/28/2023,J.D. Sports,SOUTHEAST,North Carolina,Accessories,Online,75.08,52.0,3904.16
101369,2024-03-12,Kohl's,South,Oklahoma,Kids' Apparel,Online,,35.0,2609.6
100665,07/11/2023,Foot Locker,Northeast,Pennsylvania,Kids' Apparel,Online,23.47,20.0,469.4
104855,17-04-2024,Walmart,South,Oklahoma,Men's Apparel,In-store,75.78,37.0,2803.86
100654,31-12-2024,Sports Direct,West,Washington,Women's Athletic Footwear,Online,58.23,36.0,2096.28
103445,02/11/2024,Kohl's,South,Oklahoma,Women's Street Footwear,In-store,80.93,18.0,1456.74
102890,12 Dec 2022,Amazon,WEST,California,Men's Street Footwear,Outlet,81.89,32.0,2620.48
103349,17 Jun 2024,West Gear,West,Washington,Outdoor Footwear,In-store,86.22,34.0,2931.48
102212,15 Apr 2022,Sports Direct,Northeast,New Jersey,Men's Street Footwear,Online,,16.0,876.32
107301,2023-04-25,Adidas Online Store,West,Washington,Men's Apparel,Online,23.26,46.0,1069.96
102457,30-11-2022,  Walmart ,Southeast,Virginia,Kids' Footwear,In-store,49.46,34.0,1681.64
104896,02 Oct 2024,J.D. Sports,Southeast,Georgia,Men's Athletic Footwear,Online,37.82,76.0,2874.32
106810,16-07-2024,Amazon,South,Tennessee,Kids' Apparel,In-store,60.2,52.0,3130.4
101755,2023-11-01,Kohl's,Southeast,Georgia,Men's Street Footwear,Outlet,63.63,67.0,4263.21
106325,28/04/2022,Walmart,Northeast,,Kids' Footwear, In-store,12.7,35.0,444.5
100173,17/06/2023,Sports Direct,Northeast,Massachusetts,Kids' Apparel, Online,32.53,23.0,748.19
106700,03/31/2022,j.d. sports,Northeast,New York,Kids' Footwear,In-store,68.82,23.0,1582.86
102266,17-02-2023,West Gear,Midwest,Illinois,Women's Apparel,Online,39.24,58.0,2275.92
101078,13-10-2023,Sports Direct,Southeast,Virginia,Accessories,In-store,85.24,42.0,3580.08
100238,18-08-2022,Kohl's,West,California,Women's Athletic Footwear,In-store,31.41,51.0,1601.91
107835,31-05-2022,J.D. Sports,Northeast,Massachusetts,Women's Apparel,Online,11.97,1.0,11.97
106034,26/09/2022,adidas online store,Midwest,Illinois,Outdoor Footwear,In-store,97.45,20.0,1949.0
108140,05/03/2023,Amazon,WEST,Washington,Kids' Apparel,In-store,48.58,112.0,5440.96
104140,16/04/2024,Sports Direct,Midwest,Michigan,Men's Street Footwear,Online,61.37,22.0,1350.14
104144,06-02-2022,Foot Locker,South,Texas,Men's Apparel,In-store,51.59,35.0,1805.65
103027,09/06/2022,Kohl's,Midwest,Ohio,Men's Street Footwear,In-store,48.9,29.0,1418.1
108437,2023-02-25,Kohl's,Midwest,Illinois,Women's Athletic Footwear,Online,14.64,17.0,248.88
103544,06/24/2024,Sports Direct,West,Arizona,Men's Athletic Footwear,Outlet,38.94,30.0,1168.2
108708,14/05/2023,West Gear,West,,Women's Apparel,Online,22.21,27.0,599.67
105580,2023-06-13,J.D. Sports,South,Oklahoma,Women's Street Footwear,Online,33.51,40.0,2010.6000000000001
104921,2023-08-07,Adidas Online Store,South,Texas,Men's Apparel, Online,29.04,40.0,1161.6
108249,04/01/2022,KOHL'S,Northeast,Massachusetts,Women's Apparel,Outlet,80.45,58.0,4666.1
109574,04 Nov 2023,Amazon,Northeast,New York,Outdoor Footwear,Outlet,61.92,41.0,2538.72
102015,28 Sep 2022,J.D. Sports,Northeast,Massachusetts,Men's Apparel,outlet,76.66,36.0,2759.76
107863,2024-07-17,Adidas Online Store,Southeast,Georgia,Women's Athletic Footwear,Online,32.55,47.0,1529.85
107371,07 Jul 2024,J.D. Sports,West,Arizona,Accessories,In-store,59.2,13.0,769.6
109672,06/12/2023,Sports Direct,West,Washington,Men's Apparel,Outlet,64.53,24.0,1548.72
102917,2023-08-13,Sports Direct,Southeast,Virginia,Women's Apparel,In-store,79.52,45.0,3578.4
103835,03/02/2023,Walmart,West,California,Women's Athletic Footwear,Outlet,66.21,17.0,1125.57
101807,07/10/2023,AMAZON,West,California,Accessories,In-store,75.32,28.0,2108.96
108553,2024-11-07,Kohl's,West,California,Outdoor Footwear, Online,46.3,43.0,1990.9
100561,02/10/2024,Walmart,Northeast,Pennsylvania,Men's Street Footwear,In-store,72.98,9.0,656.82
105188,12/29/2024,West Gear,West,Washington,Women's Athletic Footwear,Online,63.12,10.0,631.2
103010,09/24/2024,West Gear,Northeast,Pennsylvania,Kids' Footwear,In-store,69.33,25.0,1733.25
103546,2023-05-30,Sports Direct,Midwest,Illinois,Women's Street Footwear,Outlet,54.21,40.0,2168.4
108915,29/05/2022,Adidas Online Store,South,Oklahoma,Men's Apparel,In-store,11.89,,439.93
101197,2024-10-14,Foot Locker,Northeast,Pennsylvania,Men's Apparel, Online,83.93,29.0,2433.97
103481,2023-03-26,Amazon,West,,Women's Apparel,Online,42.22,15.0,633.3
107484,2022-01-23,Kohl's,Midwest,Illinois,Men's Street Footwear, In-store,45.51,3.0,136.53
109365,02-02-2022,J.D. Sports,Southeast,Georgia,Women's Athletic Footwear,Online,55.22,27.0,1490.94
100839,2022-06-18,Foot Locker,Midwest,,Men's Street Footwear,In-store,83.93,55.0,4616.15
105170,06/08/2022,Walmart,Southeast,Virginia,Men's Street Footwear, Outlet,62.12,46.0,2857.52
108200,08/09/2024,Walmart,West,California,Men's Apparel,In-store,60.03,40.0,2401.2
104282,2023-10-25,Sports Direct,MIDWEST,Wisconsin,Outdoor Footwear,In-store,31.48,21.0,
108131,2022-05-22,WEST GEAR,South,Tennessee,Men's Apparel,in-store,71.0,50.0,3550.0
104919,21 May 2024,Adidas Online Store,Southeast,Florida,Kids' Apparel,Outlet,34.5,43.0,1483.5
108327,2023-05-14,FOOT LOCKER,West,Arizona,Kids' Footwear,In-store,59.09,59.0,3486.31
103323,30 Mar 2023,Adidas Online Store,Southeast,Florida,Women's Apparel,Online,65.1,26.0,1692.6
104626,2022-05-24,J.D. Sports,West,California,Accessories,in-store,57.08,20.0,1141.6
105148,2023-10-19,  Walmart ,Southeast,North Carolina,Accessories, Outlet,49.15,48.0,2359.2
103308,23/05/2024,Foot Locker,West,Arizona,Men's Street Footwear, Online,63.93,15.0,958.95
101496,26/02/2024,J.D. Sports,Midwest,Illinois,Kids' Apparel,In-store,23.73,23.0,545.79
100263,2024-04-08,Sports Direct,West,California,Men's Apparel,Online,61.16,64.0,3914.24
104454,2023-12-10,  Sports Direct ,Southeast,Florida,Women's Athletic Footwear,Outlet,8.0,,488.0
107388,02/09/2023,Walmart,Southeast,Virginia,Women's Street Footwear,Outlet,34.19,28.0,957.32
100301,29 Jun 2022,Sports Direct,Midwest,Michigan,Outdoor Footwear,Online,55.47,12.0,665.64
101211,24 Sep 2024,West Gear,West,Washington,Men's Street Footwear,IN-STORE,23.42,55.0,1288.1
105473,02 May 2022,Foot Locker,Midwest,Illinois,Kids' Apparel,Outlet,57.04,24.0,1368.96
104211,11 Dec 2023,Walmart,Southeast,Georgia,Kids' Apparel,Online,56.89,25.0,1422.25
101576,2022-03-13,Sports Direct,South,Texas,Women's Athletic Footwear,In-store,44.63,72.0,3213.36
109277,11/11/2023,foot locker,South,Oklahoma,Men's Street Footwear,Online,65.18,37.0,2411.66
108338,27-04-2023,Walmart,Northeast,New York,Accessories, Online,,27.0,1663.47
103923,11 Sep 2024,west gear,Northeast,Massachusetts,Women's Athletic Footwear,Outlet,49.05,34.0,1667.7
107447,10/07/2024,Sports Direct,South,Louisiana,Men's Athletic Footwear,Online,37.07,16.0,593.12
101244,01-03-2023,J.D. Sports,West,California,Women's Apparel,Outlet,40.56,46.0,1865.76
103695,2023-10-21,Kohl's,Southeast,Georgia,Kids' Apparel,In-store,44.2,1.0,44.2
108170,09/10/2022,Kohl's,South,Texas,Men's Street Footwear,in-store,38.53,15.0,577.95
107006,07-12-2022,J.D. Sports,West,Washington,Women's Athletic Footwear,In-store,45.28,42.0,1901.76
103655,21-09-2022,Adidas Online Store,South,Tennessee,Men's Street Footwear,In-store,93.0,60.0,5580.0
101709,20/10/2023,J.D. Sports,Southeast,North Carolina,Men's Athletic Footwear,Online,56.92,43.0,2447.56
102867,09/02/2022,Kohl's,West,Oregon,Kids' Apparel,Outlet,68.73,52.0,3573.96
104026,2022-04-26,Kohl's,Northeast,Pennsylvania,Women's Apparel,In-store,55.41,48.0,2659.68
105766,02-08-2022,West Gear,Southeast,Georgia,Women's Athletic Footwear,In-store,72.46,55.0,5977.950000000001
102409,29-08-2024,Adidas Online Store,South,Texas,Women's Athletic Footwear, Outlet,76.43,1.0,76.43
109642,2024-12-31,J.D. Sports,Southeast,Virginia,Women's Apparel,In-store,56.93,48.0,2732.64
101506,2023-07-20,J.D. Sports,South,Texas,Women's Athletic Footwear,Outlet,81.24,42.0,3412.08
102349,2024-05-18,  Kohl's ,Northeast,Pennsylvania,Kids' Apparel, Online,64.25,38.0,2441.5
106625,26/02/2024,Walmart,West,Oregon,Women's Athletic Footwear,In-store,67.19,62.0,4165.78
106117,2022-12-22,J.D. Sports,Southeast,Florida,Women's Apparel,Online,64.06,41.0,2626.46
103320,2023-08-11,West Gear,Northeast,Massachusetts,Kids' Apparel,IN-STORE,38.84,38.0,1475.92
100414,25-03-2022,Adidas Online Store,South,Tennessee,Kids' Apparel,Outlet,72.12,34.0,2452.08
100566,27 May 2023,Walmart,Midwest,Illinois,Men's Street Footwear,Outlet,61.43,79.0,4852.97
101597,08 Aug 2023,J.D. Sports,Southeast,North Carolina,Men's Street Footwear,In-store,52.45,50.0,2622.5
105027,08-05-2023,Walmart,Northeast,New Jersey,Women's Street Footwear,Outlet,39.14,45.0,1761.3
101673,2022-01-25,Sports Direct,Midwest,Michigan,Men's Street Footwear,In-store,46.24,61.0,2820.64
103536,13 Apr 2024,Amazon,Northeast,Massachusetts,Women's Street Footwear,Outlet,76.63,51.0,3908.13
100898,07 Oct 2022,J.D. SPORTS,Southeast,Georgia,Men's Street Footwear,Outlet,69.19,-43.0,
102991,03/03/2023,Adidas Online Store,South,Tennessee,Kids' Apparel,Online,51.85,19.0,985.15
106138,11/10/2023,Sports Direct,South,Louisiana,Men's Street Footwear,In-store,60.67,44.0,2669.48
106079,08 Feb 2022,Amazon,Midwest,Michigan,Women's Athletic Footwear,Online,58.38,16.0,934.08
109400,14-06-2023,J.D. Sports,MIDWEST,Illinois,Accessories,Online,50.11,61.0,3056.71
106295,24 Mar 2024,Walmart,West,Arizona,Kids' Footwear,Outlet,65.62,55.0,
100097,11/11/2023,West Gear,Northeast,New Jersey,Outdoor Footwear,In-store,76.65,18.0,1379.7
107941,01 Jun 2023,West Gear,Midwest,Ohio,Men's Athletic Footwear,In-store,36.79,1.0,36.79
104659,10/13/2022,Kohl's,Northeast,New Jersey,Accessories,In-store,49.24,13.0,640.12
104720,08/29/2024,Adidas Online Store,Southeast,Virginia,Men's Street Footwear,Online,18.97,41.0,777.77
104901,12-01-2022,J.D. Sports,Midwest,Michigan,Men's Apparel,ONLINE,50.84,11.0,559.24
108566,02/19/2023,Amazon,Midwest,Ohio,Women's Apparel,In-store,80.67,44.0,3549.48
109631,18-09-2023,Sports Direct,Midwest,Ohio,Men's Athletic Footwear,Outlet,,-30.0,2184.3
108173,03/23/2022,Foot Locker,Midwest,Illinois,Men's Street Footwear,Online,76.53,54.0,4132.62
102347,04/20/2022,Kohl's,South,Texas,Outdoor Footwear,Outlet,60.48,40.0,2419.2
106376,2022-09-21,J.D. Sports,South,,Women's Athletic Footwear,Online,58.82,75.0,4411.5
109655,05/30/2023,Foot Locker,South,Texas,Women's Apparel,Online,65.21,33.0,2151.93
105729,16 Dec 2024,  Foot Locker ,Northeast,New Jersey,Outdoor Footwear,In-store,51.05,11.0,561.55
107161,03/22/2024,West Gear,West,California,Men's Apparel,In-store,32.56,53.0,1725.68
107845,03 Oct 2022,J.D. Sports,Northeast,Massachusetts,Outdoor Footwear,In-store,60.57,24.0,1453.68
104351,05/04/2022,West Gear,Southeast,Georgia,Women's Street Footwear,In-store,65.31,59.0,3853.29
101222,2024-08-24,J.D. Sports,West,California,Women's Athletic Footwear,OUTLET,71.25,44.0,3135.0
101610,29-06-2024,Walmart,Midwest,Wisconsin,Kids' Apparel,In-store,44.89,24.0,1077.36
102432,15/05/2022,Walmart,South,Louisiana,Outdoor Footwear,In-store,61.6,50.0,3080.0
100540,03/07/2023,Foot Locker,Midwest,Michigan,Women's Street Footwear,Online,22.88,15.0,343.2
106204,04/10/2024,KOHL'S,West,Oregon,Women's Street Footwear,In-store,,20.0,1099.6
102224,21 Oct 2022,Walmart,South,Texas,Women's Street Footwear,In-store,48.37,94.0,4546.78
107236,06/06/2023,West Gear,South,Texas,Women's Street Footwear,In-store,32.68,21.0,686.28
103157,10-11-2023,Foot Locker,South,Texas,Women's Street Footwear,In-store,50.51,32.0,1616.32
109723,11/22/2022,Amazon,Midwest,Wisconsin,Men's Athletic Footwear,outlet,58.01,1.0,58.01
108259,02 Oct 2024,Foot Locker,West,Arizona,Men's Apparel,Online,71.82,41.0,2944.62
103253,06/06/2022,Walmart,West,Arizona,Women's Street Footwear,Online,53.83,21.0,1130.43
105925,24/05/2023,Amazon,Midwest,Illinois,Accessories,Online,87.69,14.0,1227.66
100599,20 Feb 2024,Walmart,South,Oklahoma,Accessories,Outlet,44.05,31.0,1365.55
104112,23-12-2023,Adidas Online Store,Southeast,North Carolina,Outdoor Footwear, Outlet,64.34,,64.34
106655,2024-02-08,West Gear,Northeast,Massachusetts,Accessories,Online,40.98,61.0,2499.78
101304,23/12/2022,Sports Direct,Southeast,North Carolina,Outdoor Footwear,In-store,35.58,53.0,
109564,06 Oct 2022,Foot Locker,Midwest,Ohio,Men's Athletic Footwear,In-store,73.58,12.0,882.96
100035,12/09/2022,Amazon,Midwest,Illinois,Accessories,Outlet,49.0,11.0,539.0
108960,12/30/2022,Amazon,Midwest,Illinois,Men's Street Footwear, In-store,54.49,15.0,817.35
100732,04-12-2023,Foot Locker,Midwest,,Kids' Apparel,In-store,62.52,31.0,1938.12
102484,16 Jul 2024,Amazon,South,Texas,Women's Street Footwear,Outlet,,40.0,1670.4
102388,24 May 2024,J.D. Sports,NORTHEAST,Massachusetts,Kids' Apparel,In-store,33.9,27.0,915.3
103007,06 Jul 2024,Sports Direct,Southeast,Georgia,Men's Apparel,Outlet,71.61,32.0,2291.52
107000,2023-02-23,West Gear,Southeast,Georgia,Kids' Footwear,Outlet,,32.0,
104614,21 May 2023,J.D. Sports,Midwest,Illinois,Men's Athletic Footwear,Outlet,46.65,21.0,979.65
104152,16 Aug 2022,  Adidas Online Store ,SOUTHEAST,Georgia,Women's Apparel, Outlet,63.78,11.0,701.58
106608,24/05/2024,Foot Locker,West,Oregon,Accessories,In-store,41.02,16.0,656.32
101306,02/02/2024,J.D. Sports,Southeast,Virginia,Women's Street Footwear,In-store,64.19,39.0,2503.41
106373,09-11-2023,Adidas Online Store,Midwest,Michigan,Women's Street Footwear,Online,40.89,46.0,1880.94
109426,17-09-2023,Sports Direct,SOUTH,Tennessee,Women's Street Footwear,Online,49.4,9.0,444.6
102001,06/23/2022,Kohl's,West,Oregon,Kids' Apparel,Outlet,63.32,29.0,1836.28
100885,21 Aug 2024,J.D. Sports,West,Oregon,Kids' Footwear,Outlet,53.44,41.0,2191.04
103133,2022-03-30,  Adidas Online Store ,West,Arizona,Women's Athletic Footwear,Outlet,69.94,38.0,2657.72
102587,22/06/2023,Foot Locker,Midwest,Wisconsin,Kids' Footwear,Online,62.25,35.0,2178.75
103214,2024-07-27,Foot Locker,South,Oklahoma,Kids' Footwear,Online,44.51,15.0,667.65
108013,04/16/2024,Kohl's,West,Arizona,Kids' Footwear,In-store,66.06,,2510.28
107075,10/30/2022,West Gear,South,Tennessee,Men's Street Footwear,Online,43.81,25.0,1095.25
108496,2023-04-16,West Gear,Northeast,Massachusetts,Men's Athletic Footwear,Online,35.99,35.0,1259.65
102689,2023-11-26,Walmart,Midwest,Ohio,Women's Apparel,In-store,54.58,26.0,1419.08
109256,13-01-2023,Amazon,SOUTH,  Louisiana  ,Accessories,Online,43.43,35.0,1520.05
107246,04/02/2023,Adidas Online Store,SOUTH,Louisiana,Women's Athletic Footwear,In-store,31.97,15.0,479.55
108215,24-09-2022,Kohl's,West,,Women's Street Footwear,In-store,67.14,34.0,2282.76
103687,08/13/2024,Foot Locker,Northeast,Pennsylvania,Women's Athletic Footwear, In-store,49.65,3.0,148.95
106688,2022-09-20,Sports Direct,West,Washington,Women's Athletic Footwear,in-store,65.01,51.0,3315.51
101212,2024-07-01,Adidas Online Store,Midwest,Illinois,Men's Apparel,OUTLET,88.16,53.0,4672.48
104823,01/01/2023,Kohl's,Midwest,Wisconsin,Women's Street Footwear,In-store,78.38,16.0,1254.08
107733,2023-02-09,Foot Locker,South,Louisiana,Women's Street Footwear,In-store,59.1,33.0,1950.3
102967,01-07-2023,Foot Locker,South,Oklahoma,Accessories,Outlet,44.46,74.0,3290.04
100724,31/05/2023,Walmart,Southeast,Florida,Accessories,outlet,87.6,38.0,3328.8
109051,2022-06-25,Amazon,Southeast,Georgia,Women's Street Footwear,Outlet,106.64,28.0,2985.92
100642,07/26/2022,Foot Locker,SOUTHEAST,North Carolina,Outdoor Footwear,Online,61.82,44.0,2720.08
105138,2022-06-02,Kohl's,Northeast,New Jersey,Men's Athletic Footwear,In-store,31.83,64.0,3055.68
100139,2023-02-25,amazon,Southeast,Florida,Accessories,In-store,43.63,26.0,1134.38
101760,05-05-2022,ADIDAS ONLINE STORE,Midwest,,Women's Athletic Footwear,Online,,21.0,1466.64
106091,14 Apr 2022,J.D. Sports,Midwest,,Kids' Apparel,Online,74.49,54.0,4022.46
109089,2023-05-08,Walmart,Northeast,New Jersey,Women's Athletic Footwear,Outlet,68.81,64.0,4403.84
105844,04-09-2022,Foot Locker,Midwest,Illinois,Men's Apparel,In-store,31.06,34.0,1056.04
102790,10/01/2022,Amazon,South,Tennessee,Men's Athletic Footwear,,28.2,39.0,1099.8
106847,25 Mar 2023,Amazon,West,Oregon,Women's Street Footwear,Online,66.67,37.0,2466.79
107623,12 Feb 2022,Kohl's,Midwest,Illinois,Women's Athletic Footwear,Online,32.39,12.0,388.68
106913,12/21/2022,SPORTS DIRECT,Southeast,Georgia,Men's Athletic Footwear,Online,73.49,65.0,4776.85
109095,12/13/2023,Foot Locker,Northeast,Pennsylvania,Accessories,Online,72.35,47.0,3400.45
105053,01/25/2022,J.D. Sports,Northeast,,Men's Athletic Footwear,outlet,70.03,59.0,4131.77
106769,2023-05-27,Amazon,Southeast,Florida,Men's Street Footwear,Outlet,56.38,18.0,1014.84
104729,2023-11-21,Walmart,Midwest,Ohio,Women's Athletic Footwear,In-store,87.4,19.0,1660.6
103844,06-03-2023,West Gear,Northeast,New Jersey,Men's Athletic Footwear,in-store,77.33,23.0,1778.59
100289,06/10/2024,  Kohl's ,Midwest,Wisconsin,Women's Street Footwear,Outlet,68.22,,4093.2
105591,06 Nov 2022,Amazon,Midwest,Michigan,Kids' Apparel,In-store,35.67,30.0,1070.1
107210,05/05/2022,Kohl's,SOUTHEAST,Virginia,Men's Athletic Footwear,Online,65.5,37.0,2423.5
101734,27/09/2023,Foot Locker,Northeast,  New York  ,Mens Athletic Footwear,Outlet,71.47,57.0,4073.79
108351,01/03/2023,Amazon,Northeast,New Jersey,Women's Apparel,In-store,54.39,1.0,54.39
101638,2022-06-16,Foot Locker,Southeast,Florida,Accessories,Online,53.09,13.0,690.17
109175,2024-08-07,Kohl's,Midwest,Michigan,Men's Street Footwear,In-store,49.76,19.0,945.44
109623,03/19/2023,West Gear,Southeast,Florida,Women's Athletic Footwear,Outlet,63.66,1.0,63.66
102542,09-07-2023,Amazon,West,California,Women's Street Footwear,Outlet,94.89,58.0,5503.62
101132,12/29/2022,Walmart,Midwest,Michigan,Women's Street Footwear,Online,27.61,20.0,552.2
100223,2024-11-04,Kohl's,Southeast,Virginia,Accessories, Online,65.69,27.0,
101149,01 Jul 2024,Kohl's,West,Oregon,Women's Apparel,Online,46.92,62.0,2909.04
106234,05 Sep 2022,Adidas Online Store,Southeast,Georgia,Women's Apparel,Online,43.81,20.0,876.2
100190,21-05-2023,Walmart,Southeast,Virginia,Men's Athletic Footwear,In-store,73.53,34.0,2500.02
107688,10-08-2024,walmart,Northeast,New York,Accessories,In-store,31.62,62.0,1960.44
109275,04/04/2023,  J.D. Sports ,West,Oregon,Men's Street Footwear,Outlet,45.06,19.0,856.14
105468,22-11-2023,Foot Locker,MIDWEST,Michigan,Women's Street Footwear,In-store,,36.0,1681.92
106467,08/11/2022,KOHL'S,South,Oklahoma,Accessories,Outlet,69.08,23.0,1588.84
105014,03/05/2023,Kohl's,Midwest,Wisconsin,Men's Street Footwear,Outlet,47.26,1.0,47.26
107200,13/09/2022,West Gear,Northeast,Massachusetts,Men's Street Footwear,Online,59.95,48.0,2877.6
105003,10 Jul 2023,Sports Direct,Northeast,Massachusetts,Men's Street Footwear,Outlet,63.35,58.0,3674.3
102024,07/09/2022,  J.D. Sports ,Midwest,Michigan,Women's Street Footwear,In-store,48.58,6.0,291.48
108198,05 Nov 2022,Walmart,Southeast,Virginia,Outdoor Footwear,In-store,73.32,33.0,2419.56
108336,2022-03-12,Walmart,Northeast,New York,Outdoor Footwear,In-store,62.37,45.0,2806.65
102291,15 Oct 2024,Walmart,South,Oklahoma,Outdoor Footwear,Online,58.21,22.0,1280.62
108345,08/03/2024,Foot Locker,WEST,Oregon,Accessories,,82.24,39.0,3207.36
107638,24 Aug 2024,West Gear,NORTHEAST,Massachusetts,Mens Apparel,Outlet,47.98,25.0,1199.5
102214,04-03-2024,FOOT LOCKER,South,Louisiana,Women's Apparel,Online,62.69,1.0,62.69
103621,07-08-2022,Walmart,South,Oklahoma,Men's Athletic Footwear,Online,77.73,5.0,388.65
104098,07 May 2022,FOOT LOCKER,Southeast,Virginia,Kids' Apparel,,,57.0,2895.03
102254,24 Dec 2023,Sports Direct,NORTHEAST,Massachusetts,Men's Athletic Footwear,Online,91.3,47.0,4291.1
104107,24/09/2022,FOOT LOCKER,Midwest,Ohio,Men's Apparel,In-store,52.28,38.0,1986.64
101707,2023-09-03,Walmart,Southeast,  North Carolina  ,Men's Street Footwear,Outlet,48.99,25.0,1224.75
103046,12/24/2023,West Gear,Midwest,Illinois,Women's Apparel,Online,63.4,1.0,
102955,04 Mar 2024,Amazon,Southeast,Florida,Kids' Apparel,Outlet,51.78,85.0,
100127,20-05-2024,Foot Locker,West,Oregon,Women's Street Footwear,In-store,51.29,43.0,2205.47
109273,2022-06-16,Sports Direct,Northeast,New Jersey,Women's Athletic Footwear,In-store,77.4,6.0,464.4
105427,2022-03-04,Walmart,West,California,Women's Street Footwear,in-store,46.12,33.0,1521.96
101359,01-05-2023,foot locker,Midwest,Illinois,Kids' Footwear,Outlet,82.91,14.0,1160.74
106159,08/23/2024,Kohl's,Southeast,Georgia,Women's Athletic Footwear,Outlet,69.17,20.0,1383.4
100688,15 Sep 2024,j.d. sports,Midwest,Ohio,Men's Street Footwear,Outlet,57.12,20.0,1142.4
105203,2022-05-10,foot locker,Northeast,Massachusetts,Women's Athletic Footwear,OUTLET,60.13,32.0,1924.16
102849,22 May 2022,Walmart,South,Tennessee,Accessories,Online,56.43,27.0,1523.61
104678,25 Jul 2023,West Gear,NORTHEAST,New York,Women's Street Footwear,In-store,71.46,1.0,71.46
102292,2024-09-28,Walmart,Midwest,Wisconsin,Women's Apparel,Online,59.96,46.0,2758.16
108795,21-08-2024,Walmart,Southeast,Florida,Men's Apparel,Outlet,75.69,30.0,2270.7
103643,18 Feb 2023,Sports Direct,Southeast,Virginia,Outdoor Footwear,Online,71.38,19.0,1356.22
100334,09-10-2023,J.D. Sports,Northeast,Massachusetts,Men's Athletic Footwear,In-store,62.28,37.0,2304.36
105681,28/03/2022,Adidas Online Store,West,Arizona,Kids' Footwear,Outlet,21.74,44.0,956.56
104758,02/18/2022,West Gear,Southeast,Florida,Men's Athletic Footwear,In-store,18.64,39.0,726.96
108307,12/20/2024,Kohl's,Midwest,Michigan,Outdoor Footwear,Online,58.47,33.0,1929.51
103797,22-09-2022,Foot Locker,Midwest,Illinois,Men's Athletic Footwear,IN-STORE,53.68,38.0,2039.84
107053,08-02-2024,Sports Direct,Southeast,Florida,Women's Apparel,Outlet,53.48,39.0,2085.72
107505,30-12-2022,Sports Direct,South,Texas,Accessories,Outlet,21.54,44.0,
106572,07-11-2022,ADIDAS ONLINE STORE,West,California,Women's Apparel,Online,49.07,40.0,1962.8
103694,2024-06-14,Sports Direct,West,Arizona,Women's Athletic Footwear,Outlet,8.0,26.0,
104012,16 Jun 2023,Sports Direct,Northeast,Massachusetts,Men's Street Footwear,In-store,50.01,49.0,2450.49
107549,2024-07-02,Walmart,Midwest,Illinois,Men's Athletic Footwear,Online,,28.0,1705.76
102582,2023-04-16,Walmart,West,California,Women's Street Footwear,Outlet,35.81,44.0,1575.64
104807,23-01-2023,Sports Direct,Northeast,New Jersey,Women's Athletic Footwear,In-store,75.07,22.0,1651.54
100064,02/07/2022,J.D. Sports,Northeast,Massachusetts,Kids' Apparel,Online,64.77,42.0,2720.34
102797,11/13/2024,Walmart,Southeast,Georgia,Women's Apparel,OUTLET,,29.0,1221.48
101457,2022-01-22,Sports Direct,Southeast,Florida,Outdoor Footwear,Online,71.4,87.0,6211.8
107585,2022-10-28,Foot Locker,SOUTH,Louisiana,Men's Athletic Footwear,Online,68.6,32.0,2195.2
106619,24 Sep 2023,J.D. Sports,South,Louisiana,Women's Street Footwear,Outlet,53.23,42.0,2235.66
100481,09-08-2023,Foot Locker,Southeast,North Carolina,Women's Apparel,,64.94,42.0,2727.48
109048,26/01/2023,West Gear,MIDWEST,Wisconsin,Men's Athletic Footwear,Online,69.57,53.0,3687.21
100264,12 May 2024,Adidas Online Store,NORTHEAST,New Jersey,Outdoor Footwear,Online,81.48,25.0,2037.0
101621,20-11-2024,  Foot Locker ,South,Oklahoma,Women's Apparel,Online,64.56,2.0,129.12
102189,08/09/2022,Amazon,Southeast,Florida,Women's Apparel,In-store,74.66,48.0,3583.68
105303,02-07-2022,  Amazon ,SOUTHEAST,Florida,Kids' Apparel,In-store,76.85,23.0,1767.55
103463,02/02/2022,Walmart,Midwest,Ohio,Men's Street Footwear,In-store,42.41,33.0,1399.53
102165,29/08/2022,Foot Locker,Southeast,Virginia,Men's Athletic Footwear,In-store,58.59,24.0,1406.16
104961,11/24/2024,Foot Locker,Midwest,Wisconsin,Kids' Apparel,Online,62.28,80.0,4982.4
101501,11-11-2024,Amazon,Midwest,Illinois,Kids' Apparel,Outlet,89.41,37.0,3308.17
103422,24-02-2023,Kohl's,Southeast,Florida,Men's Athletic Footwear,In-store,73.5,53.0,3895.5
104405,28-08-2023,J.D. Sports,West,California,Men's Street Footwear,,59.94,39.0,2337.66
102199,22-03-2024,J.D. Sports,Northeast,New Jersey,Men's Apparel,In-store,78.48,47.0,3688.56
107235,22-03-2023,Walmart,West,California,Men's Street Footwear, In-store,96.38,29.0,2795.02
107873,01-08-2023,Amazon,West,California,Men's Street Footwear,Online,50.48,30.0,1514.4
100324,2023-07-03,Foot Locker,West,Oregon,Women's Apparel,Outlet,,34.0,2112.42
105450,26 Aug 2024,AMAZON,Northeast,New Jersey,Men's Athletic Footwear,Outlet,89.67,12.0,1076.04
101291,04/10/2022,Kohl's,Southeast,North Carolina,Kids' Footwear,Outlet,62.08,9.0,558.72
103548,12/07/2022,J.D. Sports,MIDWEST,Wisconsin,Men's Street Footwear,ONLINE,54.21,17.0,921.57
103001,2022-02-15,Adidas Online Store,West,Washington,Men's Apparel,Online,35.5,11.0,390.5
106923,02/10/2022,J.D. Sports,Northeast,Massachusetts,Kids' Apparel,Outlet,69.61,73.0,5081.53
105921,26/06/2023,Sports Direct,South,Tennessee,Accessories,Online,59.87,7.0,419.09
102191,17 May 2023,Foot Locker,West,Washington,Women's Apparel,Outlet,62.48,54.0,3373.92
101564,06/10/2024,Adidas Online Store,Northeast,Pennsylvania,Women's Athletic Footwear,outlet,35.96,32.0,1150.72
103200,10-12-2024,Kohl's,Northeast,,Women's Athletic Footwear,Online,57.14,18.0,1028.52
108549,2023-11-21,sports direct,Southeast,Georgia,Men's Street Footwear,outlet,55.49,29.0,1609.21
102117,2024-10-31,adidas online store,Midwest,Ohio,Kids' Apparel,In-store,21.19,42.0,889.98
106304,02/09/2023,Adidas Online Store,South,Tennessee,Women's Street Footwear,In-store,89.85,32.0,2875.2
106065,11/06/2022,J.D. Sports,Southeast,Georgia,Women's Street Footwear,Online,22.96,34.0,780.64
106212,28-02-2024,Walmart,West,Oregon,Women's Street Footwear,In-store,84.21,64.0,5389.44
106945,2022-06-27,Amazon,SOUTH,Tennessee,Kids' Apparel,Outlet,69.53,39.0,2711.67
103850,2023-10-10,Amazon,South,Oklahoma,Women's Athletic Footwear,Outlet,85.04,1.0,85.04
104579,01 May 2022,Sports Direct,MIDWEST,Illinois,Outdoor Footwear,In-store,48.63,32.0,1556.16
104004,17/01/2024,J.D. Sports,Northeast,Pennsylvania,Women's Street Footwear,Outlet,52.81,29.0,1531.49
100471,30/06/2024,Kohl's,West,,Men's Street Footwear,Online,80.18,55.0,4409.9
106985,05-05-2023,J.D. Sports,Northeast,New Jersey,Kids' Footwear,OUTLET,63.92,37.0,2365.04
108884,25 Feb 2024,  Foot Locker ,Northeast,New York,Women's Apparel,Outlet,40.67,2.0,81.34
102524,03 Nov 2023,Kohl's,Northeast,Pennsylvania,Accessories,Outlet,54.26,25.0,1356.5
103147,07/07/2023,Foot Locker,Southeast,Georgia,Women's Street Footwear,IN-STORE,,102.0,7967.22
102993,05 Feb 2022,J.D. Sports,Northeast,New Jersey,Kids' Apparel,Outlet,63.01,47.0,2961.47
104777,14-11-2023,Kohl's,West,Arizona,Kids' Footwear,In-store,64.17,42.0,2695.14
101924,10 May 2024,J.D. Sports,South,,Outdoor Footwear,In-store,38.91,44.0,1712.04
105088,21 Jun 2022,Amazon,West,Arizona,Women's Apparel,in-store,41.63,1.0,41.63
101314,2023-10-22,West Gear,South,Louisiana,Women's Street Footwear,Outlet,,,159.63
100212,08/04/2022,adidas online store,Midwest,Wisconsin,Accessories,Outlet,60.9,20.0,1218.0
108874,09 Jul 2024,Amazon,Southeast,Georgia,Women's Street Footwear,Outlet,91.48,42.0,3842.16
102005,2022-01-05,Foot Locker,NORTHEAST,New Jersey,Accessories,Online,46.43,69.0,3203.67
106556,2022-06-11,Foot Locker,South,Texas,Men's Street Footwear,Online,82.69,1.0,82.69
108903,02/10/2024,Kohl's,SOUTHEAST,Georgia,Outdoor Footwear,Outlet,16.67,-21.0,350.07
109462,2022-08-08,West Gear,Northeast,Pennsylvania,Men's Street Footwear,Outlet,32.84,19.0,623.96
103011,2022-04-23,Kohl's,Midwest,Wisconsin,Women's Street Footwear,Online,88.04,42.0,3697.68
109300,03/03/2022,  Foot Locker ,Midwest,Ohio,Kids' Footwear,,74.69,53.0,3958.57
104744,2022-05-18,Adidas Online Store,Southeast,Virginia,Women's Apparel,Outlet,54.61,30.0,2457.45
101431,20 Oct 2022,Walmart,Northeast,New Jersey,Men's Street Footwear,Online,62.43,26.0,1623.18
102608,12/08/2024,Kohl's,Southeast,Florida,Women's Apparel,In-store,76.82,23.0,1766.86
100604,22-01-2024,Foot Locker,South,Louisiana,Kids' Apparel,Outlet,56.68,24.0,1360.32
103737,03 Aug 2022,West Gear,South,Louisiana,Kids' Apparel,In-store,,38.0,1769.8500000000001
103125,05/28/2024,Amazon,Southeast,Florida,Kids' Apparel,In-store,35.61,1.0,35.61
105412,12/18/2023,WEST GEAR,Midwest,Illinois,Outdoor Footwear,Online,39.3,38.0,1493.4
109614,2024-01-10,Amazon,South,Tennessee,Men's Street Footwear,In-store,56.08,24.0,1345.92
106911,14 Jun 2024,Sports Direct,South,Texas,Accessories,Online,75.43,57.0,4299.51
109437,02/03/2023,West Gear,South,Oklahoma,Kids' Apparel,In-store,48.98,1.0,48.98
101395,11/27/2023,Amazon,West,Washington,Women's Apparel,,59.08,60.0,3544.8
103511,25 Feb 2022,J.D. Sports,Southeast,Florida,Outdoor Footwear,Outlet,56.58,64.0,3621.12
105753,10/12/2022,J.D. Sports,Southeast,Florida,Men's Athletic Footwear,ONLINE,44.89,47.0,2109.83
107728,12/04/2023,Kohl's,Northeast,Massachusetts,Women's Athletic Footwear,Outlet,32.11,62.0,1990.82
103196,12-12-2023,Adidas Online Store,Northeast,,Women's Street Footwear,Online,40.1,47.0,1884.7
109162,14-10-2024,Foot Locker,Northeast,Pennsylvania,Women's Apparel,Online,48.1,38.0,1827.8
102624,22-07-2022,Kohl's,South,Texas,Kids' Footwear,In-store,64.69,29.0,1876.01
100743,19 Aug 2024,Adidas Online Store,West,Washington,Women's Athletic Footwear,online,70.46,19.0,1338.74
106714,17-12-2024,Foot Locker,Midwest,Ohio,Kids' Footwear,IN-STORE,73.47,67.0,4922.49
104797,16/06/2024,Foot Locker,MIDWEST,Illinois,Women's Apparel,Outlet,31.53,40.0,1261.2
105402,01-04-2022,Amazon,Southeast,Virginia,Accessories,Online,16.74,24.0,401.76
107233,05/15/2024,Adidas Online Store,Southeast,Virginia,Kids' Apparel,Online,49.66,22.0,1092.52
102438,2023-01-29,Adidas Online Store,Northeast,New York,Men's Street Footwear,Outlet,39.77,,1869.19
106307,03/24/2022,FOOT LOCKER,WEST,Oregon,Men's Apparel,Outlet,,43.0,2483.25
100360,02/02/2022,AMAZON,Southeast,Florida,Women's Street Footwear,Online,50.48,65.0,3281.2
108460,17-05-2022,Amazon,South,Louisiana,Accessories,Online,39.55,31.0,1226.05
101700,04/05/2022,Sports Direct,Northeast,New Jersey,Kids' Footwear,in-store,64.87,59.0,3827.33
102239,2023-05-08,Adidas Online Store,West,Arizona,Men's Apparel,Outlet,79.77,48.0,3828.96
105736,2022-05-28,Foot Locker,WEST,Arizona,Outdoor Footwear,Online,20.41,27.0,551.07
107951,07/16/2022,SPORTS DIRECT,SOUTHEAST,North Carolina,Kids' Apparel,Outlet,42.48,25.0,1062.0
100624,19/05/2022,  Walmart ,South,Texas,Men's Street Footwear,Online,47.63,25.0,1190.75
107119,2023-09-17,Kohl's,West,Washington,Mens Apparel,In-store,67.2,45.0,3024.0
102156,2023-01-12,West Gear,Southeast,Virginia,Men's Street Footwear,In-store,61.66,53.0,3267.98
103498,2022-09-21,  Foot Locker ,South,Oklahoma,Men's Apparel,In-store,58.47,43.0,2514.21
104714,02 Jul 2024,Kohl's,South,Tennessee,Outdoor Footwear,In-store,45.99,1.0,45.99
109117,15 Mar 2023,Kohl's,Midwest,Ohio,Men's Street Footwear,Online,40.44,1.0,40.44
107947,13-04-2022,Foot Locker,South,Texas,Men's Athletic Footwear,Online,83.69,26.0,3263.91
107154,22/12/2023,Walmart,Northeast,Pennsylvania,Men's Street Footwear,In-store,56.65,66.0,3738.9
101521,25-01-2023,amazon,Midwest,Wisconsin,Men's Street Footwear,Online,66.9,58.0,3880.2
106235,01-07-2023,Adidas Online Store,South,Oklahoma,Men's Street Footwear,Outlet,52.06,1.0,52.06
107369,11-04-2022,Foot Locker,South,Texas,Kids' Footwear,In-store,63.81,26.0,1659.06
103789,09/10/2022,Foot Locker,Northeast,Massachusetts,Women's Apparel,In-store,36.99,42.0,1553.58
103288,07-01-2024,West Gear,Southeast,North Carolina,Kids' Footwear,Outlet,89.32,27.0,2411.64
100894,2024-02-14,Foot Locker,Southeast,Virginia,Women's Street Footwear,,,4.0,247.48
100978,25/05/2024,Foot Locker,WEST,Oregon,Men's Street Footwear,In-store,,39.0,2493.27
100767,22 Nov 2023,Foot Locker,Southeast,Florida,Women's Apparel,Outlet,52.35,47.0,2460.45
100477,17-08-2024,Sports Direct,West,California,Women's Apparel,Outlet,42.49,55.0,2336.95
101285,2022-11-01,Sports Direct,South,Oklahoma,Men's Apparel,Online,54.47,47.0,2560.09
102311,2024-08-29,West Gear,South,Louisiana,Men's Athletic Footwear,In-store,49.27,25.0,1231.75
101259,24 Jul 2023,Sports Direct,South,Tennessee,Accessories,Outlet,66.98,68.0,4554.64
107415,15 Jun 2022,Kohl's,West,Oregon,Women's Street Footwear,Outlet,94.84,32.0,
100659,2023-11-22,Foot Locker,Southeast,Georgia,Women's Athletic Footwear,In-store,31.88,,2040.32
101726,2023-09-28,Adidas Online Store,South,Texas,Kids' Apparel,Online,53.15,53.0,2816.95
103556,04/01/2023,West Gear,Southeast,Georgia,Kids' Footwear,Online,29.9,60.0,1794.0
106980,01 Apr 2023,J.D. Sports,Northeast,Massachusetts,Kids' Apparel,Outlet,72.97,54.0,3940.38
108462,06-01-2024,Sports Direct,West,Oregon,Kids' Footwear,Online,42.8,8.0,342.4
106118,13 Feb 2022,Foot Locker,Northeast,Massachusetts,Outdoor Footwear,In-store,52.03,22.0,1144.66
105056,29/02/2024,Walmart,Midwest,Ohio,Kids' Apparel,In-store,63.26,50.0,3163.0
108082,2024-08-04,Foot Locker,Southeast,North Carolina,Women's Apparel,outlet,48.49,30.0,1454.7
108757,11/06/2024,Sports Direct,West,Arizona,Women's Apparel,Outlet,,15.0,1108.95
103658,08/03/2023,  Kohl's ,Northeast,Pennsylvania,Men's Apparel,Outlet,54.24,26.0,1410.24
101483,12/01/2023,Amazon,Southeast,Florida,Kids' Apparel,Outlet,66.51,66.0,4389.66
105354,06/16/2022,West Gear,West,Washington,Kids' Footwear,In-store,56.02,30.0,1680.6
109178,01/26/2023,Kohl's,South,Oklahoma,Women's Athletic Footwear,online,53.66,80.0,4292.8
105120,09/01/2023,Amazon,Southeast,North Carolina,Kids' Footwear,In-store,77.09,36.0,2775.24
103247,01/20/2023,Sports Direct,Southeast,Florida,Men's Street Footwear,Online,79.94,38.0,3037.72
109335,02/11/2023,Foot Locker,Northeast,Pennsylvania,Outdoor Footwear,Online,50.84,51.0,2592.84
109695,19/09/2022,Amazon,South,Louisiana,Men's Athletic Footwear,Online,85.52,11.0,940.72
100093,07/24/2024,J.D. Sports,NORTHEAST,New Jersey,Men's Apparel,In-store,57.33,1.0,57.33
105337,17-06-2024,Amazon,South,Oklahoma,Women's Apparel,In-store,21.01,36.0,756.36
100332,06-01-2024,  Walmart ,Southeast,North Carolina,Outdoor Footwear,Online,87.4,,3670.8
105707,29/11/2024,Foot Locker,Southeast,Georgia,Kids' Footwear,Online,79.43,39.0,3097.77
109742,2024-09-22,Adidas Online Store,West,Washington,Men's Apparel,Outlet,32.91,7.0,230.37
101833,21/02/2022,Walmart,Southeast,Georgia,Outdoor Footwear,Online,55.13,52.0,2866.76
103453,08/10/2023,Walmart,Midwest,Wisconsin,Accessories,In-store,32.17,26.0,836.42
102846,10/03/2023,Kohl's,South,  Tennessee  ,Women's Apparel,In-store,51.36,13.0,
102988,04/20/2023,WALMART,South,Texas,Accessories,Outlet,77.44,54.0,4181.76
107232,23 Sep 2023,Kohl's,Midwest,Wisconsin,Kids' Footwear,Outlet,44.4,14.0,621.6
104637,2023-10-21,FOOT LOCKER,Southeast,Florida,Men's Apparel,Online,73.2,51.0,3733.2
109102,06/29/2022,Sports Direct,Midwest,Michigan,Men's Street Footwear,In-store,64.85,19.0,1232.15
101444,13 Oct 2023,Amazon,Southeast,North Carolina,Men's Apparel,,79.27,23.0,1823.21
105262,04-09-2024,J.D. Sports,West,Oregon,Men's Street Footwear,Online,63.24,10.0,632.4
100323,25/04/2023,Adidas Online Store,SOUTHEAST,Virginia,Kids' Footwear,Online,45.69,46.0,
100809,02/18/2023,Kohl's,West,Washington,Women's Athletic Footwear,Outlet,43.79,48.0,2101.92
109263,06/05/2023,Sports Direct,South,Texas,Women's Athletic Footwear,Outlet,42.44,61.0,2588.84
101715,05-06-2024,Kohl's,West,Oregon,Women's Street Footwear,Online,62.0,,2976.0
107267,26-06-2024,Foot Locker,South,Tennessee,Kids' Apparel,Online,64.72,39.0,2524.08
107990,15-10-2023,West Gear,Northeast,Pennsylvania,Women's Street Footwear,ONLINE,57.33,1.0,57.33
100355,2023-06-18,  Amazon ,Northeast,Massachusetts,Women's Apparel,In-store,58.77,60.0,3526.2
107185,15/10/2022,Sports Direct,Northeast,New York,Women's Athletic Footwear,Online,70.2,1.0,70.2
100347,02/17/2024,West Gear,Midwest,Wisconsin,Women's Apparel,Outlet,71.76,11.0,789.36
101183,01/04/2024,Foot Locker,Southeast,Florida,Men's Athletic Footwear,online,59.54,66.0,3929.64
102461,2022-09-27,J.D. Sports,Midwest,Wisconsin,Women's Apparel,In-store,64.56,54.0,3486.24
109188,02-08-2024,Kohl's,Northeast,New York,Men's Athletic Footwear,Outlet,78.25,86.0,6729.5
102000,09/16/2023,Adidas Online Store,Northeast,Massachusetts,Men's Street Footwear,Outlet,79.58,59.0,4695.22
103112,06-02-2024,  Kohl's ,West,Washington,Men's Athletic Footwear,Outlet,48.33,30.0,1449.9
101207,23-06-2024,KOHL'S,Northeast,New Jersey,Kids' Apparel,Outlet,79.59,30.0,2387.7
103593,05-10-2024,Foot Locker,Southeast,Virginia,Women's Athletic Footwear,Outlet,65.7,42.0,2759.4
101202,12/20/2023,J.D. Sports,Midwest,Illinois,Kids' Footwear, Online,28.39,56.0,1589.84
109060,29 Jan 2024,J.D. Sports,Southeast,Florida,Women's Apparel,In-store,60.78,64.0,3889.92
103770,17/03/2022,Kohl's,West,California,Men's Street Footwear,Outlet,36.69,40.0,1467.6
102760,11-04-2023,Kohl's,Midwest,Michigan,Men's Apparel,In-store,75.7,30.0,2271.0
107927,11/26/2024,Foot Locker,Midwest,Ohio,Women's Athletic Footwear,Outlet,63.89,66.0,4216.74
108101,2024-01-21,adidas online store,Southeast,North Carolina,Kids' Footwear,Online,49.3,57.0,2810.1
105353,07/30/2023,Foot Locker,Southeast,,Men's Athletic Footwear,outlet,46.07,14.0,644.98
104111,2023-11-25,Sports Direct,Midwest,Illinois,Women's Street Footwear,In-store,52.84,52.0,2747.68
105498,11/02/2023,Amazon,West,Oregon,Women's Apparel,Online,49.8,49.0,2440.2
106191,08/07/2022,Kohl's,South,Tennessee,Accessories,Outlet,81.27,-1.0,81.27
104379,2024-07-04,Adidas Online Store,Midwest,Michigan,Kids' Apparel,Online,43.71,21.0,917.91
108640,2023-05-29,Amazon,Northeast,New Jersey,Men's Street Footwear,Outlet,120.47,60.0,7228.2
106087,2024-03-14,Walmart,West,Washington,Women's Apparel,Online,52.12,81.0,4221.72
101766,05/17/2024,Adidas Online Store,South,Texas,Accessories,Online,53.99,76.0,4103.24
108994,12 Aug 2023,Amazon,South,Oklahoma,Women's Street Footwear,In-store,92.97,13.0,1208.61
105665,10/05/2023,Adidas Online Store,South,Tennessee,Outdoor Footwear,Outlet,87.95,25.0,2198.75
106727,2024-02-19,Adidas Online Store,MIDWEST,Wisconsin,Women's Athletic Footwear,In-store,,1.0,52.19
100550,03/01/2024,Sports Direct,Southeast,Georgia,Accessories,In-store,84.46,66.0,5574.36
106762,2024-07-16,Sports Direct,WEST,California,Men's Athletic Footwear,Outlet,50.23,50.0,2511.5
101423,24 Sep 2023,J.D. Sports,MIDWEST,Illinois,Women's Street Footwear,Online,33.97,51.0,1732.47
106242,07/18/2024,J.D. Sports,West,Arizona,Men's Apparel,Online,28.63,35.0,1002.05
101070,02 Jan 2024,J.D. Sports,South,Louisiana,Men's Street Footwear,Online,65.33,2.0,130.66
107428,07-12-2024,J.D. Sports,Midwest,Illinois,Men's Street Footwear,online,63.55,26.0,1652.3
101237,09-10-2024,Kohl's,Northeast,New Jersey,Women's Street Footwear, Online,43.17,51.0,2201.67
101533,05 Jun 2024,Walmart,Northeast,,Kids' Apparel,In-store,62.23,3.0,
109177,01/01/2024,Amazon,Southeast,North Carolina,Men's Athletic Footwear,Outlet,85.59,26.0,2225.34
103698,21/07/2024,Walmart,Northeast,New York,Women's Street Footwear,Outlet,49.36,24.0,1184.64
105112,10 Jan 2024,Amazon,Southeast,Florida,Men's Street Footwear,Online,20.49,1.0,20.49
104630,2024-04-15,J.D. Sports,West,California,Men's Athletic Footwear,Outlet,41.06,30.0,1231.8
104518,21-11-2024,Foot Locker,Midwest,Illinois,Men's Athletic Footwear,Online,37.91,8.0,303.28
108175,10 Aug 2022,  Walmart ,West,Oregon,Outdoor Footwear,Online,29.25,40.0,1170.0
103596,07/02/2024,foot locker,SOUTH,Tennessee,Women's Apparel,Outlet,34.94,17.0,593.98
104072,19 Jan 2024,Walmart,Northeast,New York,Women's Athletic Footwear,Outlet,53.53,62.0,3318.86
106576,2024-04-30,sports direct,SOUTHEAST,North Carolina,Women's Athletic Footwear,Online,26.12,5.0,
100005,2023-08-17,Foot Locker,Northeast,New Jersey,Accessories,In-store,75.35,47.0,3541.45
103775,06 Nov 2024,WALMART,West,Washington,Men's Street Footwear,in-store,40.54,8.0,324.32
106188,13 Dec 2024,Sports Direct,Southeast,Georgia,Kids' Apparel,Outlet,56.61,59.0,3339.99
103869,2023-09-27,west gear,South,Tennessee,Kids' Apparel,In-store,76.42,6.0,458.52
104250,18-02-2024,Sports Direct,Southeast,Virginia,Kids' Apparel,Online,70.53,10.0,705.3
107849,07 Dec 2022,Amazon,South,Tennessee,Men's Apparel,Outlet,69.06,26.0,
106160,05/06/2023,Adidas Online Store,Southeast,Georgia,Men's Street Footwear,Online,70.03,33.0,2310.99
105194,08/07/2023,ADIDAS ONLINE STORE,Southeast,Georgia,Kids' Apparel,IN-STORE,30.16,59.0,1779.44
109394,2022-01-30,J.D. Sports,Midwest,Wisconsin,Men's Street Footwear,Online,40.91,32.0,1309.12
108560,01/04/2024,Foot Locker,Southeast,Virginia,Outdoor Footwear,Online,61.72,14.0,864.08
107195,26-07-2022,J.D. Sports,Southeast,Georgia,Kids' Apparel,Outlet,42.55,60.0,2553.0
106447,24 Apr 2022,Walmart,Northeast,Pennsylvania,Women's Athletic Footwear,Online,37.93,36.0,1365.48
108782,03 May 2023,Sports Direct,Northeast,New York,Outdoor Footwear,Online,34.26,25.0,856.5
103712,10/04/2023,J.D. Sports,Northeast,New Jersey,Kids' Apparel,In-store,42.38,58.0,2458.04
103208,12/02/2022,J.D. Sports,South,Tennessee,Men's Athletic Footwear,Outlet,42.91,6.0,257.46
108843,10 Jul 2023,Walmart,West,Oregon,Women's Athletic Footwear,ONLINE,52.16,59.0,3077.44
100957,05/05/2022,KOHL'S,Southeast,Virginia,Men's Apparel,Outlet,46.03,33.0,1518.99
107581,11/07/2022,Sports Direct,Midwest,Michigan,Outdoor Footwear,Online,69.59,8.0,556.72
107310,27 Aug 2022,J.D. Sports,South,Tennessee,Accessories,In-store,47.31,64.0,3027.84
101667,2022-07-04,Foot Locker,Midwest,Wisconsin,Outdoor Footwear,Outlet,66.64,26.0,2598.96
101461,12-04-2022,Kohl's,Northeast,New York,Womens Street Footwear,Online,73.57,18.0,132426.0
100534,07/17/2024,Kohl's,Southeast,,Men's Street Footwear,Online,78.48,1.0,78.48
103991,16-01-2024,West Gear,Southeast,Virginia,Kids' Apparel,Outlet,66.42,47.0,
109232,22/10/2023,Walmart,Northeast,New York,Kids' Footwear,Outlet,72.97,21.0,
101090,23 Apr 2024,Foot Locker,Southeast,North Carolina,Women's Apparel,Outlet,85.32,32.0,2730.24
108464,2022-08-14,Adidas Online Store,Midwest,Illinois,Men's Apparel,In-store,,13.0,697.45
101418,02-04-2022,Sports Direct,South,Tennessee,Accessories,Online,53.85,37.0,1992.45
105804,12/04/2022,Kohl's,South,Texas,Women's Apparel,In-store,37.68,17.0,640.56
106470,2022-06-29,Sports Direct,South,Texas,Accessories,ONLINE,75.63,44.0,3327.72
100798,01 Aug 2024,J.D. Sports,Northeast,New York,Men's Apparel,,15.02,3.0,45.06
105588,2022-01-28,Foot Locker,West,Washington,Accessories,Outlet,64.68,48.0,3104.64
101408,2022-08-26,Sports Direct,NORTHEAST,New York,Kids' Apparel,Outlet,55.0,27.0,1485.0
104689,13/12/2023,amazon,Southeast,Georgia,Men's Athletic Footwear,Online,60.76,21.0,1275.96
104747,22-02-2023,Sports Direct,WEST,Washington,Kids' Apparel,In-store,46.23,48.0,2219.04
105656,01 May 2022,Foot Locker,Northeast,New York,Men's Athletic Footwear,Outlet,91.37,29.0,2649.73
108420,22/02/2023,Adidas Online Store,South,Oklahoma,Men's Athletic Footwear,Outlet,99.38,26.0,2583.88
107085,25/09/2024,J.D. Sports,Southeast,Florida,Kids' Apparel,Online,87.79,57.0,5004.03
108798,2023-06-15,West Gear,West,Oregon,Outdoor Footwear,Outlet,73.39,9.0,660.51
107186,2023-06-05,Kohl's,Southeast,North Carolina,Men's Athletic Footwear,online,33.87,15.0,508.05
109223,2023-11-17,Adidas Online Store,West,Washington,Men's Athletic Footwear,Outlet,47.23,48.0,2267.04
101478,01/09/2024,Foot Locker,Southeast,Florida,Accessories,Online,48.73,13.0,633.49
101261,09/10/2022,Sports Direct,South,Texas,Accessories,In-store,88.81,44.0,3907.64
105667,08 Dec 2024,Kohl's,Northeast,New Jersey,Women's Apparel,Online,51.03,69.0,3521.07
102286,03/26/2023,FOOT LOCKER,WEST,California,Men's Street Footwear,In-store,68.13,40.0,2725.2
101737,2022-03-27,Sports Direct,NORTHEAST,,Women's Street Footwear, In-store,56.06,57.0,3195.42
108632,2024-06-21,Walmart,Midwest,,Women's Athletic Footwear,In-store,58.92,10.0,589.2
108094,20-02-2022,Sports Direct,Northeast,New York,Women's Athletic Footwear,Online,99.84,50.0,4992.0
105952,07/24/2023,West Gear,South,Tennessee,Women's Apparel,Outlet,69.33,72.0,4991.76
107576,11/14/2022,Sports Direct,Northeast,New York,Outdoor Footwear,Online,61.87,52.0,3217.24
106214,12/08/2023,Amazon,South,Texas,Women's Street Footwear,Outlet,53.43,38.0,2030.34
103311,21-11-2023,Foot Locker,South,Texas,Men's Apparel,In-store,52.29,26.0,1359.54
109606,19 Feb 2023,West Gear,SOUTHEAST,Virginia,Women's Street Footwear,In-store,,8.0,330.08
103504,05/19/2024,Amazon,South,Texas,Kids' Apparel,In-store,51.03,34.0,1735.02
105181,2023-10-14,J.D. Sports,Northeast,Pennsylvania,Mens Street Footwear,Online,60.67,18.0,1092.06
107473,02 May 2022,West Gear,Midwest,Wisconsin,Women's Athletic Footwear,Online,,20.0,755.4
104799,02-11-2022,Sports Direct,Southeast,Virginia,Women's Apparel,Online,49.08,1.0,49.08
109157,2023-01-23,Sports Direct,West,Arizona,Men's Apparel,In-store,23.53,34.0,800.02
109090,22-08-2023,Kohl's,Southeast,North Carolina,Men's Street Footwear,Online,32.13,33.0,1060.29
104463,14-05-2023,Amazon,West,California,Kids' Apparel,In-store,63.25,41.0,2593.25
101206,09/03/2023,Sports Direct,Southeast,Florida,Men's Street Footwear, Outlet,34.45,48.0,1653.6
104960,02/04/2024,Amazon,Southeast,North Carolina,Kids' Footwear,Outlet,76.76,16.0,1228.16
104814,29/04/2023,J.D. Sports,South,Louisiana,Kids' Footwear,Outlet,39.58,65.0,2572.7
107334,17/06/2024,West Gear,Northeast,New York,Outdoor Footwear,in-store,65.14,24.0,1563.36
102279,25-01-2022,J.D. Sports,South,Oklahoma,Kids' Apparel,Online,28.06,61.0,1711.66
109629,27/10/2024,Foot Locker,West,California,Men's Athletic Footwear,Outlet,16.76,54.0,905.04
106615,20/05/2022,Adidas Online Store,Southeast,North Carolina,Men's Athletic Footwear,In-store,,28.0,1277.92
100731,25/12/2022,West Gear,Midwest,Michigan,Men's Street Footwear,Online,86.69,63.0,5461.47
104893,30-07-2022,sports direct,Northeast,New Jersey,Women's Athletic Footwear,Online,83.1,50.0,6232.5
108509,2022-11-30,West Gear,South,Oklahoma,Men's Apparel,In-store,63.96,40.0,2558.4
106386,20/09/2024,J.D. Sports,South,Tennessee,Kids' Footwear,OUTLET,44.35,14.0,620.9
107904,15 Sep 2022,Kohl's,Northeast,Pennsylvania,Men's Athletic Footwear,IN-STORE,65.39,53.0,3465.67
108498,11 Jun 2022,West Gear,Northeast,Pennsylvania,Men's Apparel,Online,46.33,9.0,416.97
104210,07/16/2024,Sports Direct,West,Washington,Kids' Footwear,,38.97,23.0,896.31
107676,18-08-2022,Walmart,Northeast,Massachusetts,Women's Apparel,online,52.14,32.0,1668.48
102561,05/27/2023,West Gear,Midwest,Wisconsin,Men's Street Footwear,Online,65.35,19.0,1241.65
103166,16-12-2022,Foot Locker,NORTHEAST,New Jersey,Women's Street Footwear,In-store,51.91,31.0,1609.21
101323,10/12/2022,Sports Direct,West,California,Women's Athletic Footwear,IN-STORE,42.48,53.0,2251.44
102873,24 Oct 2023,West Gear,West,Arizona,Women's Athletic Footwear,Online,8.0,19.0,152.0
102960,12-11-2022,Walmart,South,Oklahoma,Kids' Apparel,ONLINE,66.98,78.0,5224.44
105709,24/01/2022,Walmart,WEST,California,Men's Street Footwear,Outlet,59.2,28.0,1657.6
102662,26-04-2023,Sports Direct,Northeast,Massachusetts,Men's Apparel, Online,,14.0,
108926,06/28/2024,Kohl's,Midwest,Michigan,Men's Street Footwear,,23.81,33.0,785.73
104700,25/07/2024,Kohl's,West,California,Kids' Apparel,In-store,45.29,59.0,2672.11
100983,15/10/2022,Foot Locker,West,California,Women's Athletic Footwear,Outlet,84.63,32.0,2708.16
106602,19/11/2024,Adidas Online Store,Southeast,Virginia,Women's Street Footwear,In-store,53.37,42.0,3362.31
103064,07-02-2022,Walmart,South,Tennessee,Women's Street Footwear,Online,47.39,,3459.47
100407,2023-12-24,J.D. Sports,West,Arizona,Men's Apparel,Online,45.64,41.0,1871.24
105668,2023-04-26,Kohl's,South,Tennessee,Kids' Apparel,Outlet,33.89,35.0,1186.15
101739,07/11/2022,Foot Locker,Midwest,Michigan,Men's Apparel,Online,29.28,31.0,907.68
102294,27 Aug 2022,walmart,Southeast,Florida,Kids' Apparel,Outlet,63.51,42.0,2667.42
102003,03/07/2023,Sports Direct,South,Oklahoma,Mens Athletic Footwear,In-store,67.47,18.0,1214.46
106684,29-08-2024,Amazon,Northeast,Pennsylvania,Women's Apparel, Online,72.49,59.0,4276.91
104606,17-12-2024,Amazon,West,Arizona,Men's Street Footwear,In-store,47.03,71.0,3339.13
104328,04/26/2022,West Gear,West,Oregon,Women's Athletic Footwear,Outlet,59.94,34.0,2037.96
107140,12-04-2023,Amazon,South,Louisiana,Kids' Footwear,In-store,55.8,36.0,2008.8
107424,20-07-2023,FOOT LOCKER,Northeast,New York,Women's Apparel,In-store,87.27,32.0,2792.64
105968,02/28/2022,Kohl's,Southeast,Florida,Kids' Footwear,Online,23.62,6.0,141.72
100592,12/19/2022,Sports Direct,MIDWEST,Ohio,Women's Apparel,In-store,98.85,52.0,5140.2
109362,13 Jun 2023,Adidas Online Store,Northeast,Pennsylvania,Kids' Footwear,Online,61.32,76.0,4660.32
107896,20 Dec 2023,Kohl's,Southeast,Florida,Women's Street Footwear, Outlet,95.08,42.0,3993.36
100614,06/30/2022,foot locker,Southeast,Florida,Men's Athletic Footwear,Outlet,63.48,38.0,2412.24
105948,02/12/2024,West Gear,Northeast,New Jersey,Kids' Apparel,Online,101.06,1.0,101.06
102647,08/21/2024,Walmart,Northeast,New Jersey,Kids' Footwear,Online,46.29,37.0,1712.73
106660,08/17/2023,Walmart,Northeast,Massachusetts,Men's Athletic Footwear,Outlet,103.47,25.0,2586.75
107811,05/17/2022,Adidas Online Store,Southeast,Virginia,Men's Athletic Footwear,IN-STORE,74.33,49.0,3642.17
104946,2022-12-08,Amazon,South,Louisiana,Men's Street Footwear,OUTLET,42.04,39.0,
102606,2024-11-20,Amazon,Midwest,Michigan,Men's Athletic Footwear,Online,110.98,25.0,2774.5
108957,09/01/2024,Adidas Online Store,West,Washington,Men's Apparel,Online,68.03,37.0,2517.11
105878,10-02-2023,  Foot Locker ,Southeast,Virginia,Accessories,Outlet,48.01,23.0,1104.23
102543,14/09/2022,Amazon,Southeast,Virginia,Kids' Footwear,Outlet,47.5,18.0,855.0
105082,2023-01-19,West Gear,Southeast,North Carolina,Kids' Apparel, Online,,44.0,3510.76
107917,2024-07-22,Foot Locker,Southeast,North Carolina,Men's Apparel,Online,31.78,53.0,1684.34
108408,13/12/2024,J.D. Sports,Northeast,Pennsylvania,Outdoor Footwear,Outlet,69.64,43.0,
101324,22 Jan 2022,Kohl's,West,California,Men's Street Footwear,In-store,47.42,17.0,806.14
100529,13-02-2023,Foot Locker,SOUTH,Oklahoma,Accessories,In-store,,25.0,1395.5
104683,08/10/2022,Kohl's,West,Arizona,Kids' Apparel,Outlet,19.08,55.0,1049.4
103681,07/29/2023,Amazon,Midwest,Michigan,Women's Apparel,In-store,39.55,63.0,2491.65
105371,2022-07-18,Amazon,South,Oklahoma,Men's Street Footwear,ONLINE,52.59,51.0,2682.09
105848,2023-06-23,SPORTS DIRECT,West,Arizona,Women's Street Footwear,In-store,75.69,1.0,75.69
104543,05/06/2024,Foot Locker,Northeast,New York,Men's Athletic Footwear,Outlet,47.26,20.0,945.2
107545,2024-06-18,Amazon,Southeast,Florida,Accessories,In-store,48.8,55.0,2684.0
106558,11/07/2022,walmart,Southeast,Georgia,Women's Athletic Footwear,In-store,69.62,15.0,1044.3
102485,18/03/2024,Kohl's,Northeast,New York,Men's Apparel,Outlet,63.88,42.0,2682.96
100023,10/26/2022,Amazon,South,,Men's Apparel,In-store,,-1.0,20.83
104779,2024-03-23,  Adidas Online Store ,West,California,Accessories, In-store,66.64,79.0,5264.56
101731,03 Feb 2024,West Gear,West,Oregon,Outdoor Footwear,In-store,39.76,45.0,1789.2
105406,13 May 2024,Foot Locker,Midwest,,Men's Street Footwear,In-store,,38.0,2545.24
101019,2024-04-18,Foot Locker,Northeast,Massachusetts,Women's Apparel,Outlet,86.18,,2326.86
100395,09/14/2023,WALMART,West,Washington,Kids' Apparel,Online,44.62,,1918.66
102745,2024-01-22,Sports Direct,South,Oklahoma,Women's Street Footwear,,77.15,14.0,1080.1
106417,19 Apr 2024,  West Gear ,Southeast,Georgia,Women's Athletic Footwear, Outlet,49.22,37.0,1821.14
109749,12/05/2023,ADIDAS ONLINE STORE,Southeast,Georgia,Women's Apparel,Online,64.21,51.0,3274.71
101086,09/01/2023,WEST GEAR,Midwest,Michigan,Men's Apparel,Outlet,58.12,64.0,3719.68
100080,06/23/2022,Adidas Online Store,Northeast,Massachusetts,Women's Street Footwear,in-store,,54.0,4273.02
108736,05/11/2022,Amazon,Northeast,Massachusetts,Outdoor Footwear,Online,53.65,53.0,2843.45
109476,20 Jan 2022,Adidas Online Store,South,Tennessee,Men's Street Footwear,Online,49.62,9.0,446.58
106703,2022-10-11,Adidas Online Store,South,Texas,Kids' Footwear,In-store,75.34,60.0,4520.4
104137,2023-02-16,Adidas Online Store,South,Tennessee,Women's Street Footwear,,62.13,13.0,807.69
101740,01-04-2023,Walmart,South,Louisiana,Outdoor Footwear,Outlet,54.48,15.0,817.2
105020,21/01/2024,West Gear,Midwest,Wisconsin,Women's Apparel,In-store,57.18,34.0,1944.12
100370,10-01-2022,Walmart,Northeast,New Jersey,Outdoor Footwear,,70.57,37.0,2611.09
103080,2023-07-02,kohl's,South,Louisiana,Kids' Footwear,Online,62.35,1.0,62.35
108593,27-06-2024,Sports Direct,Midwest,Ohio,Men's Street Footwear,In-store,37.91,18.0,682.38
101509,2024-01-16,j.d. sports,Northeast,New York,Men's Athletic Footwear,In-store,46.54,36.0,1675.44
104251,01-10-2022,amazon,Northeast,New York,Women's Street Footwear,Online,27.64,41.0,1133.24
101969,20 Nov 2023,Foot Locker,South,Texas,Men's Athletic Footwear,In-store,79.52,43.0,3419.36
103298,2024-07-11,J.D. Sports,Midwest,Michigan,Kids' Footwear,In-store,61.11,39.0,2383.29
106432,2024-09-18,Walmart,Midwest,Wisconsin,Men's Apparel,In-store,41.89,10.0,418.9
106255,15/04/2024,Foot Locker,Northeast,New York,Womens Apparel, Online,19.15,32.0,612.8
106236,08/31/2022,Foot Locker,West,Arizona,Women's Street Footwear,In-store,35.14,36.0,1265.04
106316,04/22/2024,Sports Direct,West,Oregon,Outdoor Footwear,In-store,47.72,14.0,668.08
100311,25/08/2024,West Gear,West,Arizona,Men's Athletic Footwear,Online,53.51,49.0,2621.99
105534,02/05/2024,Kohl's,Midwest,Ohio,Women's Street Footwear,In-store,69.85,48.0,3352.8
106269,31/01/2023,West Gear,West,Oregon,Men's Street Footwear,In-store,32.33,55.0,1778.15
107436,04/29/2022,SPORTS DIRECT,Midwest,Ohio,Kids' Apparel,Online,82.34,29.0,2387.86
103852,15-01-2022,  Adidas Online Store ,South,Oklahoma,Kids' Apparel,Online,32.86,31.0,1018.66
109747,24/03/2022,SPORTS DIRECT,South,Oklahoma,Women's Apparel,In-store,54.01,15.0,810.15
101130,06/05/2022,Foot Locker,Midwest,Wisconsin,Men's Athletic Footwear,In-store,67.16,,1410.36
103796,04/04/2023,Amazon,South,,Women's Athletic Footwear,Online,51.68,18.0,930.24
105686,15-11-2024,Adidas Online Store,Southeast,Florida,Men's Street Footwear,in-store,41.18,46.0,1894.28
102541,26 Mar 2023,Sports Direct,Southeast,Virginia,Women's Apparel,Outlet,20.76,56.0,1162.56
107343,12/08/2022,Walmart,Southeast,Florida,Men's Street Footwear,IN-STORE,55.67,18.0,1002.06
104601,04/08/2022,West Gear,South,Tennessee,Women's Apparel,Outlet,54.26,22.0,1193.72
100836,2024-12-31,Kohl's,South,Texas,Men's Street Footwear,Online,61.46,39.0,2396.94
106254,18-11-2022,AMAZON,Southeast,Florida,Kids' Footwear,Outlet,,34.0,1129.14
100292,31/08/2023,J.D. Sports,Southeast,North Carolina,Outdoor Footwear,Outlet,92.94,52.0,4832.88
109577,2023-02-18,Foot Locker,South,Oklahoma,Men's Apparel,OUTLET,38.19,40.0,1527.6
102974,01/02/2024,adidas online store,South,Tennessee,Kids' Apparel,OUTLET,38.32,23.0,881.36
107353,2024-02-14,J.D. Sports,Midwest,Ohio,Outdoor Footwear,Online,43.5,38.0,1653.0
102578,10-07-2024,Amazon,WEST,Washington,Men's Street Footwear,OUTLET,63.6,18.0,1144.8
100918,2022-08-25,Adidas Online Store,Midwest,Ohio,Women's Street Footwear,Outlet,31.45,70.0,2201.5
101375,01/03/2024,Adidas Online Store,Southeast,North Carolina,Women's Apparel,In-store,35.99,44.0,1583.56
104728,03/10/2022,West Gear,Midwest,Wisconsin,Women's Apparel,Outlet,58.91,68.0,
108912,04/19/2022,Sports Direct,Midwest,Wisconsin,Outdoor Footwear,Outlet,75.44,29.0,2187.76
106758,15 May 2024,Kohl's,Northeast,Massachusetts,Men's Street Footwear,In-store,33.32,22.0,733.04
103312,12 Dec 2024,Amazon,West,California,Outdoor Footwear,In-store,60.27,,2531.34
107619,16 Jan 2024,  Adidas Online Store ,South,Oklahoma,Outdoor Footwear,Online,46.88,30.0,1406.4
104048,03-04-2022,Foot Locker,Northeast,Massachusetts,Men's Apparel,Online,98.33,15.0,1474.95
102546,07/04/2023,  Adidas Online Store ,Northeast,Massachusetts,Outdoor Footwear,Online,8.0,39.0,312.0
100820,2023-09-07,West Gear,SOUTHEAST,Virginia,Accessories,Outlet,57.2,68.0,3889.6
104951,21-01-2023,West Gear,Midwest,Ohio,Accessories,Outlet,56.82,,1931.88
104537,2022-06-18,Walmart,Southeast,North Carolina,Men's Street Footwear,Outlet,33.41,40.0,2004.6000000000001
107397,12-02-2023,ADIDAS ONLINE STORE,Midwest,Ohio,Accessories,In-store,48.76,69.0,3364.44
109456,24-11-2022,  Sports Direct ,Southeast,North Carolina,Women's Apparel,ONLINE,43.34,16.0,693.44
101352,28/07/2024,Sports Direct,Midwest,Illinois,Men's Athletic Footwear, Online,67.99,23.0,
108113,19/08/2022,Walmart,South,Texas,Accessories,Outlet,43.83,46.0,2016.18
107071,21-02-2023,Walmart,SOUTHEAST,Georgia,Accessories,Outlet,72.62,38.0,2759.56
105877,02/13/2024,Foot Locker,Southeast,Georgia,Men's Athletic Footwear,Online,79.76,54.0,4307.04
100766,25 Dec 2024,Kohl's,Midwest,Illinois,Women's Apparel,In-store,36.79,38.0,1398.02
100320,15-11-2023,Adidas Online Store,West,Arizona,Kids' Apparel,Outlet,50.84,55.0,2796.2
109444,26-01-2022,Amazon,MIDWEST,Wisconsin,Men's Athletic Footwear,online,58.84,,3118.52
103033,2022-08-04,  Walmart ,South,Oklahoma,Men's Athletic Footwear,Outlet,41.31,13.0,537.03
100057,05/07/2024,Amazon,West,,Accessories,In-store,76.12,46.0,5252.28
105815,2022-04-13,Foot Locker,Northeast,Massachusetts,Women's Street Footwear,Online,50.7,33.0,1673.1
105505,2024-03-21,Sports Direct,Midwest,Ohio,Kids' Footwear,Online,53.39,1.0,53.39
103856,11/01/2023,J.D. Sports,Northeast,Pennsylvania,Men's Street Footwear,Online,70.25,45.0,3161.25
102328,12/02/2022,West Gear,South,Oklahoma,Women's Athletic Footwear,,37.12,23.0,853.76
102471,01/03/2022,Amazon,Northeast,Massachusetts,Outdoor Footwear,Online,24.55,5.0,122.75
100587,27 Aug 2024,J.D. Sports,West,Oregon,Outdoor Footwear, In-store,43.13,10.0,646.95
106059,27-04-2023,sports direct,Southeast,Virginia,Women's Athletic Footwear,IN-STORE,56.42,,1128.4
104801,2022-07-11,J.D. Sports,Midwest,Ohio,Women's Apparel,Online,37.41,21.0,785.61
105119,19/10/2023,Amazon,Southeast,Georgia,Kids' Apparel,Outlet,30.12,25.0,753.0
105761,17/05/2022,Kohl's,Midwest,Illinois,Men's Athletic Footwear,Online,65.86,8.0,526.88
101624,25-07-2024,J.D. Sports,Southeast,Florida,Accessories,Online,14.96,16.0,
103777,26 Jun 2022,Amazon,West,Washington,Accessories,Online,85.68,,3684.24
100833,22 Aug 2023,Walmart,Southeast,Virginia,Men's Athletic Footwear,Online,48.5,1.0,48.5
103907,28/11/2022,FOOT LOCKER,South,Texas,Accessories,Online,78.13,1.0,78.13
105955,28 Feb 2023,Sports Direct,Southeast,North Carolina,Women's Athletic Footwear,In-store,16.38,53.0,
109748,09/24/2023,Foot Locker,Northeast,Pennsylvania,Men's Apparel,Online,75.66,21.0,1588.86
106571,09/24/2024,Amazon,West,Oregon,Accessories,Outlet,77.53,,1395.54
104236,08-04-2024,  Sports Direct ,Southeast,Georgia,Women's Athletic Footwear,Online,46.36,20.0,927.2
101780,20/01/2023,West Gear,Northeast,New Jersey,Outdoor Footwear,Outlet,36.15,28.0,1012.2
102284,08/12/2024,Kohl's,Midwest,Wisconsin,Women's Athletic Footwear,Online,55.5,43.0,2386.5
103525,10/02/2024,Foot Locker,WEST,Washington,Men's Apparel,OUTLET,49.73,72.0,3580.56
107198,10 Apr 2024,Kohl's,Northeast,New York,Men's Street Footwear,Online,90.39,41.0,3705.99
106306,25-06-2024,Sports Direct,South,Louisiana,Men's Apparel,In-store,8.0,21.0,168.0
102369,28 Aug 2022,West Gear,South,Texas,Kids' Apparel,In-store,69.01,37.0,2553.37
100333,02/06/2024,Kohl's,West,Washington,Men's Street Footwear,Outlet,49.75,9.0,447.75
100405,08/29/2022,Foot Locker,West,California,Kids' Footwear,Online,,39.0,1968.33
102316,18 Aug 2022,J.D. Sports,Southeast,North Carolina,Accessories,Outlet,77.11,7.0,539.77
104456,12 Jul 2023,J.D. Sports,Northeast,Pennsylvania,Men's Street Footwear,Outlet,58.15,44.0,2558.6
109512,2024-10-16,West Gear,Midwest,Ohio,Kids' Footwear,online,62.16,29.0,1802.64
104906,26-08-2024,Amazon,Northeast,Pennsylvania,Kids' Apparel, In-store,70.3,14.0,984.2
104357,09-03-2024,Walmart,Southeast,Virginia,Outdoor Footwear,Outlet,35.73,28.0,1000.44
102998,12 Nov 2022,J.D. Sports,South,Oklahoma,Men's Street Footwear,Outlet,,47.0,2214.64
105288,08 Oct 2022,Kohl's,SOUTHEAST,Georgia,Men's Athletic Footwear,In-store,33.83,75.0,2537.25
108909,06/04/2024,Amazon,South,Texas,Kids' Apparel,In-store,75.8,1.0,75.8
105512,27/03/2022,Adidas Online Store,South,Oklahoma,Women's Athletic Footwear,In-store,64.4,45.0,2898.0
102405,07-11-2022,ADIDAS ONLINE STORE,MIDWEST,Michigan,Women's Apparel, In-store,94.17,27.0,2542.59
100252,09/17/2022,Adidas Online Store,West,Washington,Women's Athletic Footwear,Outlet,64.56,28.0,
109147,2022-02-28,Walmart,Midwest,Michigan,Accessories,Online,46.76,48.0,2244.48
104472,07/15/2024,  Amazon ,Northeast,Pennsylvania,Men's Athletic Footwear,In-store,53.08,7.0,557.34
105801,2022-08-21,Walmart,West,Oregon,Outdoor Footwear,Online,46.04,22.0,1012.88
107656,28-06-2024,Adidas Online Store,West,Oregon,Kids' Footwear,Outlet,30.98,21.0,650.58
107825,2023-09-24,West Gear,South,  Oklahoma  ,Women's Apparel,Outlet,65.85,24.0,1580.4
108862,06-09-2023,Sports Direct,Midwest,Ohio,Kids' Apparel,Outlet,31.62,29.0,916.98
105935,14/06/2024,West Gear,Southeast,North Carolina,Women's Street Footwear,Outlet,54.65,47.0,2568.55
100016,2023-12-12,Amazon,South,Tennessee,Kids' Footwear,Online,40.15,56.0,2248.4
101236,02/10/2022,J.D. Sports,South,Oklahoma,Kids' Apparel,Outlet,79.42,68.0,
102201,12/06/2024,Amazon,South,Tennessee,Women's Street Footwear, Online,80.93,4.0,323.72
101091,29 May 2022,Kohl's,South,Tennessee,Men's Apparel,Outlet,76.9,38.0,2922.2
103786,18-08-2022,Kohl's,Northeast,,Men's Athletic Footwear,Online,74.9,23.0,1722.7
108931,2023-02-12,Sports Direct,Southeast,Georgia,Men's Apparel,In-store,81.94,39.0,3195.66
101187,05/07/2024,Adidas Online Store,Midwest,Ohio,Men's Athletic Footwear,Outlet,46.87,46.0,2156.02
106309,25-07-2024,Amazon,Southeast,North Carolina,Women's Apparel,Outlet,74.12,52.0,3854.24
102067,06-12-2023,Walmart,South,Louisiana,Kids' Footwear,outlet,68.12,16.0,1089.92
100883,28/01/2024,Foot Locker,Northeast,,Men's Street Footwear,In-store,52.65,43.0,2263.95
107143,09 Jan 2023,Amazon,West,Oregon,Men's Athletic Footwear,in-store,36.21,,1303.56
105984,2022-11-03,Kohl's,South,Oklahoma,Women's Athletic Footwear,Outlet,48.18,28.0,1349.04
100647,03/23/2022,J.D. Sports,South,Tennessee,Mens Street Footwear,In-store,23.85,64.0,1526.4
101346,10/11/2023,Adidas Online Store,Midwest,Ohio,Accessories,outlet,66.27,50.0,3313.5
108397,14-03-2024,J.D. Sports,Southeast,Georgia,Kids' Footwear,Online,69.11,29.0,2004.19
109503,06/08/2023,Adidas Online Store,Midwest,Michigan,Kids' Footwear,Online,40.79,33.0,1346.07
101051,04/02/2024,Kohl's,NORTHEAST,  Pennsylvania  ,Women's Apparel,Online,80.06,32.0,2561.92
104439,09/03/2022,Amazon,SOUTHEAST,Georgia,Kids' Apparel,,90.32,15.0,1354.8
104842,12/10/2022,SPORTS DIRECT,Southeast,Virginia,Men's Athletic Footwear,In-store,50.65,3.0,151.95
103711,2022-01-06,Amazon,Northeast,Massachusetts,Women's Street Footwear,Online,45.11,3.0,
103921,17/02/2023,Kohl's,Northeast,New York,Kids' Apparel,In-store,103.3,21.0,2169.3
100520,2023-01-09,Foot Locker,South,Tennessee,Men's Street Footwear,In-store,70.5,19.0,1339.5
104380,2022-12-27,Foot Locker,Southeast,North Carolina,Outdoor Footwear,Online,23.13,17.0,393.21
107460,05 Oct 2022,J.D. Sports,West,Washington,Men's Apparel,Online,82.74,17.0,1406.58
102315,04/30/2022,J.D. SPORTS,SOUTH,Tennessee,Men's Apparel,In-store,69.87,37.0,2585.19
100178,03/20/2024,  West Gear ,South,Tennessee,Kids' Footwear,In-store,53.34,36.0,1920.24
102412,2024-05-20,West Gear,Midwest,Wisconsin,Men's Street Footwear, Online,47.5,37.0,1757.5
100314,19 Jan 2023,Kohl's,NORTHEAST,Massachusetts,Kids' Apparel,Online,39.97,42.0,1678.74
107128,27 Nov 2022,Kohl's,Midwest,Illinois,Women's Athletic Footwear,Outlet,65.57,43.0,2819.51
103714,12-08-2022,West Gear,Northeast,New Jersey,Women's Apparel,Outlet,48.78,6.0,292.68
103060,05 Nov 2023,Amazon,Midwest,Michigan,Accessories,Online,76.73,25.0,1918.25
104947,12/01/2023,Sports Direct,Midwest,Illinois,Kids' Footwear,Outlet,0.0,35.0,1124.9
107767,06/17/2022,Adidas Online Store,West,Oregon,Kids' Footwear,Outlet,76.15,33.0,2512.95
108759,09-10-2022,West Gear,Midwest,Michigan,Men's Apparel,Outlet,8.0,1.0,8.0
105423,08/17/2024,Walmart,Southeast,North Carolina,Women's Athletic Footwear,In-store,67.24,86.0,5782.64
102720,01/02/2022,Walmart,South,Oklahoma,Accessories,In-store,72.06,37.0,2666.22
103272,03/09/2024,Adidas Online Store,Northeast,Pennsylvania,Men's Apparel,Outlet,21.27,6.0,127.62
105476,16-09-2023,j.d. sports,Southeast,Georgia,Men's Apparel,Online,33.11,56.0,1854.16
102287,12-07-2023,West Gear,West,Arizona,Accessories,Outlet,77.7,38.0,2952.6
107543,15 Jan 2024,Amazon,SOUTH,Tennessee,Kids' Apparel,Outlet,97.95,23.0,2252.85
107660,01-08-2023,Foot Locker,Southeast,Georgia,Women's Street Footwear,Online,59.85,54.0,3231.9
107457,07-01-2022,Foot Locker,Southeast,Georgia,Outdoor Footwear,Outlet,35.24,30.0,1057.2
107642,27-01-2022,Kohl's,West,Oregon,Men's Apparel,Online,42.49,33.0,1402.17
102127,11/10/2024,Sports Direct,Midwest,Wisconsin,Women's Athletic Footwear,In-store,47.6,23.0,1094.8
102821,29 Sep 2023,Foot Locker,South,Louisiana,Women's Apparel,Outlet,42.01,48.0,2016.48
106229,06 May 2022,Amazon,Southeast,North Carolina,Women's Street Footwear,Online,,,1114.95
106449,05 Feb 2023,J.D. Sports,Northeast,Pennsylvania,Women's Apparel,Online,56.77,9.0,510.93
104225,24/02/2022,Walmart,Midwest,,Accessories,In-store,49.9,20.0,998.0
104872,10/06/2024,Amazon,South,Tennessee,Men's Athletic Footwear,In-store,31.84,71.0,2260.64
107039,05/07/2023,J.D. Sports,South,Tennessee,Kids' Apparel,Online,74.88,54.0,
104928,23-06-2024,Kohl's,Southeast,Georgia,Accessories,in-store,56.47,13.0,734.11
107799,2023-10-28,Adidas Online Store,West,California,Women's Athletic Footwear, In-store,66.21,43.0,2847.03
108286,30-11-2024,  Sports Direct ,Southeast,North Carolina,Kids' Apparel,In-store,60.34,21.0,1267.14
105551,04/02/2024,West Gear,South,Louisiana,Men's Athletic Footwear,In-store,73.11,64.0,4679.04
101587,16 Jun 2023,Sports Direct,South,Texas,Men's Apparel,Online,50.56,21.0,1061.76
107409,27-11-2023,Kohl's,Northeast,New Jersey,Men's Street Footwear,outlet,28.64,1.0,28.64
106515,29 Jun 2023,adidas online store,SOUTHEAST,Florida,Outdoor Footwear,In-store,55.13,42.0,2315.46
101114,09/05/2023,Adidas Online Store,Southeast,North Carolina,Kids' Apparel,Outlet,88.23,35.0,3088.05
108434,22/01/2024,  Kohl's ,Southeast,Georgia,Women's Athletic Footwear,In-store,52.88,49.0,2591.12
105828,12/05/2023,Sports Direct,Southeast,Georgia,Women's Athletic Footwear,Online,48.66,,2189.7
101861,14/05/2022,Adidas Online Store,West,Arizona,Kids' Footwear,Online,26.92,49.0,1319.08
101546,19-08-2022,FOOT LOCKER,Northeast,Pennsylvania,Women's Street Footwear,In-store,56.43,43.0,2426.49
105814,10/25/2022,J.D. Sports,Southeast,Virginia,Women's Athletic Footwear,Outlet,24.84,53.0,1316.52
103109,17/10/2023,amazon,Midwest,Ohio,Women's Apparel,Outlet,52.13,30.0,1563.9
101777,31 Dec 2024,Adidas Online Store,West,Oregon,Outdoor Footwear,Online,51.88,50.0,
102872,11/08/2023,Adidas Online Store,Midwest,Illinois,Men's Street Footwear,Online,69.12,29.0,2004.48
108788,27-03-2023,Amazon,Northeast,Massachusetts,Women's Athletic Footwear,in-store,58.64,66.0,3870.24
103268,06/09/2022,Amazon,South,Texas,Women's Athletic Footwear,ONLINE,47.89,20.0,957.8
106147,2023-08-05,Foot Locker,West,Washington,Women's Athletic Footwear,In-store,65.43,2.0,130.86
104246,04/07/2022,Amazon,Northeast,New Jersey,Accessories,Online,34.88,51.0,1778.88
107773,06/21/2022,J.D. Sports,Northeast,Massachusetts,Outdoor Footwear,Online,59.69,17.0,1014.73
102414,06/02/2023,Kohl's,West,California,Women's Apparel,Online,41.54,21.0,872.34
106175,09-04-2023,Sports Direct,Southeast,Georgia,Women's Athletic Footwear,Outlet,43.34,59.0,2557.06
104170,30-07-2023,Adidas Online Store,Northeast,Massachusetts,Kids' Footwear,Online,84.82,50.0,4241.0
102071,10/03/2023,West Gear,Northeast,Pennsylvania,Kids' Apparel,Online,33.2,14.0,464.8
107624,04/18/2024,J.D. Sports,Midwest,Wisconsin,Kids' Footwear,Outlet,,49.0,3087.0
108229,26-09-2023,West Gear,South,Texas,Men's Apparel,In-store,63.25,19.0,1201.75
107631,06 Sep 2022,Sports Direct,South,Oklahoma,Kids' Apparel,In-store,62.14,46.0,2858.44
103491,11/09/2022,Walmart,Northeast,Pennsylvania,Accessories,Online,38.13,1.0,38.13
104395,22 Jul 2024,Adidas Online Store,Midwest,Michigan,Outdoor Footwear,In-store,34.48,29.0,999.92
104352,2023-03-24,sports direct,Midwest,Michigan,Kids' Apparel,ONLINE,58.28,58.0,3380.24
102927,06/29/2023,Amazon,NORTHEAST,New Jersey,Kids' Footwear,Outlet,47.71,19.0,906.49
106139,2022-06-24,Sports Direct,Midwest,Ohio,Accessories,Outlet,42.71,22.0,939.62
105199,08/13/2023,West Gear,South,Tennessee,Kids' Apparel,Outlet,68.02,22.0,1496.44
106859,13-09-2023,J.D. Sports,Northeast,New Jersey,Women's Apparel,In-store,62.78,73.0,4582.94
100207,03/08/2022,J.D. Sports,Northeast,Massachusetts,Accessories,Online,38.4,4.0,153.6
104828,01/13/2023,Amazon,Northeast,New York,Kids' Footwear,Outlet,19.12,47.0,898.64
104860,29/11/2023,Amazon,Southeast,Virginia,Women's Apparel,Online,56.94,82.0,4669.08
109236,11 May 2023,Sports Direct,Northeast,New Jersey,Kids' Apparel,OUTLET,59.32,55.0,
105420,2023-09-08,Sports Direct,Southeast,Florida,Women's Street Footwear,Online,54.62,8.0,436.96
103500,16/02/2023,Foot Locker,West,Arizona,Women's Street Footwear,Outlet,28.98,17.0,492.66
108348,27-01-2022,Walmart,Midwest,Illinois,Kids' Footwear,Online,64.06,18.0,1153.08
104017,2024-07-19,  Adidas Online Store ,West,California,Kids' Apparel,in-store,28.78,25.0,719.5
101571,06/24/2022,Sports Direct,SOUTH,Oklahoma,Kids' Footwear,In-store,65.35,15.0,980.25
108770,20-11-2024,Amazon,South,Texas,Accessories,Online,38.07,25.0,951.75
107782,02-06-2022,Adidas Online Store,West,California,Kids' Footwear,Online,108.05,30.0,3241.5
101404,25 Feb 2023,West Gear,Northeast,New Jersey,Kids' Apparel,Outlet,39.75,50.0,1987.5
109059,06/08/2023,Adidas Online Store,Midwest,Ohio,Kids' Footwear,,42.54,44.0,1871.76
105513,18-07-2024,Amazon,South,Texas,Women's Athletic Footwear,In-store,80.4,9.0,723.6
103879,05/12/2023,Amazon,NORTHEAST,Pennsylvania,Men's Street Footwear,In-store,50.09,61.0,3055.49
103506,23-05-2024,West Gear,Southeast,North Carolina,Men's Street Footwear,Online,66.31,30.0,1989.3
105531,06 Sep 2022,Walmart,Midwest,Michigan,Men's Apparel,Outlet,57.41,1.0,57.41
104220,2023-03-19,Kohl's,Midwest,Michigan,Men's Apparel,Outlet,34.43,39.0,1342.77
101868,01 Oct 2024,Amazon,Southeast,Florida,Men's Street Footwear,Outlet,18.75,36.0,675.0
100517,17/08/2023,  Sports Direct ,Northeast,Massachusetts,Women's Street Footwear,Online,59.8,30.0,1794.0
103264,12/13/2024,Amazon,South,Texas,Men's Street Footwear,Online,64.41,27.0,1739.07
105585,12/13/2022,Amazon,South,Oklahoma,Outdoor Footwear,In-store,58.61,,3809.65
103054,2023-10-26,Sports Direct,Southeast,Georgia,Kids' Footwear,Online,82.99,44.0,
101826,2022-10-18,Walmart,Northeast,Pennsylvania,Women's Athletic Footwear,Outlet,,30.0,2366.4
105944,2024-03-11,Amazon,Midwest,Ohio,Women's Athletic Footwear,In-store,52.11,20.0,1042.2
101101,26/01/2024,West Gear,NORTHEAST,New York,Men's Apparel,In-store,21.76,28.0,609.28
109276,05/07/2022,  Foot Locker ,Southeast,Georgia,Women's Athletic Footwear,Online,83.78,59.0,4943.02
105049,08 Aug 2022,sports direct,South,Texas,Outdoor Footwear,Outlet,32.83,51.0,1674.33
107255,22/09/2023,Walmart,Northeast,New York,Women's Apparel,In-store,,54.0,3411.18
104708,13 Mar 2024,J.D. Sports,Midwest,Wisconsin,Men's Apparel,In-store,39.74,31.0,1231.94
107662,06 Nov 2022,Walmart,West,Oregon,Outdoor Footwear, In-store,51.79,28.0,1450.12
105095,2023-12-05,J.D. Sports,South,Oklahoma,Men's Athletic Footwear,In-store,,71.0,4575.95
103385,17 Nov 2024,Walmart,Northeast,Massachusetts,Women's Athletic Footwear,In-store,60.66,22.0,1334.52
104420,21/07/2024,West Gear,Midwest,Michigan,Women's Athletic Footwear,In-store,54.21,43.0,2331.03
106511,2024-06-27,  Kohl's ,WEST,Washington,Men's Street Footwear,Online,42.6,39.0,1661.4
103903,17 Jul 2024,Foot Locker,Midwest,Wisconsin,Women's Athletic Footwear,Outlet,48.2,45.0,2169.0
109013,2022-12-06,Foot Locker,SOUTH,Texas,Men's Street Footwear,Online,32.57,43.0,1400.51
104050,06-08-2023,WEST GEAR,Northeast,New Jersey,Outdoor Footwear,Outlet,34.29,77.0,3960.495
106705,15/06/2024,Adidas Online Store,Midwest,Michigan,Women's Street Footwear,In-store,68.03,39.0,2653.17
108568,2024-01-22,Amazon,South,Louisiana,Outdoor Footwear,Online,59.58,13.0,774.54
103474,29 Apr 2024,west gear,Southeast,Florida,Women's Apparel,In-store,59.89,42.0,2515.38
102537,17 May 2024,Walmart,Southeast,North Carolina,Outdoor Footwear,Online,42.33,35.0,1481.55
104962,11/26/2024,sports direct,Southeast,,Men's Street Footwear,in-store,73.67,35.0,2578.45
102021,11 Nov 2024,Sports Direct,WEST,Oregon,Men's Street Footwear,In-store,60.5,30.0,1815.0
102188,06/01/2023,Sports Direct,Midwest,Michigan,Kids' Footwear,,101.52,42.0,4263.84
100258,28 Jul 2022,Walmart,Southeast,Georgia,Women's Athletic Footwear,Outlet,86.99,30.0,2609.7
106709,2022-03-21,Foot Locker,Midwest,Wisconsin,Kids' Footwear,Outlet,86.56,33.0,2856.48
108678,13-06-2023,amazon,Southeast,,Kids' Apparel,In-store,88.88,60.0,5332.8
101535,26-10-2022,Adidas Online Store,South,Louisiana,Women's Street Footwear,Outlet,42.09,-2.0,84.18
104431,10/27/2023,Sports Direct,Northeast,Massachusetts,Kids' Apparel,In-store,36.59,30.0,1097.7
103594,13-08-2023,Amazon,Midwest,Ohio,Kids' Footwear,online,47.56,60.0,2853.6
108125,11/10/2023,Kohl's,West,Arizona,Kids' Footwear,In-store,71.8,37.0,2656.6
108797,2024-04-30,Kohl's,South,,Kids' Footwear,Outlet,55.17,25.0,1379.25
106607,2024-11-30,Amazon,West,Arizona,Outdoor Footwear,In-store,,42.0,2282.7
109658,13-10-2022,Adidas Online Store,Midwest,Michigan,Men's Athletic Footwear,In-store,70.12,11.0,771.32
102110,2024-08-11,J.D. Sports,SOUTH,,Women's Street Footwear,In-store,,2.0,50.82
108516,24/11/2023,Walmart,Southeast,Georgia,Men's Apparel,In-store,27.6,11.0,303.6
101302,18-12-2023,West Gear,Southeast,  Florida  ,Outdoor Footwear,Outlet,46.96,43.0,2019.28
104736,13 Nov 2022,Amazon,South,Louisiana,Men's Apparel,In-store,58.2,58.0,3375.6
101706,2024-06-03,Amazon,Midwest,Wisconsin,Kids' Apparel,Online,41.08,53.0,2177.24
106350,2023-05-26,AMAZON,West,Washington,Men's Street Footwear,Outlet,48.52,46.0,2231.92
108780,17 Sep 2024,AMAZON,South,Oklahoma,Women's Street Footwear,In-store,54.37,16.0,869.92
102000,09/16/2023,Adidas Online Store,Northeast,Massachusetts,Men's Street Footwear,Outlet,79.58,59.0,4695.22
105012,29-06-2023,Amazon,West,Arizona,Womens Apparel,Online,25.26,59.0,1490.34
107920,08-11-2024,Amazon,Northeast,New Jersey,Outdoor Footwear,Online,87.18,63.0,5492.34
102094,11/08/2024,Sports Direct,South,Oklahoma,Kids' Footwear,In-store,80.5,5.0,402.5
104424,10/03/2024,WALMART,West,Washington,Women's Street Footwear,In-store,45.17,56.0,2529.52
103965,03-07-2022,foot locker,Southeast,Florida,Men's Athletic Footwear,Online,51.98,20.0,1039.6
108411,2024-01-26,  Adidas Online Store ,Southeast,Georgia,Outdoor Footwear, Online,66.5,1.0,66.5
105110,07/27/2022,West Gear,Southeast,North Carolina,Outdoor Footwear,Online,29.92,29.0,867.68
100028,2022-11-06,Foot Locker,Northeast,Massachusetts,Men's Athletic Footwear,In-store,52.35,28.0,1465.8
105308,13/10/2022,Walmart,Northeast,New York,Accessories,Outlet,85.17,60.0,5110.2
100778,03 Dec 2023,J.D. Sports,West,Washington,Men's Athletic Footwear,Outlet,74.14,1.0,74.14
106017,04 Feb 2023,Walmart,Midwest,Illinois,Accessories,Online,56.7,47.0,2664.9
105111,23-01-2022,Amazon,Southeast,Virginia,Women's Street Footwear,Outlet,68.58,36.0,2468.88
103452,28-11-2023,Amazon,Midwest,Ohio,Kids' Footwear,,63.94,24.0,1534.56
105070,11-02-2024,Sports Direct,South,Oklahoma,Kids' Footwear,In-store,37.95,51.0,1935.45
101744,01/05/2023,Sports Direct,Midwest,Michigan,Accessories,Outlet,72.23,46.0,3322.58
108772,25 Jun 2024,Foot Locker,Northeast,New Jersey,Women's Athletic Footwear,In-store,49.92,15.0,748.8
100232,24 Apr 2023,Foot Locker,SOUTH,Texas,Kids' Footwear, Online,27.93,16.0,446.88
101769,2023-02-04,J.D. Sports,South,Oklahoma,Women's Athletic Footwear,Outlet,28.12,36.0,1012.32
106186,05/16/2024,Foot Locker,Northeast,New Jersey,Women's Apparel,Online,51.12,56.0,2862.72
102150,07/02/2023,Sports Direct,Midwest,,Women's Street Footwear,Online,47.79,26.0,1242.54
107791,11 Dec 2024,J.D. Sports,Midwest,Illinois,Men's Apparel,Online,30.43,28.0,852.04
107253,06/09/2023,Sports Direct,South,Oklahoma,Women's Apparel,In-store,25.99,53.0,1377.47
107819,06-12-2023,Adidas Online Store,Midwest,Michigan,Men's Athletic Footwear,Online,51.44,21.0,1080.24
100261,11 Mar 2022,Kohl's,Northeast,Massachusetts,Kids' Footwear,Outlet,29.35,68.0,1995.8
104088,2022-01-06,Amazon,Midwest,Ohio,Outdoor Footwear,In-store,61.56,1.0,61.56
106689,12-09-2023,J.D. Sports,West,Washington,Accessories,In-store,64.46,20.0,1289.2
100472,18/10/2022,Amazon,Southeast,North Carolina,Women's Street Footwear,Online,76.36,56.0,4276.16
105787,27 Jul 2022,Sports Direct,West,Oregon,Outdoor Footwear,Outlet,72.86,17.0,1238.62
108046,2024-02-06,Kohl's,West,California,Outdoor Footwear,In-store,54.76,9.0,492.84
107657,01-03-2022,West Gear,Southeast,Georgia,Men's Athletic Footwear,Online,75.02,21.0,1575.42
106718,28/02/2023,Foot Locker,Northeast,New Jersey,Kids' Apparel,Online,21.59,38.0,820.42
101233,24-05-2024,West Gear,Midwest,Michigan,Accessories,In-store,49.22,11.0,541.42
106813,05/06/2022,Foot Locker,South,Louisiana,Women's Apparel,online,36.2,42.0,1520.4
107527,2023-11-24,Walmart,Northeast,Pennsylvania,Women's Athletic Footwear,In-store,71.33,31.0,2211.23
106472,06-12-2022,West Gear,South,Tennessee,Kids' Apparel,Outlet,58.9,65.0,3828.5
102455,2022-10-13,Adidas Online Store,South,Oklahoma,Men's Street Footwear,Outlet,60.37,27.0,1629.99
109485,23/05/2022,J.D. Sports,Northeast,Pennsylvania,Men's Apparel,Online,76.1,39.0,2967.9
102668,2024-06-26,Sports Direct,West,Oregon,Women's Street Footwear,Online,44.21,10.0,442.1
